{"id":"3fd02ae0-2e34-489d-9408-c55f90328cbc","name":[{"lang":"en","value":" AdoQuest Cohort Study"}],"acronym":[{"lang":"en","value":"AdoQuest"}],"logo":{"id":"7bd41506-118b-4be6-ab6f-7bf1b6a9f68f","fileName":"Adoquest logo 2.png","type":"logo","description":[{"lang":"en"}],"lang":"en","justUploaded":true},"investigators":[{"lastName":"Jennifer O'Loughlin (CHUM Research Centre)","email":"jennifer.oloughlin@umontreal.ca ","phone":"(514) 890-8000 ext.15861","dataAccessCommitteeMember":false,"institution":{"name":[{"lang":"en","value":"CHUM Research Centre"}],"department":[{"lang":"en","value":"Department of Social and Preventive Medicine, University of Montreal"}],"address":{"street":[{"lang":"en","value":"3875 Saint-Urbain Street"}],"city":[{"lang":"en","value":"Montral"}],"zip":"H2W 1V1","state":"Quebec","country":{"iso":"CA","name":[{"lang":"en","value":"Canada"}]}}}},{"lastName":"Mathieu B\u00e9langer (McGill University)","dataAccessCommitteeMember":false,"institution":{"name":[{"lang":"en","value":"McGill University"}],"department":[{"lang":"en","value":"Department Epidemiology, Biostatistics and Occupational Health"}],"address":{"street":[{"lang":"en","value":"1020 Pine Avenue West"}],"city":[{"lang":"en","value":"Montreal"}],"zip":"H3A 1A2","state":"Quebec","country":{"iso":"CA","name":[{"lang":"en","value":"Canada"}]}}}},{"lastName":"Mich\u00e8le Tremblay (Institut national de sant\u00e9 publique du Qu\u00e9bec)","dataAccessCommitteeMember":false,"institution":{"name":[{"lang":"en","value":"Institut national de sant\u00e9 publique du Qu\u00e9bec"}],"address":{"street":[{"lang":"en","value":"190 Cr\u00e9mazie East"}],"city":[{"lang":"en","value":"Montreal"}],"zip":"H2P 1E2","state":"Quebec","country":{"iso":"CA","name":[{"lang":"en","value":"Canada"}]}}}},{"lastName":"Dr. Jennifer McGrath (Concordia University)","email":"jennifer.mcgrath@concordia.ca","phone":"(514) 848-2424 ext 5207","dataAccessCommitteeMember":false,"institution":{"name":[{"lang":"en","value":"Concordia University"}],"department":[{"lang":"en","value":"Department of Psychology"}],"address":{"street":[{"lang":"en","value":"Loyola campus, PY139-3 7141 Sherbrooke Street West"}],"city":[{"lang":"en","value":"Montreal"}],"zip":"H4B 2G4","state":"Quebec","country":{"iso":"CA","name":[{"lang":"en","value":"Canada"}]}}}},{"lastName":"Nancy Low (McGill University)","dataAccessCommitteeMember":false,"institution":{"name":[{"lang":"en","value":"McGill University"}],"department":[{"lang":"en","value":"Department of Psychiatry"}],"address":{"street":[{"lang":"en","value":"1033 Pine Avenue West"}],"city":[{"lang":"en","value":"Montreal"}],"zip":"H3A 1A1","state":"Quebec","country":{"iso":"CA","name":[{"lang":"en","value":"Canada"}]}}}},{"lastName":"Amadou Barry (Institut national de sant\u00e9 publique du Qu\u00e9bec)","dataAccessCommitteeMember":false,"institution":{"name":[{"lang":"en","value":"Institut national de sant\u00e9 publique du Qu\u00e9bec"}],"address":[]}}],"contacts":[{"lastName":"Erin O'Loughlin (CHUM Research Centre)","email":"erin.oloughlin@crchum.qc.ca","phone":"514-890-8000  ext.15853","dataAccessCommitteeMember":false,"institution":{"name":[{"lang":"en","value":"CHUM Research Centre"}],"address":{"street":[{"lang":"en","value":"3875 Saint-Urbain"}],"city":[{"lang":"en","value":"Montreal"}],"zip":"H2W 1V1","state":"Quebec","country":{"iso":"CA","name":[{"lang":"en","value":"Canada"}]}}}}],"objectives":[{"lang":"en","value":"\r\n\r\n\r\n\r\nGeneral objectives:\r\n1. To determine the extent of co-occurrence of modifiable lifestyle behaviors among youth along the life course. The behaviors of interest include cigarette use, cannabis use, heavy alcohol use, high junk food consumption, low healthy food consumption, physical inactivity, sedentary behaviour.\r\n2. To examine the natural course of co-occurrence of youths\u2019 modifiable lifestyle behaviors.\r\n3. To identify sub-groups of youth based on developmental trajectories of the co-occurrence of their modifiable lifestyle behaviors.\r\n4. To evaluate which contextual layers of the environment, including family, peers, school, neighborhood, and society, shape the evolution, maintenance, and escalation of youths\u2019 modifiable lifestyle behaviors, and when during the life course they exert their maximal influence. \r\n5. To examine possible determinants of the co-occurrence of youths\u2019 modifiable lifestyle behaviours, including sociodemographic factors, psychosocial factors, and pubertal stage. "}],"website":"http:\/\/www.adoquest.ca","specificAuthorization":{"authorized":false,"date":"1969-12-31T19:00:00-05:00"},"maelstromAuthorization":{"authorized":true,"authorizer":"Jennifer O'Loughlin","date":"2012-10-01T00:00:00-04:00"},"methods":{"designs":["cohort_study"],"recruitments":["individuals"],"info":[{"lang":"en","value":"<p><span>In addition we collected administrative data from 28 of the 29 study schools as well as parental data from 1435 out of the 1843 participants.<\/span><\/p>\r\n"}]},"numberOfParticipants":{"participant":{"noLimit":false,"number":1843},"sample":{"noLimit":false}},"startYear":2004,"access":["data"],"markerPaper":"O'Loughlin EK, Dugas EN, Sabiston CM, O'Loughlin JL. Prevalence and correlates of exergaming in youth. Pediatrics. 2012 Nov;130(5):806-14.","pubmedId":"23027171","attachments":[{"id":"b7f52ec6-8993-4393-b21e-41127d2255d3","fileName":"List%20of%20variables%20collected%20in%20AdoQuest.docx","type":"document","description":[{"lang":"en","value":"List of variables collected in Adoquest"}],"lang":"en","justUploaded":true}],"info":[{"lang":"en","value":"<p>The AdoQuest study welcomes students and researchers to apply to use the data for conference presentations and manuscript publication. Please contact Erin O'Loughlin erin.oloughlin@crchum.qc.ca for application details.<\/p>\r\n"}],"populations":[{"id":"cdd8e8d1-336d-45b1-951c-dd9fa1a89460","name":[{"lang":"en","value":" AdoQuest study population "}],"description":[{"lang":"en","value":"<p><span>The sample was drawn from among all French-language schools with more than 90 grade 5 students, located in the greater Montreal area. To assure equal representation of students by socioeconomic status (SES), all schools in the target territory were stratified by a continuous SES indicator&nbsp;<\/span><span>and 9-10 schools were randomly selected from within each of the upper (n=10), middle (n=10) and lower school (n=9) SES tertile. Participants were recruited from all grade 5 classes in each of the 29 participating schools.<\/span><\/p>\r\n"}],"recruitment":{"dataSources":["general"]},"selectionCriteria":{"ageMin":10,"ageMax":12,"countriesIso":["CAN"],"territory":[{"lang":"en","value":"<p><span>Qu\u00e9bec (Laval, Lanaudi\u00e8re, Laurentides, Mont\u00e9r\u00e9gie)<\/span><\/p>\r\n"}],"info":[{"lang":"en","value":"<p>Participants were recruited from French-speaking schools only.<\/p>\r\n"}]},"numberOfParticipants":{"participant":{"noLimit":false},"sample":{"noLimit":false}},"dataCollectionEvents":[{"id":"a0a1c548-7430-4ba1-add9-a548d9a85db1","name":[{"lang":"en","value":"Survey 1"}],"description":[{"lang":"en","value":"<p><span>Data were collected in self-report questionnaires in six survey cycles spanning seven years from 2005&nbsp;when students were in grade 5, to 2011 when students were in grade 11. Data were also collected from parents in self-report questionnaires.<\/span><\/p>\r\n"}],"startYear":2005,"endYear":2005,"dataSources":["questionnaires"],"attachments":[{"id":"f59d41f7-875f-4fff-b30d-ea9b8985befb","fileName":"Questionnaire Cycle 1.pdf","type":"questionnaire","description":[{"lang":"en","value":"Questionnaire Cycle 1"}],"lang":"en","justUploaded":true},{"id":"f61c9468-208c-42cf-8727-9ff822f7d628","fileName":"Questionnaire Cycle 1 additional questions.pdf","type":"questionnaire","description":[{"lang":"en","value":"Questionnaire Cycle 1 Additional Questions"}],"lang":"en","justUploaded":true},{"id":"20299fba-3dae-440f-99b0-8426aaea7e2a","fileName":"Questionnaire Parent 1.pdf","type":"questionnaire","description":[{"lang":"en","value":"Questionnaire Parent Cycle 1"}],"lang":"en","justUploaded":true}]},{"id":"3a794ad4-c3bb-4ff8-b15d-f9bad356df67","name":[{"lang":"en","value":"Survey 2"}],"description":[{"lang":"en","value":"<p><span>Data were collected in self-report questionnaires in six survey cycles spanning seven years from 2005&nbsp;when students were in grade 5, to 2011 when students were in grade 11. Data were also collected from parents in self-report questionnaires.<\/span><\/p>\r\n"}],"startYear":2006,"endYear":2006,"dataSources":["questionnaires"],"attachments":[{"id":"a5b7a809-173b-49d7-8aff-b1be1e4cee8e","fileName":"Questionnaire Cycle 2.pdf","type":"questionnaire","description":[{"lang":"en","value":"Questionnaire Cycle 2"}],"lang":"en","justUploaded":true}]},{"id":"ee2e3759-f4e9-4ca8-aa2b-d4c4ce4e6de9","name":[{"lang":"en","value":"Survey 3"}],"description":[{"lang":"en","value":"<p><span>Data were collected in self-report questionnaires in six survey cycles spanning seven years from 2005&nbsp;when students were in grade 5, to 2011 when students were in grade 11. Data were also collected from parents in self-report questionnaires.<\/span><\/p>\r\n"}],"startYear":2007,"endYear":2007,"dataSources":["questionnaires"],"attachments":[{"id":"894a1696-761f-4754-aa71-b1f97e1ce37d","fileName":"Questionnaire Cycle 3.pdf","type":"questionnaire","description":[{"lang":"en","value":"Questionnaire Cycle 3"}],"lang":"en","justUploaded":true},{"id":"10dfc1f4-57b6-4248-9073-bd17c87b579e","fileName":"Questionnaire Parent 1.pdf","type":"questionnaire","description":[{"lang":"en","value":"Questionnaire Parent 1"}],"lang":"en","justUploaded":true}]},{"id":"eda9b340-83b3-44e8-8e94-a336cc0634a9","name":[{"lang":"en","value":"Survey 4"}],"description":[{"lang":"en","value":"<p><span>Data were collected in self-report questionnaires in six survey cycles spanning seven years from 2005&nbsp;when students were in grade 5, to 2011 when students were in grade 11. Data were also collected from parents in self-report questionnaires.<\/span><\/p>\r\n"}],"startYear":2008,"endYear":2008,"dataSources":["questionnaires"],"attachments":[{"id":"b68e6b3d-6f43-4c10-9e8d-3740ca40be9b","fileName":"Questionnaire Cycle 4.pdf","type":"questionnaire","description":[{"lang":"en","value":"Questionnaire Cycle 4"}],"lang":"en","justUploaded":true},{"id":"918b52a2-06fa-4b70-8c70-aa769605038f","fileName":"Questionnaire Parent 1.pdf","type":"questionnaire","description":[{"lang":"en","value":"Questionnaire Parent 1"}],"lang":"en","justUploaded":true}]},{"id":"5712df23-c9bb-4363-88c8-88d8901d407a","name":[{"lang":"en","value":"Survey 5"}],"description":[{"lang":"en","value":"<p><span>Data were collected in self-report questionnaires in six survey cycles spanning seven years from 2005&nbsp;when students were in grade 5, to 2011 when students were in grade 11. Data were also collected from parents in self-report questionnaires.<\/span><\/p>\r\n"}],"startYear":2009,"endYear":2009,"dataSources":["questionnaires"],"attachments":[{"id":"66e8b7d4-977a-4935-9290-21f381fb01a0","fileName":"Questionnaire Cycle 5.pdf","type":"questionnaire","description":[{"lang":"en","value":"Questionnaire Cycle 5"}],"lang":"en","justUploaded":true},{"id":"785d61d2-5ab8-4838-aa65-3a08498c36e3","fileName":"Questionnaire Parent 2.pdf","type":"questionnaire","description":[{"lang":"en","value":"Questionnaire Parent 2"}],"lang":"en","justUploaded":true}]},{"id":"9e8a30bf-aa96-4258-82ca-2552193cf91c","name":[{"lang":"en","value":"Survey 6"}],"description":[{"lang":"en","value":"<p><span>Data were collected in self-report questionnaires in six survey cycles spanning seven years from 2005&nbsp;when students were in grade 5, to 2011 when students were in grade 11. Data were also collected from parents in self-report questionnaires.<\/span><\/p>\r\n"}],"startYear":2010,"endYear":2010,"dataSources":["questionnaires"],"attachments":[{"id":"4a98d54e-5acd-42a5-a534-2a14b22b5cb1","fileName":"Questionnaire Cycle 6.pdf","type":"questionnaire","description":[{"lang":"en","value":"Questionnaire Cycle 6"}],"lang":"en","justUploaded":true}]}]}]}