{"id":"4352b78f-9099-4c22-9f84-6d78ca31b61e","name":[{"lang":"en","value":"Oregon Brain Aging Study (OBAS)"}],"acronym":[{"lang":"en","value":"OBAS"}],"investigators":[{"lastName":"Jeffrey Kaye, MD. (Oregon Health & Science University)","email":"kaye@ohsu.edu","phone":"(503) 577-1321","dataAccessCommitteeMember":false,"institution":{"name":[{"lang":"en","value":"Oregon Health & Science University"}],"department":[{"lang":"en","value":"Oregon Center for Aging & Technology"}],"address":{"street":[{"lang":"en","value":"3181 SW Sam Jackson Park Rd"}],"city":[{"lang":"en","value":"Portland"}],"zip":"97239 OR","state":"Oregon","country":{"iso":"US","name":[{"lang":"en","value":"United States"}]}}}}],"contacts":[{"lastName":"Robin Guariglia (Oregon Health & Science University)","email":"guarigli@ohsu.edu","phone":"(503) 494-6977","dataAccessCommitteeMember":false,"institution":{"name":[{"lang":"en","value":"Oregon Health & Science University"}],"department":[{"lang":"en","value":"Layton Aging & Alzheimer's Research Center"}],"address":{"street":[{"lang":"en","value":"3181 SW Sam Jackson Park Rd"}],"city":[{"lang":"en","value":"Portland"}],"zip":"OR  97239","country":{"iso":"US","name":[{"lang":"en","value":"United States"}]}}}}],"objectives":[{"lang":"en","value":"<p>The Oregon Brain Aging Study aims to:<\/p>\r\n\r\n<ol>\r\n\t<li>Determine if there are individuals especially resistant to brain aging as evidenced by a long cognitive heath span (CHS)<\/li>\r\n\t<li>Identify circumscribed quantitative aging phenotypes that best predict CHS<\/li>\r\n\t<li>Establish which neuropathologic signs of brain aging best explain changes in the quantitative phenotypes associated with CHS.<\/li>\r\n<\/ol>\r\n"}],"website":"http:\/\/www.ohsu.edu\/xd\/research\/centers-institutes\/neurology\/alzheimers\/research\/research-studies\/oregon-brain-aging-study.cfm","specificAuthorization":{"authorized":false,"date":"1969-12-31T19:00:00-05:00"},"maelstromAuthorization":{"authorized":true,"authorizer":"Jeffrey A. Kaye","date":"2013-07-15T00:00:00-04:00"},"methods":{"designs":["cohort_study"],"followUpInfo":[{"lang":"en","value":"<p>Full protocol administered in person annually. Shorter protocol administered at 6 months intervals between annual exams (administered in person until 2006, then changed to telephone follow-up)<\/p>\r\n"}],"recruitments":["individuals"],"info":[{"lang":"en","value":"<p>The Oregon Brain Aging Study (OBAS) was initiated in 1989 at the NIA\/Layton Oregon Aging and Alzheimer\u2019s Disease Center consisting of community-dwelling, functionally independent adults aged 55 years and older.&nbsp; Between 1989 and 2005, 376 subjects were evaluated, and 305 subjects met inclusion criteria and were enrolled. 293 of the 305 subjects were 65 years of age or older. Initial entry criteria required subjects to be free of most co-morbid illnesses. In order to include subjects who were more representative of the general population, entry criteria was modified in 2004 to include subjects with well-controlled, chronic medical conditions common with advanced age, such as hypertension and coronary artery disease.&nbsp;Attrition rates caused by loss to follow-up other than death were less than 1% per year.<\/p>\r\n"}]},"numberOfParticipants":{"participant":{"noLimit":false,"number":305},"sample":{"noLimit":false,"number":297}},"startYear":1989,"access":["data","biosamples","other"],"otherAccess":[{"lang":"en","value":"<p>MRI volumetrics, Neuropathologic findings, APOE.<\/p>\r\n"}],"markerPaper":"Howieson DB, Holm LA, Kaye JA, Oken BS, Howieson J. Neurologic function in the optimally healthy oldest old. Neuropsychological evaluation. Neurology 1993;43:1882-1886","pubmedId":"8413942","info":[{"lang":"en","value":"<p>Kaye JA, Oken BS, Howieson DB, Howieson J, Holm LA, Dennison K. Neurologic evaluation of the optimally healthy oldest old. Archives of Neurology 1994;51:1205-1211. <b>PMID: 7986175.<\/b><\/p>\r\n\r\n<p>Silbert LC, Dodge HH, Perkins LG, Sherbakov L, Lahna D, Erten-Lyons D, Woltjer R, Shinto L, Kaye JA. Trajectory of white matter hyperintensity burden preceding mild cognitive impairment. Neurology 79:741-747, 2012.<b>PMC3421153.<\/b><\/p>\r\n\r\n<p>Dodge HH, Zitzelberger T, Oken BS, Howieson D, Kaye J. A randomized placebo-controlled trial of ginkgo biloba for the prevention of cognitive decline. Neurology 70:1809-1817, 2008.&nbsp; <b>PMC2639649.<\/b><\/p>\r\n"}],"populations":[{"id":"e44ffd36-4c4f-46b9-87fc-746ad7280500","name":[{"lang":"en","value":"Oregon Brain Aging Study I"}],"description":[{"lang":"en","value":"<p>OBAS I<\/p>\r\n"}],"recruitment":{"dataSources":["general"],"generalPopulationSources":["volunteer"]},"selectionCriteria":{"ageMin":55,"countriesIso":["USA"],"territory":[{"lang":"en","value":"<p>Portland, OR metro area.<\/p>\r\n"}],"ethnicOrigin":[{"localizedStrings":[{"lang":"en","value":"The participants are primarily Caucasian. One participant is Asian and another one is Native American."}]}],"healthStatus":[{"localizedStrings":[{"lang":"en","value":"Free of most co-morbid illnesses"}]}],"otherCriteria":[{"lang":"en","value":"<div><i>Inclusion Criteria:<\/i><\/div>\r\n\r\n<ul>\r\n\t<li>Principal language, English<\/li>\r\n\t<li>Functionally independent<\/li>\r\n\t<li>Has not sought evaluation for cognitive impairment<\/li>\r\n\t<li>Willing and able to return for follow-up<\/li>\r\n\t<li>Does not refuse to undergo post mortem examination<\/li>\r\n\t<li>Score of &lt; =12 on Instrumental Activities of Daily Living Scale (OARS)<\/li>\r\n\t<li>Score of &gt; =24 on Mini Mental State Exam<\/li>\r\n\t<li>Score of &lt;=10 on Cornell Depression Scale<\/li>\r\n\t<li>Score of &lt;= 11 on Geriatric Depression Scale<\/li>\r\n\t<li>Score of 0 on Clinical Dementia Rating Scale<\/li>\r\n\t<li>Gives informed consent<\/li>\r\n\t<li>No exclusion criteria listed in below.<\/li>\r\n<\/ul>\r\n\r\n<div><i>Exclusion criteria:<\/i><\/div>\r\n\r\n<div>Medical Conditions<\/div>\r\n\r\n<ul>\r\n\t<li>Diabetes mellitus<\/li>\r\n\t<li>Hypertension (supine BP &gt; 160\/95)<\/li>\r\n\t<li>Angina pectoris or myocardial infarction<\/li>\r\n\t<li>Cardiac arrhythmia<\/li>\r\n\t<li>Coronary bypass\/carotid endarterectomy<\/li>\r\n\t<li>Stroke or TIA<\/li>\r\n\t<li>Parkinson disease<\/li>\r\n\t<li>Chronic pulmonary disease<\/li>\r\n\t<li>Chronic renal disease<\/li>\r\n\t<li>Chronic immunosuppression<\/li>\r\n\t<li>Vitamin deficiencies<\/li>\r\n\t<li>Seizure disorder<\/li>\r\n\t<li>Active cancer (&lt; 5 years without recurrence)<\/li>\r\n\t<li>Hypothyroidism)<\/li>\r\n<\/ul>\r\n\r\n<div>Psychiatric Disorders<\/div>\r\n\r\n<ul>\r\n\t<li>Chronic schizophrenia<\/li>\r\n\t<li>Major affective disorders<\/li>\r\n\t<li>Chronic anxiety or phobias<\/li>\r\n<\/ul>\r\n\r\n<div>Vision and Hearing<\/div>\r\n\r\n<ul>\r\n\t<li>Vision uncorrectable to 20\/100 O.U.(near card)<\/li>\r\n\t<li>Hearing loss (interferes with speech perception)<\/li>\r\n<\/ul>\r\n\r\n<div>Other Conditions<\/div>\r\n\r\n<ul>\r\n\t<li>Alcohol abuse \/ drug abuse<\/li>\r\n\t<li>Significant head injury (&gt;30 min unconscious)<\/li>\r\n\t<li>Unexplained prolonged loss of consciousness<\/li>\r\n\t<li>Use of medicines impairing cognitive function<\/li>\r\n\t<li>Internal metal such as pacemakers, will be excluded from MR imaging<\/li>\r\n<\/ul>\r\n"}]},"numberOfParticipants":{"participant":{"noLimit":false,"number":216},"sample":{"noLimit":false,"number":209}},"dataCollectionEvents":[{"id":"f7eeace3-c7c7-4b45-9e9b-2258b774f230","name":[{"lang":"en","value":"Evaluation OBAS I"}],"description":[{"lang":"en","value":"<p><span>Rolling enrollment beginning March1989. Only 5 enrolled since 2003.&nbsp;Follow up is ongoing for those still alive and active in the study. Full protocol administered in person annually. Shorter subset of the main protocol administered at 6 months intervals between annual exams (administered in person until 2006, then changed telephone follow-up).<\/span><\/p>\r\n"}],"startYear":1989,"startMonth":3,"endYear":2013,"endMonth":12,"dataSources":["questionnaires","physical_measures","biological_samples","others"],"otherDataSources":[{"lang":"en","value":"Participant medical files, MRI volumetrics, neuropathologic findings, APOE"}],"bioSamples":["tissues","others"],"tissueTypes":[{"lang":"en","value":"Brain tissue"}],"otherBioSamples":[{"lang":"en","value":"<p>Serum for biomarkers<\/p>\r\n"}]}]},{"id":"c1039b18-5a76-4feb-8d9a-f391b93d6f63","name":[{"lang":"en","value":"Oregon Brain Aging Study II"}],"description":[{"lang":"en","value":"<p>OBAS II<\/p>\r\n"}],"recruitment":{"dataSources":["exist_studies"],"studies":[{"localizedStrings":[{"lang":"en","value":"Dementia Prevention Study"}]}],"info":[{"lang":"en","value":"<p>Those still alive, willing to participate and not demented, transitioned from an earlier study into OBAS II when that study ended (Dementia Prevention Study \u2013 DPS; Dodge HH, Zitzelberger T, Oken BS, Howieson D, Kaye J. A randomized placebo-controlled trial of ginkgo biloba for the prevention of cognitive decline. Neurology 70:1809-1817, 2008. PMC2639649).<\/p>\r\n\r\n<p>The original DPS participants were recruited primarily through mass mailings to age-eligible individuals in the greater Portland area. Mailing lists were obtained from the Oregon Department of Motor Vehicles and Oregon Voter Registration Office. The combined lists included over 30,000 records. From August 2000 to September 2001, informational letters were sent randomly to 10,700 individuals. Individuals were asked to return a contact sheet with a phone number in a self-addressed, stamped envelope. Eight participants were recruited using existing volunteer resources at the Layton Aging and AD Research Center at OHSU. In addition to the DPS study data collection, the Layton Center data collection protocol was also followed.<\/p>\r\n"}]},"selectionCriteria":{"ageMin":85,"countriesIso":["USA"],"territory":[{"lang":"en","value":"<p>Portland, OR metro area.<\/p>\r\n"}],"ethnicOrigin":[{"localizedStrings":[{"lang":"en","value":"The participants are primarily Caucasian. Two participants are Asian and one participant is Native American."}]}],"healthStatus":[{"localizedStrings":[{"lang":"en","value":"Well-controlled, chronic medical conditions common with advanced age, such as hypertension and coronary artery disease are acceptable."}]}],"otherCriteria":[{"lang":"en","value":"<div><i>Inclusion Criteria: <\/i><\/div>\r\n\r\n<ul>\r\n\t<li>Age &gt; 84 years<\/li>\r\n\t<li>No subjective complaint of memory impairment compared to others of their own age<\/li>\r\n\t<li>Has not sought assessment for memory or cognitive dysfunction<\/li>\r\n\t<li>Normal memory function defined by an education-adjusted score on the Logical Memory Subscale of the Wechsler Memory Scale-Revised: &gt;8 for 16 or more years of education; &gt; or = 4 for 8-15 years of education; &gt;2 for 0 -7 years of education<\/li>\r\n\t<li>Mini-Mental State Examination score &gt;23<\/li>\r\n\t<li>Blessed Orientation Memory Concentration Test (Telephone Screen) &lt;12<\/li>\r\n\t<li>Functionally independent (ADL= 0)<\/li>\r\n\t<li>Clinical Dementia Rating = 0<\/li>\r\n\t<li>Absence of significant depressive symptoms: CES-D-10 score &lt; 4<\/li>\r\n\t<li>Sufficient vision and hearing to complete all testing<\/li>\r\n\t<li>Sufficient English language skills to complete all testing<\/li>\r\n\t<li>General health status that will not interfere with ability to complete longitudinal study (conditions that will likely lead to this problem are listed below in the study exclusions list)<\/li>\r\n\t<li>Informant available with frequent (at least 1 hour per day 3 days a week) contact with subject to verify functional status.<\/li>\r\n<\/ul>\r\n\r\n<div><i>Exclusion criteria:<\/i><\/div>\r\n\r\n<ul>\r\n\t<li>Diseases associated with dementia such as Alzheimer disease, ischemic vascular dementia, normal pressure hydrocephalus, or Parkinson disease<\/li>\r\n\t<li>Significant disease of the CNS such as brain tumor, seizure disorder, subdural hematoma, cranial arteritis<\/li>\r\n\t<li>Current (within the last 2 years) alcohol or substance abuse according to DSM-IV criteria<\/li>\r\n\t<li>Major depression, schizophrenia, or other major psychiatric disorder defined by DSM-IV criteria<\/li>\r\n\t<li>Abnormal laboratory values indicating B12 deficiency, thyroid disease, or urinary tract infection (documented chronic bacterial colonization is acceptable)<\/li>\r\n\t<li>Unstable or significantly symptomatic cardiovascular disease such as coronary artery disease with frequent angina, or congestive heart failure with shortness of breath at rest<\/li>\r\n\t<li>Insulin dependent diabetes mellitus<\/li>\r\n\t<li>Active systemic cancer within 5 years of study entry (Gleason Grade &lt;3 prostate cancer, and non-metastatic skin cancers are acceptable)<\/li>\r\n\t<li>Illness that requires &gt;1 visit per month to a clinician<\/li>\r\n\t<li>Progressive vision loss (age-related macular degeneration already beginning to significantly degrade vision)<\/li>\r\n\t<li>Need for oxygen supplementation for adequate function<\/li>\r\n\t<li>Medications:&nbsp;Frequent use of high doses of analgesics; Sedative medications except for those used occasionally for sleep (use limited to no more than twice per week);<\/li>\r\n\t<li>Subjects taking CNS-active medications that have not been on stable doses for at least 2 months including cimetidine, beta-blockers, and selective serotonin reuptake&nbsp;inhibitors; Subjects taking neuroleptics, antiparkinsonian agents, systemic corticosteroids, and narcotic analgesics; in the case where these were used for a self-limited time they must have been discontinued for a period of five half-lives prior to baseline; Subjects will not be excluded if they are taking other over-the&nbsp;counter&nbsp;supplements, but the dose must not be changed during the course of the trial unless medically indicated; the presence and dose of these agents will be recorded; Subjects taking cholinesterase inhibitors; Use of investigational drugs within five half-lives prior to baseline.<\/li>\r\n<\/ul>\r\n"}]},"numberOfParticipants":{"participant":{"noLimit":false,"number":89},"sample":{"noLimit":false,"number":88}},"dataCollectionEvents":[{"id":"9918828d-6937-47a3-bc6f-54de002701ec","name":[{"lang":"en","value":"Evaluation OBAS II"}],"description":[{"lang":"en","value":"<p><span>Rolling enrollment into <\/span><span>Dementia Prevention Study<\/span><span>&nbsp;beginning May 2000 through August 2001, except for 8 participants first seen from 1995 to 1999 who came from existing Layton Center volunteer resources. For those who transitioned into OBAS_II and are still alive and active in the study, follow up is ongoing. Full protocol administered in person annually. Shorter subset of the main protocol administered at 6 months intervals between annual exams (administered in person until 2006, then changed to telephone follow-up).<\/span><\/p>\r\n"}],"startYear":2000,"startMonth":5,"endYear":2013,"endMonth":12,"dataSources":["questionnaires","physical_measures","biological_samples","others"],"otherDataSources":[{"lang":"en","value":"Participant medical files, MRI volumetrics, neuropathologic findings, APOE"}],"bioSamples":["tissues","others"],"tissueTypes":[{"lang":"en","value":"Brain tissue from those who came to autopsy"}],"otherBioSamples":[{"lang":"en","value":"<p><span>Serum for biomarkers, DNA<\/span><\/p>\r\n"}]}]}]}