<variables>
  <variable name="AGE60" valueType="integer" entityType="Participant" unit="years" mimeType="" referencedEntityType="" index="0">
    <attributes>
      <attribute name="Target" namespace="Mlstr_target" valueType="text">Participant</attribute>
      <attribute name="Sociodemographic_economic_characteristics" namespace="Mlstr_area" valueType="text">Age</attribute>
      <attribute name="Source" namespace="Mlstr_source" valueType="text">Questionnaire</attribute>
      <attribute name="label" valueType="text" locale="en">AGE</attribute>
    </attributes>
  </variable>
  <variable name="Y304" valueType="integer" entityType="Participant" unit="" mimeType="" referencedEntityType="" index="0">
    <attributes>
      <attribute name="Target" namespace="Mlstr_target" valueType="text">Participant</attribute>
      <attribute name="Medication_supplements" namespace="Mlstr_area" valueType="text">Medication_suppl</attribute>
      <attribute name="Source" namespace="Mlstr_source" valueType="text">Questionnaire</attribute>
      <attribute name="label" valueType="text" locale="en">BETA BLOCKER (non selective)</attribute>
    </attributes>
    <categories>
      <category name="0">
        <attributes>
          <attribute name="label" valueType="text" locale="en">No</attribute>
        </attributes>
      </category>
      <category name="1">
        <attributes>
          <attribute name="label" valueType="text" locale="en">Yes</attribute>
        </attributes>
      </category>
    </categories>
  </variable>
  <variable name="Y305" valueType="integer" entityType="Participant" unit="" mimeType="" referencedEntityType="" index="0">
    <attributes>
      <attribute name="Target" namespace="Mlstr_target" valueType="text">Participant</attribute>
      <attribute name="Medication_supplements" namespace="Mlstr_area" valueType="text">Medication_suppl</attribute>
      <attribute name="Source" namespace="Mlstr_source" valueType="text">Questionnaire</attribute>
      <attribute name="label" valueType="text" locale="en">BETA BLOCKER (selective)</attribute>
    </attributes>
    <categories>
      <category name="0">
        <attributes>
          <attribute name="label" valueType="text" locale="en">No</attribute>
        </attributes>
      </category>
      <category name="1">
        <attributes>
          <attribute name="label" valueType="text" locale="en">Yes</attribute>
        </attributes>
      </category>
    </categories>
  </variable>
  <variable name="Y290" valueType="integer" entityType="Participant" unit="kg/m2" mimeType="" referencedEntityType="" index="0">
    <attributes>
      <attribute name="Physical_measures" namespace="Mlstr_area" valueType="text">Anthropo_measures</attribute>
      <attribute name="Target" namespace="Mlstr_target" valueType="text">Participant</attribute>
      <attribute name="Source" namespace="Mlstr_source" valueType="text">Physical measure</attribute>
      <attribute name="label" valueType="text" locale="en">BMI</attribute>
    </attributes>
  </variable>
  <variable name="Y014" valueType="integer" entityType="Participant" unit="mmHg" mimeType="" referencedEntityType="" index="0">
    <attributes>
      <attribute name="Physical_measures" namespace="Mlstr_area" valueType="text">Circulation_respiration</attribute>
      <attribute name="Target" namespace="Mlstr_target" valueType="text">Participant</attribute>
      <attribute name="Source" namespace="Mlstr_source" valueType="text">Physical measure</attribute>
      <attribute name="label" valueType="text" locale="en">DBP SUPINE</attribute>
    </attributes>
  </variable>
  <variable name="Y973" valueType="integer" entityType="Participant" unit="" mimeType="" referencedEntityType="" index="0">
    <attributes>
      <attribute name="Laboratory_measures" namespace="Mlstr_area" valueType="text">Biochemistry</attribute>
      <attribute name="Target" namespace="Mlstr_target" valueType="text">Participant</attribute>
      <attribute name="Source" namespace="Mlstr_source" valueType="text">Biosample</attribute>
      <attribute name="label" valueType="text" locale="en">DIABETES DEBUT DATE</attribute>
    </attributes>
  </variable>
  <variable name="Y378" valueType="integer" entityType="Participant" unit="" mimeType="" referencedEntityType="" index="0">
    <attributes>
      <attribute name="Laboratory_measures" namespace="Mlstr_area" valueType="text">Biochemistry</attribute>
      <attribute name="Target" namespace="Mlstr_target" valueType="text">Participant</attribute>
      <attribute name="Source" namespace="Mlstr_source" valueType="text">Biosample</attribute>
      <attribute name="label" valueType="text" locale="en">DIABETES PREVALENCE</attribute>
    </attributes>
    <categories>
      <category name="0">
        <attributes>
          <attribute name="label" valueType="text" locale="en">No</attribute>
        </attributes>
      </category>
      <category name="1">
        <attributes>
          <attribute name="label" valueType="text" locale="en">Yes</attribute>
        </attributes>
      </category>
    </categories>
  </variable>
  <variable name="DAT60" valueType="date" entityType="Participant" unit="" mimeType="" referencedEntityType="" index="0">
    <attributes>
      <attribute name="Target" namespace="Mlstr_target" valueType="text">Participant</attribute>
      <attribute name="Source" namespace="Mlstr_source" valueType="text">Questionnaire</attribute>
      <attribute name="label" valueType="text" locale="en">EXAMINATION DATE</attribute>
      <attribute name="Administrative_information" namespace="Mlstr_area" valueType="text">Date_time_related_info</attribute>
    </attributes>
  </variable>
  <variable name="Y027" valueType="integer" entityType="Participant" unit="mmol/l" mimeType="" referencedEntityType="" index="0">
    <attributes>
      <attribute name="Laboratory_measures" namespace="Mlstr_area" valueType="text">Biochemistry</attribute>
      <attribute name="Target" namespace="Mlstr_target" valueType="text">Participant</attribute>
      <attribute name="Source" namespace="Mlstr_source" valueType="text">Biosample</attribute>
      <attribute name="label" valueType="text" locale="en">FASTING B-GLUCOSE</attribute>
    </attributes>
  </variable>
  <variable name="Y298" valueType="integer" entityType="Participant" unit="%" mimeType="" referencedEntityType="" index="0">
    <attributes>
      <attribute name="Laboratory_measures" namespace="Mlstr_area" valueType="text">Biochemistry</attribute>
      <attribute name="Target" namespace="Mlstr_target" valueType="text">Participant</attribute>
      <attribute name="Source" namespace="Mlstr_source" valueType="text">Biosample</attribute>
      <attribute name="label" valueType="text" locale="en">HBA1C</attribute>
    </attributes>
  </variable>
  <variable name="Y302" valueType="integer" entityType="Participant" unit="mmol/l" mimeType="" referencedEntityType="" index="0">
    <attributes>
      <attribute name="Laboratory_measures" namespace="Mlstr_area" valueType="text">Biochemistry</attribute>
      <attribute name="Target" namespace="Mlstr_target" valueType="text">Participant</attribute>
      <attribute name="Source" namespace="Mlstr_source" valueType="text">Biosample</attribute>
      <attribute name="label" valueType="text" locale="en">HDL CHOL</attribute>
    </attributes>
  </variable>
  <variable name="Y301" valueType="integer" entityType="Participant" unit="mmol/l" mimeType="" referencedEntityType="" index="0">
    <attributes>
      <attribute name="Laboratory_measures" namespace="Mlstr_area" valueType="text">Biochemistry</attribute>
      <attribute name="Target" namespace="Mlstr_target" valueType="text">Participant</attribute>
      <attribute name="Source" namespace="Mlstr_source" valueType="text">Biosample</attribute>
      <attribute name="label" valueType="text" locale="en">HDL Tg</attribute>
    </attributes>
  </variable>
  <variable name="Y010" valueType="integer" entityType="Participant" unit="cm" mimeType="" referencedEntityType="" index="0">
    <attributes>
      <attribute name="Physical_measures" namespace="Mlstr_area" valueType="text">Anthropo_measures</attribute>
      <attribute name="Target" namespace="Mlstr_target" valueType="text">Participant</attribute>
      <attribute name="Source" namespace="Mlstr_source" valueType="text">Physical measure</attribute>
      <attribute name="label" valueType="text" locale="en">HEIGHT</attribute>
    </attributes>
  </variable>
  <variable name="Y306" valueType="integer" entityType="Participant" unit="" mimeType="" referencedEntityType="" index="0">
    <attributes>
      <attribute name="Target" namespace="Mlstr_target" valueType="text">Participant</attribute>
      <attribute name="Medication_supplements" namespace="Mlstr_area" valueType="text">Medication_suppl</attribute>
      <attribute name="Source" namespace="Mlstr_source" valueType="text">Questionnaire</attribute>
      <attribute name="label" valueType="text" locale="en">HYDROCHLORIDE</attribute>
    </attributes>
    <categories>
      <category name="0">
        <attributes>
          <attribute name="label" valueType="text" locale="en">No</attribute>
        </attributes>
      </category>
      <category name="1">
        <attributes>
          <attribute name="label" valueType="text" locale="en">Yes</attribute>
        </attributes>
      </category>
    </categories>
  </variable>
  <variable name="Y103" valueType="integer" entityType="Participant" unit="" mimeType="" referencedEntityType="" index="0">
    <attributes>
      <attribute name="Laboratory_measures" namespace="Mlstr_area" valueType="text">Biochemistry</attribute>
      <attribute name="Target" namespace="Mlstr_target" valueType="text">Participant</attribute>
      <attribute name="Source" namespace="Mlstr_source" valueType="text">Biosample</attribute>
      <attribute name="label" valueType="text" locale="en">HYPERLIPIDAEMIA PREVALENCE</attribute>
    </attributes>
    <categories>
      <category name="0">
        <attributes>
          <attribute name="label" valueType="text" locale="en">No</attribute>
        </attributes>
      </category>
      <category name="1">
        <attributes>
          <attribute name="label" valueType="text" locale="en">Yes</attribute>
        </attributes>
      </category>
    </categories>
  </variable>
  <variable name="Y102" valueType="integer" entityType="Participant" unit="" mimeType="" referencedEntityType="" index="0">
    <attributes>
      <attribute name="Physical_measures" namespace="Mlstr_area" valueType="text">Circulation_respiration</attribute>
      <attribute name="Target" namespace="Mlstr_target" valueType="text">Participant</attribute>
      <attribute name="Source" namespace="Mlstr_source" valueType="text">Physical measure</attribute>
      <attribute name="label" valueType="text" locale="en">HYPERTENSION PREVALENCE</attribute>
    </attributes>
    <categories>
      <category name="0">
        <attributes>
          <attribute name="label" valueType="text" locale="en">No</attribute>
        </attributes>
      </category>
      <category name="1">
        <attributes>
          <attribute name="label" valueType="text" locale="en">Yes</attribute>
        </attributes>
      </category>
    </categories>
  </variable>
  <variable name="Y101" valueType="integer" entityType="Participant" unit="" mimeType="" referencedEntityType="" index="0">
    <attributes>
      <attribute name="Target" namespace="Mlstr_target" valueType="text">Participant</attribute>
      <attribute name="Medication_supplements" namespace="Mlstr_area" valueType="text">Medication_suppl</attribute>
      <attribute name="Source" namespace="Mlstr_source" valueType="text">Questionnaire</attribute>
      <attribute name="label" valueType="text" locale="en">HYPERTENSION TREATMENT</attribute>
      <attribute name="Diseases" namespace="Mlstr_area" valueType="text">Circulatory_sys_dis</attribute>
    </attributes>
    <categories>
      <category name="0">
        <attributes>
          <attribute name="label" valueType="text" locale="en">No</attribute>
        </attributes>
      </category>
      <category name="1">
        <attributes>
          <attribute name="label" valueType="text" locale="en">Yes</attribute>
        </attributes>
      </category>
    </categories>
  </variable>
  <variable name="Y293" valueType="integer" entityType="Participant" unit="" mimeType="" referencedEntityType="" index="0">
    <attributes>
      <attribute name="Laboratory_measures" namespace="Mlstr_area" valueType="text">Biochemistry</attribute>
      <attribute name="Target" namespace="Mlstr_target" valueType="text">Participant</attribute>
      <attribute name="Source" namespace="Mlstr_source" valueType="text">Biosample</attribute>
      <attribute name="label" valueType="text" locale="en">INSULIN INDEX</attribute>
    </attributes>
  </variable>
  <variable name="Y292" valueType="integer" entityType="Participant" unit="mU/l" mimeType="" referencedEntityType="" index="0">
    <attributes>
      <attribute name="Laboratory_measures" namespace="Mlstr_area" valueType="text">Biochemistry</attribute>
      <attribute name="Target" namespace="Mlstr_target" valueType="text">Participant</attribute>
      <attribute name="Source" namespace="Mlstr_source" valueType="text">Biosample</attribute>
      <attribute name="label" valueType="text" locale="en">INSULIN PEAK</attribute>
    </attributes>
  </variable>
  <variable name="Y041" valueType="integer" entityType="Participant" unit="mmol/l" mimeType="" referencedEntityType="" index="0">
    <attributes>
      <attribute name="Laboratory_measures" namespace="Mlstr_area" valueType="text">Biochemistry</attribute>
      <attribute name="Target" namespace="Mlstr_target" valueType="text">Participant</attribute>
      <attribute name="Source" namespace="Mlstr_source" valueType="text">Biosample</attribute>
      <attribute name="label" valueType="text" locale="en">IVGTT B-GLUC 0 MIN</attribute>
    </attributes>
  </variable>
  <variable name="Y043" valueType="integer" entityType="Participant" unit="mmol/l" mimeType="" referencedEntityType="" index="0">
    <attributes>
      <attribute name="Laboratory_measures" namespace="Mlstr_area" valueType="text">Biochemistry</attribute>
      <attribute name="Target" namespace="Mlstr_target" valueType="text">Participant</attribute>
      <attribute name="Source" namespace="Mlstr_source" valueType="text">Biosample</attribute>
      <attribute name="label" valueType="text" locale="en">IVGTT B-GLUC 20 MIN</attribute>
    </attributes>
  </variable>
  <variable name="Y044" valueType="integer" entityType="Participant" unit="mmol/l" mimeType="" referencedEntityType="" index="0">
    <attributes>
      <attribute name="Laboratory_measures" namespace="Mlstr_area" valueType="text">Biochemistry</attribute>
      <attribute name="Target" namespace="Mlstr_target" valueType="text">Participant</attribute>
      <attribute name="Source" namespace="Mlstr_source" valueType="text">Biosample</attribute>
      <attribute name="label" valueType="text" locale="en">IVGTT B-GLUC 30 MIN</attribute>
    </attributes>
  </variable>
  <variable name="Y045" valueType="integer" entityType="Participant" unit="mmol/l" mimeType="" referencedEntityType="" index="0">
    <attributes>
      <attribute name="Laboratory_measures" namespace="Mlstr_area" valueType="text">Biochemistry</attribute>
      <attribute name="Target" namespace="Mlstr_target" valueType="text">Participant</attribute>
      <attribute name="Source" namespace="Mlstr_source" valueType="text">Biosample</attribute>
      <attribute name="label" valueType="text" locale="en">IVGTT B-GLUC 40 MIN</attribute>
    </attributes>
  </variable>
  <variable name="Y046" valueType="integer" entityType="Participant" unit="mmol/l" mimeType="" referencedEntityType="" index="0">
    <attributes>
      <attribute name="Laboratory_measures" namespace="Mlstr_area" valueType="text">Biochemistry</attribute>
      <attribute name="Target" namespace="Mlstr_target" valueType="text">Participant</attribute>
      <attribute name="Source" namespace="Mlstr_source" valueType="text">Biosample</attribute>
      <attribute name="label" valueType="text" locale="en">IVGTT B-GLUC 50 MIN</attribute>
    </attributes>
  </variable>
  <variable name="Y047" valueType="integer" entityType="Participant" unit="mmol/l" mimeType="" referencedEntityType="" index="0">
    <attributes>
      <attribute name="Laboratory_measures" namespace="Mlstr_area" valueType="text">Biochemistry</attribute>
      <attribute name="Target" namespace="Mlstr_target" valueType="text">Participant</attribute>
      <attribute name="Source" namespace="Mlstr_source" valueType="text">Biosample</attribute>
      <attribute name="label" valueType="text" locale="en">IVGTT B-GLUC 60 MIN</attribute>
    </attributes>
  </variable>
  <variable name="Y056" valueType="integer" entityType="Participant" unit="" mimeType="" referencedEntityType="" index="0">
    <attributes>
      <attribute name="Laboratory_measures" namespace="Mlstr_area" valueType="text">Biochemistry</attribute>
      <attribute name="Target" namespace="Mlstr_target" valueType="text">Participant</attribute>
      <attribute name="Source" namespace="Mlstr_source" valueType="text">Biosample</attribute>
      <attribute name="label" valueType="text" locale="en">IVGTT K-VALUE</attribute>
    </attributes>
  </variable>
  <variable name="Y048" valueType="integer" entityType="Participant" unit="µU/ml" mimeType="" referencedEntityType="" index="0">
    <attributes>
      <attribute name="Laboratory_measures" namespace="Mlstr_area" valueType="text">Biochemistry</attribute>
      <attribute name="Target" namespace="Mlstr_target" valueType="text">Participant</attribute>
      <attribute name="Source" namespace="Mlstr_source" valueType="text">Biosample</attribute>
      <attribute name="label" valueType="text" locale="en">IVGTT S-INS 0 MIN</attribute>
    </attributes>
  </variable>
  <variable name="Y050" valueType="integer" entityType="Participant" unit="µU/ml" mimeType="" referencedEntityType="" index="0">
    <attributes>
      <attribute name="Laboratory_measures" namespace="Mlstr_area" valueType="text">Biochemistry</attribute>
      <attribute name="Target" namespace="Mlstr_target" valueType="text">Participant</attribute>
      <attribute name="Source" namespace="Mlstr_source" valueType="text">Biosample</attribute>
      <attribute name="label" valueType="text" locale="en">IVGTT S-INS 4 MIN</attribute>
    </attributes>
  </variable>
  <variable name="Y051" valueType="integer" entityType="Participant" unit="µU/ml" mimeType="" referencedEntityType="" index="0">
    <attributes>
      <attribute name="Laboratory_measures" namespace="Mlstr_area" valueType="text">Biochemistry</attribute>
      <attribute name="Target" namespace="Mlstr_target" valueType="text">Participant</attribute>
      <attribute name="Source" namespace="Mlstr_source" valueType="text">Biosample</attribute>
      <attribute name="label" valueType="text" locale="en">IVGTT S-INS 6 MIN</attribute>
    </attributes>
  </variable>
  <variable name="Y055" valueType="integer" entityType="Participant" unit="µU/ml" mimeType="" referencedEntityType="" index="0">
    <attributes>
      <attribute name="Laboratory_measures" namespace="Mlstr_area" valueType="text">Biochemistry</attribute>
      <attribute name="Target" namespace="Mlstr_target" valueType="text">Participant</attribute>
      <attribute name="Source" namespace="Mlstr_source" valueType="text">Biosample</attribute>
      <attribute name="label" valueType="text" locale="en">IVGTT S-INS 60 MIN</attribute>
    </attributes>
  </variable>
  <variable name="Y052" valueType="integer" entityType="Participant" unit="µU/ml" mimeType="" referencedEntityType="" index="0">
    <attributes>
      <attribute name="Laboratory_measures" namespace="Mlstr_area" valueType="text">Biochemistry</attribute>
      <attribute name="Target" namespace="Mlstr_target" valueType="text">Participant</attribute>
      <attribute name="Source" namespace="Mlstr_source" valueType="text">Biosample</attribute>
      <attribute name="label" valueType="text" locale="en">IVGTT S-INS 8 MIN</attribute>
    </attributes>
  </variable>
  <variable name="Y106" valueType="integer" entityType="Participant" unit="" mimeType="" referencedEntityType="" index="0">
    <attributes>
      <attribute name="Lifestyle_behaviours" namespace="Mlstr_area" valueType="text">Phys_act</attribute>
      <attribute name="Target" namespace="Mlstr_target" valueType="text">Participant</attribute>
      <attribute name="Source" namespace="Mlstr_source" valueType="text">Questionnaire</attribute>
      <attribute name="label" valueType="text" locale="en">LEISURE TIME PHYSICAL ACTIVITY</attribute>
    </attributes>
    <categories>
      <category name="1">
        <attributes>
          <attribute name="label" valueType="text" locale="en">Sedentary</attribute>
        </attributes>
      </category>
      <category name="2">
        <attributes>
          <attribute name="label" valueType="text" locale="en">Moderate</attribute>
        </attributes>
      </category>
      <category name="3">
        <attributes>
          <attribute name="label" valueType="text" locale="en">Regular</attribute>
        </attributes>
      </category>
      <category name="4">
        <attributes>
          <attribute name="label" valueType="text" locale="en">Athletic</attribute>
        </attributes>
      </category>
    </categories>
  </variable>
  <variable name="Y105" valueType="integer" entityType="Participant" unit="" mimeType="" referencedEntityType="" index="0">
    <attributes>
      <attribute name="Target" namespace="Mlstr_target" valueType="text">Participant</attribute>
      <attribute name="Medication_supplements" namespace="Mlstr_area" valueType="text">Medication_suppl</attribute>
      <attribute name="Source" namespace="Mlstr_source" valueType="text">Questionnaire</attribute>
      <attribute name="label" valueType="text" locale="en">LIPID MEDICINE</attribute>
      <attribute name="Diseases" namespace="Mlstr_area" valueType="text">Endocrine_metabolic_dis</attribute>
    </attributes>
    <categories>
      <category name="0">
        <attributes>
          <attribute name="label" valueType="text" locale="en">No</attribute>
        </attributes>
      </category>
      <category name="1">
        <attributes>
          <attribute name="label" valueType="text" locale="en">Yes</attribute>
        </attributes>
      </category>
    </categories>
  </variable>
  <variable name="Y319" valueType="integer" entityType="Participant" unit="mmol/l" mimeType="" referencedEntityType="" index="0">
    <attributes>
      <attribute name="Laboratory_measures" namespace="Mlstr_area" valueType="text">Biochemistry</attribute>
      <attribute name="Target" namespace="Mlstr_target" valueType="text">Participant</attribute>
      <attribute name="Source" namespace="Mlstr_source" valueType="text">Biosample</attribute>
      <attribute name="label" valueType="text" locale="en">OGTT B-GLUC 0 MIN</attribute>
    </attributes>
  </variable>
  <variable name="Y323" valueType="integer" entityType="Participant" unit="mmol/l" mimeType="" referencedEntityType="" index="0">
    <attributes>
      <attribute name="Laboratory_measures" namespace="Mlstr_area" valueType="text">Biochemistry</attribute>
      <attribute name="Target" namespace="Mlstr_target" valueType="text">Participant</attribute>
      <attribute name="Source" namespace="Mlstr_source" valueType="text">Biosample</attribute>
      <attribute name="label" valueType="text" locale="en">OGTT B-GLUC 120 MIN</attribute>
    </attributes>
  </variable>
  <variable name="Y320" valueType="integer" entityType="Participant" unit="mmol/l" mimeType="" referencedEntityType="" index="0">
    <attributes>
      <attribute name="Laboratory_measures" namespace="Mlstr_area" valueType="text">Biochemistry</attribute>
      <attribute name="Target" namespace="Mlstr_target" valueType="text">Participant</attribute>
      <attribute name="Source" namespace="Mlstr_source" valueType="text">Biosample</attribute>
      <attribute name="label" valueType="text" locale="en">OGTT B-GLUC 30 MIN</attribute>
    </attributes>
  </variable>
  <variable name="Y321" valueType="integer" entityType="Participant" unit="mmol/l" mimeType="" referencedEntityType="" index="0">
    <attributes>
      <attribute name="Laboratory_measures" namespace="Mlstr_area" valueType="text">Biochemistry</attribute>
      <attribute name="Target" namespace="Mlstr_target" valueType="text">Participant</attribute>
      <attribute name="Source" namespace="Mlstr_source" valueType="text">Biosample</attribute>
      <attribute name="label" valueType="text" locale="en">OGTT B-GLUC 60 MIN</attribute>
    </attributes>
  </variable>
  <variable name="Y322" valueType="integer" entityType="Participant" unit="mmol/l" mimeType="" referencedEntityType="" index="0">
    <attributes>
      <attribute name="Laboratory_measures" namespace="Mlstr_area" valueType="text">Biochemistry</attribute>
      <attribute name="Target" namespace="Mlstr_target" valueType="text">Participant</attribute>
      <attribute name="Source" namespace="Mlstr_source" valueType="text">Biosample</attribute>
      <attribute name="label" valueType="text" locale="en">OGTT B-GLUC 90 MIN</attribute>
    </attributes>
  </variable>
  <variable name="Y107" valueType="integer" entityType="Participant" unit="" mimeType="" referencedEntityType="" index="0">
    <attributes>
      <attribute name="Lifestyle_behaviours" namespace="Mlstr_area" valueType="text">Phys_act</attribute>
      <attribute name="Target" namespace="Mlstr_target" valueType="text">Questionnaire</attribute>
      <attribute name="Source" namespace="Mlstr_source" valueType="text">Questionnaire</attribute>
      <attribute name="label" valueType="text" locale="en">PHYSICAL ACTIVITY AT WORK</attribute>
    </attributes>
    <categories>
      <category name="1">
        <attributes>
          <attribute name="label" valueType="text" locale="en">Sedentary</attribute>
        </attributes>
      </category>
      <category name="2">
        <attributes>
          <attribute name="label" valueType="text" locale="en">Mostly standing and walking</attribute>
        </attributes>
      </category>
      <category name="3">
        <attributes>
          <attribute name="label" valueType="text" locale="en">Heavy lifts (&gt;10 kg)</attribute>
        </attributes>
      </category>
      <category name="4">
        <attributes>
          <attribute name="label" valueType="text" locale="en">Physically demanding work</attribute>
        </attributes>
      </category>
    </categories>
  </variable>
  <variable name="Y036" valueType="integer" entityType="Participant" unit="mmol/l" mimeType="" referencedEntityType="" index="0">
    <attributes>
      <attribute name="Laboratory_measures" namespace="Mlstr_area" valueType="text">Biochemistry</attribute>
      <attribute name="Target" namespace="Mlstr_target" valueType="text">Participant</attribute>
      <attribute name="Source" namespace="Mlstr_source" valueType="text">Biosample</attribute>
      <attribute name="label" valueType="text" locale="en">S-ALBUMIN</attribute>
    </attributes>
  </variable>
  <variable name="Y013" valueType="integer" entityType="Participant" unit="mmHg" mimeType="" referencedEntityType="" index="0">
    <attributes>
      <attribute name="Physical_measures" namespace="Mlstr_area" valueType="text">Circulation_respiration</attribute>
      <attribute name="Target" namespace="Mlstr_target" valueType="text">Participant</attribute>
      <attribute name="Source" namespace="Mlstr_source" valueType="text">Physical measure</attribute>
      <attribute name="label" valueType="text" locale="en">SBP SUPINE</attribute>
    </attributes>
  </variable>
  <variable name="Y033" valueType="integer" entityType="Participant" unit="mmol/l" mimeType="" referencedEntityType="" index="0">
    <attributes>
      <attribute name="Laboratory_measures" namespace="Mlstr_area" valueType="text">Biochemistry</attribute>
      <attribute name="Target" namespace="Mlstr_target" valueType="text">Participant</attribute>
      <attribute name="Source" namespace="Mlstr_source" valueType="text">Biosample</attribute>
      <attribute name="label" valueType="text" locale="en">S-CALCIUM</attribute>
    </attributes>
  </variable>
  <variable name="Y972" valueType="integer" entityType="Participant" unit="mmol/l" mimeType="" referencedEntityType="" index="0">
    <attributes>
      <attribute name="Laboratory_measures" namespace="Mlstr_area" valueType="text">Biochemistry</attribute>
      <attribute name="Target" namespace="Mlstr_target" valueType="text">Participant</attribute>
      <attribute name="Source" namespace="Mlstr_source" valueType="text">Biosample</attribute>
      <attribute name="label" valueType="text" locale="en">SERUM CHOL</attribute>
    </attributes>
  </variable>
  <variable name="Y971" valueType="integer" entityType="Participant" unit="mmol/l" mimeType="" referencedEntityType="" index="0">
    <attributes>
      <attribute name="Laboratory_measures" namespace="Mlstr_area" valueType="text">Biochemistry</attribute>
      <attribute name="Target" namespace="Mlstr_target" valueType="text">Participant</attribute>
      <attribute name="Source" namespace="Mlstr_source" valueType="text">Biosample</attribute>
      <attribute name="label" valueType="text" locale="en">SERUM TG</attribute>
    </attributes>
  </variable>
  <variable name="Y297" valueType="integer" entityType="Participant" unit="µkat/l" mimeType="" referencedEntityType="" index="0">
    <attributes>
      <attribute name="Laboratory_measures" namespace="Mlstr_area" valueType="text">Biochemistry</attribute>
      <attribute name="Target" namespace="Mlstr_target" valueType="text">Participant</attribute>
      <attribute name="Source" namespace="Mlstr_source" valueType="text">Biosample</attribute>
      <attribute name="label" valueType="text" locale="en">S-GAMMA-GT</attribute>
    </attributes>
  </variable>
  <variable name="Y024" valueType="integer" entityType="Participant" unit="mm" mimeType="" referencedEntityType="" index="0">
    <attributes>
      <attribute name="Physical_measures" namespace="Mlstr_area" valueType="text">Skin_subcutaneous</attribute>
      <attribute name="Target" namespace="Mlstr_target" valueType="text">Participant</attribute>
      <attribute name="Source" namespace="Mlstr_source" valueType="text">Physical measure</attribute>
      <attribute name="label" valueType="text" locale="en">SKINFOLD ABDOMINAL</attribute>
    </attributes>
  </variable>
  <variable name="Y023" valueType="integer" entityType="Participant" unit="mm" mimeType="" referencedEntityType="" index="0">
    <attributes>
      <attribute name="Physical_measures" namespace="Mlstr_area" valueType="text">Skin_subcutaneous</attribute>
      <attribute name="Target" namespace="Mlstr_target" valueType="text">Participant</attribute>
      <attribute name="Source" namespace="Mlstr_source" valueType="text">Physical measure</attribute>
      <attribute name="label" valueType="text" locale="en">SKINFOLD SUBSCAPULAR</attribute>
    </attributes>
  </variable>
  <variable name="Y022" valueType="integer" entityType="Participant" unit="mm" mimeType="" referencedEntityType="" index="0">
    <attributes>
      <attribute name="Physical_measures" namespace="Mlstr_area" valueType="text">Skin_subcutaneous</attribute>
      <attribute name="Target" namespace="Mlstr_target" valueType="text">Participant</attribute>
      <attribute name="Source" namespace="Mlstr_source" valueType="text">Physical measure</attribute>
      <attribute name="label" valueType="text" locale="en">SKINFOLD TRICEPS</attribute>
    </attributes>
  </variable>
  <variable name="Y035" valueType="integer" entityType="Participant" unit="mmol/l" mimeType="" referencedEntityType="" index="0">
    <attributes>
      <attribute name="Laboratory_measures" namespace="Mlstr_area" valueType="text">Biochemistry</attribute>
      <attribute name="Target" namespace="Mlstr_target" valueType="text">Participant</attribute>
      <attribute name="Source" namespace="Mlstr_source" valueType="text">Biosample</attribute>
      <attribute name="label" valueType="text" locale="en">S-PHOSPHATE</attribute>
    </attributes>
  </variable>
  <variable name="Y307" valueType="integer" entityType="Participant" unit="" mimeType="" referencedEntityType="" index="0">
    <attributes>
      <attribute name="Target" namespace="Mlstr_target" valueType="text">Participant</attribute>
      <attribute name="Medication_supplements" namespace="Mlstr_area" valueType="text">Medication_suppl</attribute>
      <attribute name="Source" namespace="Mlstr_source" valueType="text">Questionnaire</attribute>
      <attribute name="label" valueType="text" locale="en">THIAZIDE</attribute>
    </attributes>
    <categories>
      <category name="0">
        <attributes>
          <attribute name="label" valueType="text" locale="en">No</attribute>
        </attributes>
      </category>
      <category name="1">
        <attributes>
          <attribute name="label" valueType="text" locale="en">Yes</attribute>
        </attributes>
      </category>
    </categories>
  </variable>
  <variable name="Y020" valueType="integer" entityType="Participant" unit="cm" mimeType="" referencedEntityType="" index="0">
    <attributes>
      <attribute name="Physical_measures" namespace="Mlstr_area" valueType="text">Anthropo_measures</attribute>
      <attribute name="Target" namespace="Mlstr_target" valueType="text">Participant</attribute>
      <attribute name="Source" namespace="Mlstr_source" valueType="text">Physical measure</attribute>
      <attribute name="label" valueType="text" locale="en">WAIST CIRCUMFERENCE</attribute>
    </attributes>
  </variable>
  <variable name="Y011" valueType="integer" entityType="Participant" unit="kg" mimeType="" referencedEntityType="" index="0">
    <attributes>
      <attribute name="Physical_measures" namespace="Mlstr_area" valueType="text">Anthropo_measures</attribute>
      <attribute name="Target" namespace="Mlstr_target" valueType="text">Participant</attribute>
      <attribute name="Source" namespace="Mlstr_source" valueType="text">Physical measure</attribute>
      <attribute name="label" valueType="text" locale="en">WEIGHT</attribute>
    </attributes>
  </variable>
</variables>