{"id":"cd3e7265-7f2e-4ea0-9529-7d22952eebb6","name":[{"lang":"en","value":"CARTaGENE"}],"acronym":[{"lang":"en","value":"CaG"}],"logo":{"id":"2dfb32ca-3907-4f33-9d31-93974bd406ab","fileName":"Cartagene.logo_.JPG","type":"logo","description":[{"lang":"en"}],"lang":"en","justUploaded":true},"investigators":[{"title":"Prof.","firstName":"Philip","lastName":"Awadalla","email":"philip.awadalla@umontreal.ca","dataAccessCommitteeMember":false,"institution":{"name":[{"lang":"en","value":"CHU Sainte-Justine Research Centre"}],"address":{"street":[{"lang":"en","value":"3175 Chemin de la Cote-Sainte-Catherine"}],"city":[{"lang":"en","value":"Montreal"}],"zip":"H3T 1C5","state":"Quebec","country":{"iso":"CA","name":[{"lang":"en","value":"Canada"}]}}}},{"firstName":"Guy","lastName":"Rouleau","dataAccessCommitteeMember":false,"institution":{"name":[{"lang":"en","value":"Universit\u00e9 de Montr\u00e9al"}],"address":[]}}],"contacts":[{"title":"Prof.","firstName":"Philip","lastName":"Awadalla","email":"philip.awadalla@umontreal.ca","dataAccessCommitteeMember":false,"institution":{"name":[{"lang":"en","value":"CHU Sainte-Justine Research Centre"}],"address":{"street":[{"lang":"en","value":"3175 Chemin de la Cote-Sainte-Catherine"}],"city":[{"lang":"en","value":"Montreal"}],"zip":"H3T 1C5","state":"Quebec","country":{"iso":"CA","name":[{"lang":"en","value":"Canada"}]}}}}],"objectives":[{"lang":"en","value":"<p>&nbsp;<\/p>\r\n\r\n<p>&nbsp;<\/p>\r\n\r\n<p>&nbsp;<\/p>\r\n\r\n<p>CARTaGENE's objectives are:<\/p>\r\n\r\n<ol>\r\n\t<li>To create a platform containing data on health and a biobank containing biological material from a random sample of adults aged between 40 and 69 years representative of the urban-dwelling population from the province of Quebec.&nbsp;Data and samples are accessible to researchers in Canada and elsewhere. To allow access to these banks, projects must meet the scientific and ethical requirements described in CARTaGENE\u2019s access policies;<\/li>\r\n\t<li>To help researchers understand the genetic, environmental and lifestyle factors involved in common diseases such as heart disease, diabetes and cancer. This increased understanding of the determinants of health and disease will, in the long term, translate into improved disease prevention, diagnostics and treatment, and contribute to a better allocation of health care resources;<\/li>\r\n\t<li>To contribute to the international harmonization of research tools and methods and governance approaches for population genomics studies. This will help to increase the statistical power and reliability of all population genomics studies, and to translate the studies into health benefits faster.&nbsp;<\/li>\r\n<\/ol>\r\n"}],"website":"http:\/\/www.cartagene.qc.ca\/index.php?lang=english","specificAuthorization":{"authorized":false,"date":"2012-10-23T00:00:00-04:00"},"maelstromAuthorization":{"authorized":true,"date":"1969-12-31T19:00:00-05:00"},"methods":{"designs":["cohort_study"],"recruitments":["individuals"]},"numberOfParticipants":{"participant":{"noLimit":false,"number":37000},"sample":{"noLimit":false,"number":37000},"info":[{"lang":"en","value":"<p><span>As June 2013, 21 728 participants have provided blood samples.<\/span><\/p>\r\n"}]},"startYear":2007,"access":["data","biosamples"],"markerPaper":"Awadalla P, Boileau C, Payette Y, Idaghdour Y, Goulet JP, Knoppers B, Hamet P, Laberge C, on behalf of the CP, Cohort profile of the CARTaGENE study: Quebec's population-based biobank for public health and personalized genomics. Int J Epidemiol, 2012.","pubmedId":"23071140","populations":[{"id":"04188f69-0bb3-44cb-a86e-6586294fa243","name":[{"lang":"en","value":"CaG Population"}],"description":[{"lang":"en","value":"<p><span style=\"color: rgb(73, 89, 97); font-family: 'Helvetica Neue', Helvetica, Arial, sans-serif; line-height: 16.25px; background-color: rgb(249, 249, 249);\">The CaG cohort consists of men and women aged between 40 and 69 years residing in metropolitan areas.<\/span><\/p>\r\n"}],"recruitment":{"dataSources":["general"]},"selectionCriteria":{"ageMin":40,"ageMax":69,"countriesIso":["CAN"],"territory":[{"lang":"en","value":"<p><span style=\"color: rgb(73, 89, 97); font-family: 'Helvetica Neue', Helvetica, Arial, sans-serif; line-height: 16.25px; background-color: rgb(249, 249, 249);\">Montreal, Quebec, Sherbrooke and Saguenay for the first wave. Trois-Rivi\u00e8res and Gatineau added in the second wave.<\/span><\/p>\r\n"}]},"numberOfParticipants":{"participant":{"noLimit":false},"sample":{"noLimit":false}},"dataCollectionEvents":[{"id":"dda58d08-d842-43cb-a3a9-14b65d75508d","name":[{"lang":"en","value":"Baseline Recruitment"}],"description":[{"lang":"en","value":"<p><span>During the phase&nbsp;O (2007-2008) and phase A (2009 - 2010), 20,227 participants have been recruited. The first 223 have been randomly selected from the Sherbooke and Montreal metropolitan regions. These first 223 persons allowed CARTaGENE to finalize the protocols to be used for another 20,000. It consisted in the completion of a health and lifestyle questionnaire, physical assessment and most of participants also gave biological samples.<\/span><\/p>\r\n"}],"startYear":2007,"startMonth":1,"endYear":2010,"endMonth":10,"dataSources":["questionnaires","physical_measures","biological_samples","others"],"otherDataSources":[{"lang":"en","value":"Genealogical records"}],"bioSamples":["blood","saliva","urine"]},{"id":"c74a3cac-398d-4565-b45a-c413995db8ad","name":[{"lang":"en","value":"Recontact Phase"}],"description":[{"lang":"en","value":"<p><span style=\"color: rgb(73, 89, 97); font-family: 'Helvetica Neue', Helvetica, Arial, sans-serif; line-height: 16.25px;\">The Recontact Phase (September 2011&nbsp;- August 2012) focused&nbsp;on dietary habits and environmental exposure. A total of&nbsp;12 189&nbsp;environment questionnaires and 10 300&nbsp;nutrition questionnaires have been completed.<\/span><\/p>\r\n"}],"startYear":2011,"startMonth":9,"endYear":2012,"endMonth":8,"dataSources":["questionnaires"]},{"id":"8530b9f0-11de-4af8-97fe-a06340af4f0e","name":[{"lang":"en","value":"Wave 2"}],"description":[{"lang":"en","value":"<p><span style=\"color: rgb(73, 89, 97); font-family: 'Helvetica Neue', Helvetica, Arial, sans-serif; line-height: 16.25px;\">Wave 2 of CARTaGENE began in December&nbsp;2012 and consists in the completion of a health and lifestyle questionnaire and the collection of a blood or saliva sample. A total of 17 000 participants are planned to be recruited.&nbsp;<\/span><\/p>\r\n"}],"startYear":2012,"startMonth":12,"endYear":2013,"endMonth":12,"dataSources":["questionnaires","biological_samples","others"],"otherDataSources":[{"lang":"en","value":"Genealogical records"}],"bioSamples":["blood"]}]}],"opal":"https:\/\/opal.maelstrom-research.org:8443"}