{"id":"4bfb6cc3-71ab-44af-9346-f8f9b4095798","name":[{"lang":"en","value":"Canadian Cohort of Obstructive Lung Disease"}],"acronym":[{"lang":"en","value":"CanCOLD"}],"logo":{"id":"ff93a6e5-3dc3-4497-875e-f71c3bff604e","fileName":"CanCOLD_logo.png","type":"logo","description":[{"lang":"en"}],"lang":"en","justUploaded":true},"investigators":[{"lastName":"Dr. Jean Bourbeau (McGill University)","email":"Jean.bourbeau@mcgill.ca","phone":"514-934-1934 # 32158","dataAccessCommitteeMember":false,"institution":{"name":[{"lang":"en","value":"McGill University"}],"address":[]}},{"lastName":"Dr. Wan Tan (British Columbia University)","dataAccessCommitteeMember":false,"institution":{"name":[{"lang":"en","value":"British Columbia University"}],"address":[]}}],"contacts":[{"lastName":"Dr. Jean Bourbeau (McGill University)","email":"Jean.bourbeau@mcgill.ca","phone":"514-934-1934 # 32158","dataAccessCommitteeMember":false,"institution":{"name":[{"lang":"en","value":"McGill University"}],"address":[]}}],"objectives":[{"lang":"en","value":"<p>&nbsp;<\/p>\r\n\r\n<p><strong>Primary objective<\/strong><\/p>\r\n\r\n<ul>\r\n\t<li>What risk factors, other than smoking, determine the development and the progression of COPD, based on a complete phenotyping of the subjects including BUT NOT LIMITED to FEV1 annual decline?<\/li>\r\n<\/ul>\r\n\r\n<p>&nbsp;<\/p>\r\n\r\n<p><strong>Secondary objectives<\/strong><\/p>\r\n\r\n<ul>\r\n\t<li>What are the phenotypes, e.g. the combinations of disease and patient attributes (clinical, physiological, morphological, biological) that differentiate individuals with COPD (any, mild to moderate, early disease) as they relate to relevant outcomes (symptoms\/HRQL, disease progression or death)?<\/li>\r\n\t<li>Is early detection of COPD with spirometry (using different diagnostic criteria) meaningful according to sex and ageing?<\/li>\r\n<\/ul>\r\n"}],"website":"www.cancold.ca","specificAuthorization":{"authorized":false,"date":"1969-12-31T19:00:00-05:00"},"maelstromAuthorization":{"authorized":true,"authorizer":"Dr Jean Bourbeau","date":"2014-01-21T00:00:00-05:00"},"methods":{"designs":["cohort_study"],"followUpInfo":[{"lang":"en","value":"<p>Visit frequency: 18 months<\/p>\r\n"}],"recruitments":["individuals"]},"numberOfParticipants":{"participant":{"noLimit":false,"number":1400},"sample":{"noLimit":false,"number":1400}},"startYear":2009,"access":["data","biosamples"],"markerPaper":"Bourbeau J, Tan WC, Benedetti A, et al., Canadian Cohort Obstructive Lung Disease (CanCOLD): Fulfilling the Need for Longitudinal Observational Studies in COPD. COPD. 2012 Mar 20.","pubmedId":"22433011","populations":[{"id":"f9849282-88f3-4c48-be88-a08dc7c50785","name":[{"lang":"en","value":"CanCOLD Population"}],"description":[{"lang":"en","value":"<p>Subjects are recruited from the study site participants. The cohort is constituted of 4 subsets:<br \/>\r\nGroup 1) COPD moderate\u2013severe (GOLD 2-4) (post-BD FEV1\/FVC&lt;0.70 and FEV1&lt;80% of pred.);<br \/>\r\nGroup 2) COPD mild (GOLD 1) (post-BD FEV1\/FVC&lt;0.70 and FEV1 \u226580% of pred.);<br \/>\r\nGroup 3) COPD at risk (ever smoker with post-BD FEV1\/FVC\u22650.70);<br \/>\r\nGroup 4) \u201cHealthy control\u201d never smokers without respiratory disease (post-BD FEV1\/FVC\u22650.70).<\/p>\r\n\r\n<p><strong>Sampling subject subsets-<\/strong> First, GOLD 1 and 2-4 from the original site sample \u201cCOLD study\u201d are selected and subjects are contacted to participate in CanCOLD. Then non-COPD peers (at risk and healthy controls) are selected (sex\/age matched \u00b12 yrs) and are contacted for a total ~1800 subjects.<\/p>\r\n"}],"recruitment":{"dataSources":["general","exist_studies"],"generalPopulationSources":["volunteer"],"studies":[{"localizedStrings":[{"lang":"en","value":"The Canadian COPD prevalence study (\u201cCOLD\u201d)"}]}]},"selectionCriteria":{"ageMin":40,"countriesIso":["CAN"],"territory":[{"lang":"en","value":"<p>The subjects have to live near one of the study site i.e. Montr\u00e9al, Vancouver, Calgary, Halifax, Toronto, Ottawa, Kingston, Qu\u00e9bec, Saskatoon<\/p>\r\n"}]},"numberOfParticipants":{"participant":{"noLimit":false,"number":1400},"sample":{"noLimit":false,"number":1400}},"dataCollectionEvents":[{"id":"1fb21d2c-de3b-4796-a285-3bbea4ca5a57","name":[{"lang":"en","value":"Baseline"}],"description":[{"lang":"en","value":"<p>Baseline complete visit. Data are collected by questionnaires, spirometry, tests of pulmonary function (PFT) and Cardio Pulmonary Exercise Testing (CPET), PA and MDCT scan and blood sample.&nbsp;<\/p>\r\n"}],"startYear":2009,"startMonth":1,"endYear":2013,"endMonth":12,"dataSources":["questionnaires","physical_measures","biological_samples","administratives_databases"],"administrativeDatabases":["health_databases"],"bioSamples":["blood"]},{"id":"81f32d71-f998-4bce-8bc0-77e9e7c862b0","name":[{"lang":"en","value":"18 months follow-up visit"}],"description":[{"lang":"en","value":"<p>Short follow-up&nbsp;visit. Data are collected by&nbsp;questionnaires, spirometry, 6 minute walk test and blood sample.<\/p>\r\n"}],"startYear":2010,"startMonth":7,"endYear":2015,"endMonth":6,"dataSources":["questionnaires","physical_measures","biological_samples","administratives_databases"],"administrativeDatabases":["health_databases"],"bioSamples":["blood"]},{"id":"64b41a35-1c32-44e7-995c-fb4d44b7a41e","name":[{"lang":"en","value":"3 years follow-up visit"}],"description":[{"lang":"en","value":"<p>Complete follow-up visit. Data are collected by questionnaires, spirometry, tests of pulmonary function (PFT) and Cardio Pulmonary Exercise Testing (CPET), PA and MDCT scan and blood sample.<\/p>\r\n"}],"startYear":2012,"startMonth":1,"endYear":2016,"endMonth":12,"dataSources":["questionnaires","physical_measures","biological_samples","administratives_databases"],"administrativeDatabases":["health_databases"],"bioSamples":["blood"]}]}]}