{"id":"90171147-1334-4fc5-a7d1-780a6f1dfa6b","name":[{"lang":"en","value":"Lothian Birth Cohort 1936 (LBC1936)"}],"acronym":[{"lang":"en","value":"LBC1936"}],"investigators":[{"lastName":"MD. Ian Deary (University of Edinburgh)","email":"i.deary@ed.ac.uk","phone":"0131 650 3452","dataAccessCommitteeMember":false,"institution":{"name":[{"lang":"en","value":"University of Edinburgh"}],"department":[{"lang":"en","value":"Centre for Cognitive Ageing and Cognitive Epidemiology"}],"address":{"city":[{"lang":"en","value":"Edinburgh"}],"state":"Scotland","country":{"iso":"GB","name":[{"lang":"en","value":"United Kingdom"}]}}}},{"lastName":"MD. John Starr (University of Edinburgh)","email":"jstarr@staffmail.ed.ac.uk","phone":"0131 650 4340","dataAccessCommitteeMember":false,"institution":{"name":[{"lang":"en","value":"University of Edinburgh"}],"department":[{"lang":"en","value":"Alzheimer Scotland Dementia Research Centre"}],"address":{"city":[{"lang":"en","value":"Edinburgh"}],"state":"Scotland","country":{"iso":"GB","name":[{"lang":"en","value":"United Kingdom"}]}}}},{"lastName":"Prof. Joanna Wardlaw (Western General Hospital)","email":"joanna.wardlaw@ed.ac.uk","phone":"+44 131 537 2943","dataAccessCommitteeMember":false,"institution":{"name":[{"lang":"en","value":"Western General Hospital"}],"department":[{"lang":"en","value":"Division of Clinical Neurosciences"}],"address":{"city":[{"lang":"en","value":"Edinburgh"}],"state":"Scotland","country":{"iso":"GB","name":[{"lang":"en","value":"United Kingdom"}]}}}}],"contacts":[{"lastName":"MD. Ian Deary (University of Edinburgh)","email":"i.deary@ed.ac.uk","phone":"0131 650 3452","dataAccessCommitteeMember":false,"institution":{"name":[{"lang":"en","value":"University of Edinburgh"}],"department":[{"lang":"en","value":"Centre for Cognitive Ageing and Cognitive Epidemiology"}],"address":{"city":[{"lang":"en","value":"Edinburgh"}],"state":"Scotland","country":{"iso":"GB","name":[{"lang":"en","value":"United Kingdom"}]}}}},{"lastName":"MD. John Starr (University of Edinburgh)","email":"jstarr@staffmail.ed.ac.uk","phone":"0131 650 4340","dataAccessCommitteeMember":false,"institution":{"name":[{"lang":"en","value":"University of Edinburgh"}],"department":[{"lang":"en","value":"Alzheimer Scotland Dementia Research Centre"}],"address":{"city":[{"lang":"en","value":"Edinburgh"}],"state":"Scotland","country":{"iso":"GB","name":[{"lang":"en","value":"United Kingdom"}]}}}},{"lastName":"Prof. Joanna Wardlaw (Western General Hospital)","email":"joanna.wardlaw@ed.ac.uk","phone":"+44 131 537 2943","dataAccessCommitteeMember":false,"institution":{"name":[{"lang":"en","value":"Western General Hospital"}],"department":[{"lang":"en","value":"Division of Clinical Neurosciences"}],"address":{"city":[{"lang":"en","value":"Edinburgh"}],"state":"Scotland","country":{"iso":"GB","name":[{"lang":"en","value":"United Kingdom"}]}}}}],"objectives":[{"lang":"en","value":"<p><span>The original aim of the LBC1936 study was to seek&nbsp;determinants of normal cognitive ageing in survivors of the Scottish Mental Survey 1947.&nbsp;Those determinants of lifetime cognitive ageing were to include genetic, information processing, medical, economic and psycho-social factors.&nbsp;Wave 2 of LBC1936 was intended to identify the mechanisms that cause white matter damage and how this causes cognitive decline with ageing. New to Wave 2 was that the LBC1936 subjects underwent detailed structural MRI brain scan.<\/span><\/p>\r\n"}],"website":"http:\/\/www.lothianbirthcohort.ed.ac.uk\/","specificAuthorization":{"authorized":true,"authorizer":"Dr. Ian Deary","date":"2014-08-15T00:00:00-04:00"},"maelstromAuthorization":{"authorized":true,"authorizer":"Dr. Ian Deary","date":"2014-08-15T00:00:00-04:00"},"methods":{"designs":["cohort_study"],"followUpInfo":[{"lang":"en","value":"<p><span>The LBC1936 participants undertook a general intelligence test at age 11 years and were recruited for the LBC1936 cohort at the mean age of 70. They&nbsp;have been examined at mean ages of 70, 73 and 76 years.<\/span><\/p>\r\n"}],"recruitments":["other"],"otherRecruitment":[{"lang":"en","value":"Sub-sample of the participants of the Scottish Mental Survey of 1947"}]},"numberOfParticipants":{"participant":{"noLimit":false,"number":1091},"sample":{"noLimit":false,"number":1091},"info":[{"lang":"en","value":"<p>548 men and 543 women.<\/p>\r\n"}]},"startYear":2004,"markerPaper":"Deary IJ, Gow AJ, Pattie A, Starr JM. Cohort profile: the Lothian Birth Cohorts of 1921 and 1936. Int J Epidemiol. 2012 Dec;41(6):1576-84.","pubmedId":"22253310","populations":[{"id":"6667a64a-f822-427a-9cad-e73b566b47ab","name":[{"lang":"en","value":"LBC1936"}],"description":[{"lang":"en","value":"<p>A sub-sample of the Scottish Mental Survey 1947. The mean age of the participants was 70 years old at wave 1, 73 years old at wave 2 and 76 years old at wave 3.<\/p>\r\n"}],"recruitment":{"dataSources":["exist_studies"],"studies":[{"localizedStrings":[{"lang":"en","value":"The Scottish Mental Survey 1947"}]}],"info":[{"lang":"en","value":"<p><span>Between 2004 and 2007, individuals from Edinburgh and the Lothians who might have taken part in the 1947 Survey were invited to participate in the LBC1936.&nbsp;<\/span><\/p>\r\n"}]},"selectionCriteria":{"countriesIso":["GBR"],"territory":[{"lang":"en","value":"<p>Edinburgh and the surrounding area.<\/p>\r\n"}],"otherCriteria":[{"lang":"en","value":"<p>Only the available participants who had completed all previous waves were invited.<\/p>\r\n"}]},"numberOfParticipants":{"participant":{"noLimit":false,"number":1091},"sample":{"noLimit":false,"number":1091},"info":[{"lang":"en","value":"<p>Wave 1: 1091 participants (548 men and 543 women)<\/p>\r\n\r\n<p>Wave 2: 866 participants (448 men and 418 women)<\/p>\r\n\r\n<p>Wave 3: 697 participants (360 men and 337 women)<\/p>\r\n"}]},"dataCollectionEvents":[{"id":"8407fde7-3ca2-4af9-9911-974b95241ba8","name":[{"lang":"en","value":"LBC1936 - Wave 1"}],"description":[{"lang":"en","value":"<p><span>Cognitive ability: Moray House Test and psychometric battery consisting of executive function, reasoning, memory, and processing speed.<\/span><\/p>\r\n\r\n<p><span>Socio-demographic information: education, occupation, marital status\/living arrangement.<\/span><\/p>\r\n\r\n<p><span>History of disease and medication use, anxiety and depression, smoking and alcohol status.<\/span><\/p>\r\n\r\n<p><span>Physical and fitness measures: disability scale, height, weight, blood pressure, lung function, grip strength, 6-m walk time, visual acuity.<\/span><\/p>\r\n\r\n<p><span>Blood samples taken for DNA extraction, biochemistry and haematology.<\/span><\/p>\r\n\r\n<p><span>Self-reported parental background, education and occupation, children's education and occupation, wellbeing, social networks and support, activities, personality and diet.<\/span><\/p>\r\n"}],"startYear":2004,"startMonth":1,"endYear":2007,"endMonth":5,"dataSources":["questionnaires","physical_measures","biological_samples","others"],"otherDataSources":[{"lang":"en","value":"Cognitive tests"}],"bioSamples":["blood","urine"]},{"id":"9c1cf22c-ba6f-4380-8e80-1d23c66d4b24","name":[{"lang":"en","value":"LBC1936 - Wave 2"}],"description":[{"lang":"en","value":"<p><span>Cognitive ability: Psychometric battery consisting of executive function, reasoning, memory, and processing speed.<\/span><\/p>\r\n\r\n<p><span>Socio-demographic information: marital status\/living arrangement.<\/span><\/p>\r\n\r\n<p><span>History of disease and medication use, anxiety and depression, smoking and alcohol status.<\/span><\/p>\r\n\r\n<p><span>Physical and fitness measures: disability scale, height, weight, blood pressure, lung function, grip strength, 6-m walk time, visual acuity,&nbsp;ABPI, balance, dentition.<\/span><\/p>\r\n\r\n<p><span>Blood samples taken for DNA extraction, biochemistry,&nbsp;haematology,&nbsp;markers of oxidative stress, inflammation and blood\u2013brain barrier integrity (plasma and serum stored at \u221280\u00b0C).<\/span><\/p>\r\n\r\n<p><span>Retinal photography, magnetic resonance brain imaging and carotid Doppler ultrasound.<\/span><\/p>\r\n\r\n<p><span>Self-reported wellbeing and personality.<\/span><\/p>\r\n"}],"startYear":2007,"startMonth":10,"endYear":2010,"endMonth":5,"dataSources":["questionnaires","physical_measures","biological_samples","others"],"otherDataSources":[{"lang":"en","value":"Cognitive tests"}],"bioSamples":["blood","urine"]},{"id":"5c072c3b-0d64-420e-9618-3626edcaa34b","name":[{"lang":"en","value":"LBC1936 - Wave 3"}],"description":[{"lang":"en","value":"<p><span>Cognitive ability: Psychometric battery consisting of executive function, reasoning, memory, and processing speed.<\/span><\/p>\r\n\r\n<p><span>Socio-demographic information: marital status\/living arrangement.<\/span><\/p>\r\n\r\n<p><span>History of disease and medication use, anxiety and depression, smoking and alcohol status.<\/span><\/p>\r\n\r\n<p><span>Physical and fitness measures: disability scale, height, weight, blood pressure, lung function, grip strength, 6-m walk time, visual acuity,&nbsp;ABPI, balance, dentition.<\/span><\/p>\r\n\r\n<p><span>Blood samples taken for DNA extraction, biochemistry and haematology.<\/span><\/p>\r\n\r\n<p><span>Magnetic resonance brain imaging.<\/span><\/p>\r\n\r\n<p>&nbsp;<\/p>\r\n"}],"startYear":2011,"startMonth":7,"endYear":2013,"endMonth":11,"dataSources":["questionnaires","physical_measures","biological_samples","others"],"otherDataSources":[{"lang":"en","value":"Cognitive tests"}],"bioSamples":["blood","saliva"]}]}]}