{"id":"35714cf5-adda-482b-8ea8-8b54951d8cdc","name":[{"lang":"en","value":"The Montreal Neighbourhood Networks and Healthy Aging study (MoNNET-HA)"}],"acronym":[{"lang":"en","value":"MoNNET-HA"}],"logo":{"id":"3358ccb4-11de-41f9-ae2c-4ec85b3ba468","fileName":"MoNNET-HA_Full.png","type":"logo","description":[{"lang":"en"}],"lang":"en","justUploaded":true},"investigators":[{"lastName":"Dr. Spencer Moore (Queen\u2019s University)","email":"mooresp@queensu.ca","phone":"613-533-6000 ext 78667","dataAccessCommitteeMember":false,"institution":{"name":[{"lang":"en","value":"Queen\u2019s University"}],"department":[{"lang":"en","value":"Department of Community Health and Epidemiology"}],"address":{"city":[{"lang":"en","value":"Kingston"}],"state":"Ontario","country":{"iso":"CA","name":[{"lang":"en","value":"Canada"}]}}}},{"lastName":"Dr. Laurette Dube (McGill University)","dataAccessCommitteeMember":false,"institution":{"name":[{"lang":"en","value":"McGill University"}],"address":[]}},{"lastName":"Dr. David Buckeridge (McGill University)","dataAccessCommitteeMember":false,"institution":{"name":[{"lang":"en","value":"McGill University"}],"address":[]}}],"contacts":[{"lastName":"Dr. Spencer Moore (Queen\u2019s University)","email":"mooresp@queensu.ca","phone":"613-533-6000 ext 78667","dataAccessCommitteeMember":false,"institution":{"name":[{"lang":"en","value":"Queen\u2019s University"}],"department":[{"lang":"en","value":"Department of Community Health and Epidemiology"}],"address":{"city":[{"lang":"en","value":"Kingston"}],"state":"Ontario","country":{"iso":"CA","name":[{"lang":"en","value":"Canada"}]}}}}],"objectives":[{"lang":"en","value":"<p>&nbsp;<\/p>\r\n\r\n<p>&nbsp;<\/p>\r\n\r\n<p>The Montreal Neighbourhood Networks and Healthy Aging study (MoNNET-HA) was established with three main objectives:<\/p>\r\n\r\n<p><span style=\"line-height: 1.6em;\">(i) To assess the added value of using formal network measures of social capital to study the relationship between social capital and health;<\/span><\/p>\r\n\r\n<p>(ii) To examine whether older adults are more vulnerable to social network and neighbourhood environmental influences on health; and<\/p>\r\n\r\n<p>(iii) To assess the influence of social capital on health longitudinally.<\/p>\r\n"}],"specificAuthorization":{"authorized":true,"authorizer":"Dr. Spencer Moore","date":"2014-09-17T00:00:00-04:00"},"maelstromAuthorization":{"authorized":true,"authorizer":"Dr. Spencer Moore","date":"2014-09-17T00:00:00-04:00"},"methods":{"designs":["cohort_study"],"followUpInfo":[{"lang":"en","value":"<p>MoNNET-HA participants were recruited for initial telephone interviews in the summer of 2008. These participants were followed up in the autumn of 2010 and the winter of 2013\/14.<\/p>\r\n"}],"recruitments":["individuals"],"info":[{"lang":"en","value":"<p>Oversampled adults older than 65 years&nbsp;to assess neighborhood effects on older adults<\/p>\r\n"}]},"numberOfParticipants":{"participant":{"noLimit":false,"number":2707},"sample":{"noLimit":false}},"startYear":2008,"access":["data"],"markerPaper":"Moore S, Buckeridge DL, Dub\u00e9 L. Cohort Profile: The Montreal Neighbourhood Networks and Healthy Aging (MoNNET-HA) study. International journal of epidemiology, 2014; pii: dyu137.","pubmedId":"24984955","info":[{"lang":"en","value":"<p><em><strong>Publications (MoNNET-HA Baseline --&nbsp;Wave 1 data)<\/strong><\/em><\/p>\r\n\r\n<p>1.<strong>&nbsp; \"<\/strong><strong>Neighbourhood disadvantage, network capital, and restless sleep: Is the association moderated by gender in urban-dwelling adults.\"&nbsp; <\/strong>Emma Bassett*, Spencer Moore. <em>Social Science and Medicine<\/em>, 2014, 108C: 185-193. doi: 10.1016\/j.socscimed.2014.02.029<\/p>\r\n\r\n<p>2. <strong>\"Decomposing social capital inequalities in health.\"<\/strong>&nbsp; Spencer Moore, Steven Stewart, Ana Teixeira.&nbsp; <em>Journal of Epidemiology and Community Health. <\/em>2014, 68(3): 233-238.<\/p>\r\n\r\n<p>3. <strong>\"Perceived neighbourhood cohesion mediates the association between neighbourhood disadvantage and depressive symptoms in Montreal women but not men.\"<\/strong>&nbsp; Emma Bassett,&nbsp;Spencer Moore, <em>PLoS ONE 8(10<\/em>): e76554. doi:10.1371\/journal.pone.0076554<\/p>\r\n\r\n<p>4. <strong>\"Social capital and depressive symptoms: The association of psychosocial and network dimensions of social capital with depressive symptoms in Montreal, Canada.\"<\/strong>&nbsp; Emma Bassett,&nbsp;Spencer Moore, <em>Social Science and Medicine<\/em>, 2013; 86: 96-102.<\/p>\r\n\r\n<p>5. \"<strong>Physical Inactivity Mediates the Association between the Perceived Exercising Behavior of Social Network Members and Obesity: A Cross-Sectional Study.\"&nbsp; <\/strong>Leroux JS,&nbsp;Moore S, Richard L, Gauvin L (2012) . <em>PLoS ONE<\/em> 7(10): e46558. doi:10.1371\/journal.pone.0046558<\/p>\r\n\r\n<p>6.&nbsp;<strong>\"Network social capital, social participation, and physical inactivity in an urban adult population.\"<\/strong> &nbsp;Hannah Legh-Jones, Spencer Moore. <em>Social Science &amp; Medicine<\/em>, 2012, 74, 1362-1367.<\/p>\r\n\r\n<p>7. <strong>\u201cSocial capital and core neighborhood ties: A validation study of individual-level social capital measures of neighborhood social connections.\u201d<\/strong><span>&nbsp;Spencer Moore, Ulf Bockenholt, Mark Daniel, Katherine Frohlich, Yan Kestens, Lucie Richard.&nbsp;<\/span><em>Health and Place<\/em><span>. 2011, 17, 536-544.<\/span><\/p>\r\n\r\n<p><em><strong>Publications (MoNNET-HA Follow Up --&nbsp;Waves 1 - 2 data)<\/strong><\/em><\/p>\r\n\r\n<p><strong>1. &nbsp;\"<\/strong><strong>Network social capital reduces the chances of smoking relapse:&nbsp;<\/strong><strong>A two-year follow-up study of urban-dwelling adults.\"&nbsp;<\/strong>Spencer Moore, Ana Teixeira, Steven Stewart. &nbsp;<em>American Journal of Public Health<\/em>,&nbsp;Forthcoming.<\/p>\r\n\r\n<p><em><strong>Publications (MoNNET-HA Cohort&nbsp;-- Waves 1 - 3 data)<\/strong><\/em><\/p>\r\n\r\n<p>1. <strong>\"Cohort Profile: The Montreal Neighbourhood Networks and Healthy Aging (MoNNET-HA) study.\"&nbsp; <\/strong>Spencer Moore, David L. Buckeridge, Laurette Dub\u00e9.&nbsp; <em>International Journal of Epidemiology<\/em>, 2014, 1-9, doi: 10.1093\/ije\/dyu137<\/p>\r\n\r\n<p>&nbsp;<\/p>\r\n\r\n<p><strong>* MoNNET-HA was funded by the Canadian Institutes of Health Research (CIHR) [MOP-84584] and was&nbsp;not originally designed as a cohort study. &nbsp;The study team consisted of Drs. Spencer Moore(PI), Ulf Bockenholt, Mark Daniel, Kate Frohlich, Lise Gauvin, Yan Kestens, and Lucie Richard. &nbsp;Additional funding provided by a CIHR - Institute of Aging Catalyst Grant&nbsp;(CHL\u2010126208) enabled the MoNNET-HA Cohort to be established. &nbsp;The MoNNET-HA Cohort study team consists of Drs. Spencer Moore (PI), Laurette Dube, and David Buckeridge.<\/strong><\/p>\r\n"}],"populations":[{"id":"0e49070f-5630-45b1-b897-66d474ac406c","name":[{"lang":"en","value":"MoNNET-HA population"}],"description":[{"lang":"en","value":"<p>The MoNNET-HA cohort consists of men and women aged 25 years and older, residing in the Montreal metropolitan area.<\/p>\r\n"}],"recruitment":{"dataSources":["general"],"generalPopulationSources":["random"]},"selectionCriteria":{"ageMin":25,"countriesIso":["CAN"],"territory":[{"lang":"en","value":"<p>Montreal metropolitan area.<\/p>\r\n"}],"otherCriteria":[{"lang":"en","value":"<p>- Being non-institutionalized,<\/p>\r\n\r\n<p>- Having resided at their current address for at least 1 year, and<\/p>\r\n\r\n<p>- Being able to complete the questionnaire in French or English.<\/p>\r\n"}]},"numberOfParticipants":{"participant":{"noLimit":false,"number":2707},"sample":{"noLimit":false},"info":[{"lang":"en","value":"<p>Wave 1: 2707 participants<\/p>\r\n\r\n<p>Wave 2: 1400 participants<\/p>\r\n\r\n<p>Wave 3: 972 participants<\/p>\r\n"}]},"dataCollectionEvents":[{"id":"3cb3caf8-db06-4618-b380-a0dcf2745557","name":[{"lang":"en","value":"MoNNET-HA - Baseline Wave 1"}],"description":[{"lang":"en","value":"<p>MoNNET-HA participants were recruited for initial telephone interviews in the summer of 2008.<\/p>\r\n\r\n<p>The MoNNET-HA study measures cover five main areas:<\/p>\r\n\r\n<p>(i) Social networks and social capital;<\/p>\r\n\r\n<p>(ii) Psychosocial resources;<\/p>\r\n\r\n<p>(iii) Sociodemographic and socioeconomic variables;<\/p>\r\n\r\n<p>(iv) Health behaviours, conditions and health service use; and<\/p>\r\n\r\n<p>(v) Neighbourhood environmental characteristics.<\/p>\r\n"}],"startYear":2008,"startMonth":6,"endYear":2008,"endMonth":9,"dataSources":["questionnaires"]},{"id":"5d280306-e353-4e28-b44e-9f208edc28a8","name":[{"lang":"en","value":"MoNNET-HA - Follow-up Wave 2"}],"description":[{"lang":"en","value":"<p>The participants were followed up in the autumn of 2010.<\/p>\r\n\r\n<p>The MoNNET-HA study measures cover five main areas:<\/p>\r\n\r\n<p>(i) Social networks and social capital;<\/p>\r\n\r\n<p>(ii) Psychosocial resources;<\/p>\r\n\r\n<p>(iii) Sociodemographic and socioeconomic variables;<\/p>\r\n\r\n<p>(iv) Health behaviours, conditions and health service use; and<\/p>\r\n\r\n<p>(v) Neighbourhood environmental characteristics.<\/p>\r\n"}],"startYear":2010,"startMonth":9,"endYear":2010,"endMonth":12,"dataSources":["questionnaires"]},{"id":"22b6f6f5-80bf-4d43-a484-0c1e6bad846b","name":[{"lang":"en","value":"MoNNET-HA - Follow-up Wave 3"}],"description":[{"lang":"en","value":"<p>The participants were followed up again in the winter of 2013\/14.<\/p>\r\n\r\n<p>The MoNNET-HA study measures cover five main areas:<\/p>\r\n\r\n<p>(i) Social networks and social capital;<\/p>\r\n\r\n<p>(ii) Psychosocial resources;<\/p>\r\n\r\n<p>(iii) Sociodemographic and socioeconomic variables;<\/p>\r\n\r\n<p>(iv) Health behaviours, conditions and health service use; and<\/p>\r\n\r\n<p>(v) Neighbourhood environmental characteristics.<\/p>\r\n\r\n<p>During the third wave of data collection, MoNNET-HA cohort participation was formalized and participants were asked if their survey information could be linked to their R\u00e9gie d'Assurance Maladie Qu\u00e9bec (RAMQ) health registry data.<\/p>\r\n"}],"startYear":2013,"startMonth":12,"endYear":2014,"endMonth":3,"dataSources":["questionnaires","administratives_databases"],"administrativeDatabases":["health_databases"]}]}]}