{"id":"23992b8c-a696-4c19-a5ad-58c5a415f05a","name":[{"lang":"en","value":"Minority Aging Research Study (MARS)"}],"acronym":[{"lang":"en","value":"MARS"}],"investigators":[{"lastName":"Lisa L. Barnes, PhD (Rush University Medical Center)","dataAccessCommitteeMember":false,"institution":{"name":[{"lang":"en","value":"Rush University Medical Center"}],"address":[]}}],"contacts":[{"lastName":"Annie Barz (Rush Alzheimer's Disease Center)","email":"Anne_Barz@rush.edu","phone":"312-942-8974","dataAccessCommitteeMember":false,"institution":{"name":[{"lang":"en","value":"Rush Alzheimer's Disease Center"}],"department":[{"lang":"en","value":"Rush Univeristy Medical Center"}],"address":{"street":[{"lang":"en","value":"600 S. Paulina, room 1029"}],"city":[{"lang":"en","value":"Chicago"}],"zip":"60612","state":"IL","country":{"iso":"US","name":[{"lang":"en","value":"United States"}]}}}},{"lastName":"Gregory Klein (Rush Alzheimer's Disease Center)","email":"Gregory_Klein@rush.edu","phone":"312-942-3365","dataAccessCommitteeMember":false,"institution":{"name":[{"lang":"en","value":"Rush Alzheimer's Disease Center"}],"address":{"country":{"iso":"US","name":[{"lang":"en","value":"United States"}]}}}}],"objectives":[{"lang":"en","value":"<p>The goal of the proposed project is to conduct an epidemiologic longitudinal study to identify risk factors for change in cognitive function in older African Americans<\/p>\r\n"}],"specificAuthorization":{"authorized":true,"authorizer":"Lisa L. Barnes, PhD","date":"2013-11-06T00:00:00-05:00"},"maelstromAuthorization":{"authorized":false,"authorizer":"Lisa L. Barnes, Phd","date":"2013-11-07T00:00:00-05:00"},"methods":{"designs":["cohort_study"],"followUpInfo":[{"lang":"en","value":"<p>Annual follow-up<\/p>\r\n"}],"recruitments":["individuals"]},"numberOfParticipants":{"participant":{"noLimit":false,"number":950},"sample":{"noLimit":false,"number":950},"info":[{"lang":"en","value":"<p class=\"western\" lang=\"en-US\">blood collected and stored on most participants, goal is for 100 brain autopsies<\/p>\r\n"}]},"startYear":2004,"access":["data","biosamples"],"markerPaper":"Barnes LL, Shah RC, Aggarwal NT, Bennett DA, Schneider JA. The Minority Aging Research Study: Ongoing Efforts to Obtain Brain Donation in African Americans without dementia. Current Alzheimer\u2019s Research. 2012; 9:736-747.","pubmedId":"22471868","info":[{"lang":"en","value":"<p>The Minority Aging Research Study (MARS), a longitudinal clinical-pathologic study of aging and risk factors for cognitive decline, enrolls older African Americans free of dementia, and performs annual uniform, structured, clinical evaluations that include a detailed assessment of risk factors, neurological examination, donation of a blood sample for genetic testing, and comprehensive neuropsychological testing. To be eligible, potential participants have to be 65 years or older, no prior diagnosis of dementia, not taking medications typically prescribed for Alzheimer\u2019s disease, and selfidentify as African Americans using questions from the 1990 U.S. Census. The specific question is: With which group do you most closely identify yourself? White; Black, Negro, African-American; Native American, Indian; Eskimo; Aleut; Asian or Pacific Island. They are then asked whether they are of Spanish\/Hispanic\/Latino origin (yes\/no). The study is funded by the National Institute on Aging and was approved by the Institutional Review Board of Rush University Medical Center.<\/p>\r\n\r\n<p><strong>Data\/Bio-specimen Access: <\/strong> To apply for access to RADC data\/tissue, please enter an electronic request at our website: https:\/\/www.radc.rush.edu\/res\/ext\/home.htm.<\/p>\r\n"}],"populations":[{"id":"66722f0d-36ad-4e31-9282-0d664092bd58","name":[{"lang":"en","value":"MARS"}],"description":[{"lang":"en","value":"<p>African American participants 65 and older. Participants must be 65 years or older, no prior diagnosis of dementia, not taking medications typically prescribed for Alzheimer\u2019s disease, and self identify as African Americans using questions from the 1990 U.S. Census<\/p>\r\n"}],"recruitment":{"dataSources":["general"],"generalPopulationSources":["volunteer"]},"selectionCriteria":{"ageMin":65,"countriesIso":["USA"],"territory":[{"lang":"en","value":"<p>Chicagoland area<\/p>\r\n"}],"ethnicOrigin":[{"localizedStrings":[{"lang":"en","value":"African American"}]}],"healthStatus":[{"localizedStrings":[{"lang":"en","value":"Not demented at baseline"}]}]},"numberOfParticipants":{"participant":{"noLimit":false,"number":650},"sample":{"noLimit":false,"number":650}},"dataCollectionEvents":[{"id":"855a7d8e-1cf5-4889-bf1e-c7d8576002c6","name":[{"lang":"en","value":"Annual Follow-up visit"}],"description":[{"lang":"en","value":"<p class=\"western\" lang=\"en-US\"><span lang=\"fr-FR\">The window for the annual follow up visit is 9 \u2013 16 months from previous visit. Annual follow up data collection event contains cognitive measures, medical history questions, blood pressure, neuro exam, and a visit by the clinician. The Medical history questions bridge the period from previous visit to the current visit. Data collection ends if a participant withdraws from the study or is deceased. We seek to collect brain, spinal cord, muscle and nerve tissue from deceased participants at autopsy.&nbsp;<\/span><\/p>\r\n"}],"startYear":2005,"endYear":2013,"endMonth":12,"dataSources":["questionnaires","physical_measures","biological_samples"],"bioSamples":["blood","others"],"otherBioSamples":[{"lang":"en","value":"<p>brain, spinal cord, muscle, and nerve tissue upon autopsy<\/p>\r\n"}],"attachments":[{"id":"a1031a30-817c-4c46-90fc-bbd7fc46a423","fileName":"MARCOG~1.pdf","type":"dictionaries","description":[{"lang":"en","value":"Cognitive exam - 17 cognitive tests are administered which includes a brief smell test"}],"lang":"en","justUploaded":true},{"id":"38220137-f57e-4bc4-b1fc-94e7113d98f8","fileName":"MARINT~1.pdf","type":"dictionaries","description":[{"lang":"en","value":"Interview - Includes self report measures of health history and activity levels, blood pressure measurements, motor testing"}],"lang":"en","justUploaded":true},{"id":"763ef7ea-e537-4f46-a8de-ceb899499892","fileName":"MARCEV~2.pdf","type":"dictionaries","description":[{"lang":"en","value":"Clinical eval - Neuro exam, self report medical history on vascular issues, listing of medications"}],"lang":"en","justUploaded":true},{"id":"6026e16c-6a3e-4201-ae57-02b752e56b7e","fileName":"MARNEU~1.pdf","type":"dictionaries","description":[{"lang":"en","value":"Neuropsycholoogist's impression of change - Deciding on cognitive domain ratings by interpreting cognitive measures"}],"lang":"en","justUploaded":true},{"id":"847e48a9-0e89-45ba-b4dc-fa07cfcddf97","fileName":"MARDCF~1.pdf","type":"dictionaries","description":[{"lang":"en","value":"Diagnostic classification form - Filled out by clinician where diagnoses are rendered considering all the information collected"}],"lang":"en","justUploaded":true}]},{"id":"0e0c486c-af2e-474b-ba8a-f2ccc7601761","name":[{"lang":"en","value":"Baseline"}],"description":[{"lang":"en","value":"<p class=\"western\" lang=\"en-US\"><span lang=\"fr-FR\">Baseline data collection event contains cognitive measures, medical history questions, blood pressure, neuro exam, and a visit by the clinician. The Medical history questions bridge the period from prior to study enrollment to baseline visit.<\/span><\/p>\r\n"}],"startYear":2004,"endYear":2013,"endMonth":12,"dataSources":["questionnaires","physical_measures","biological_samples"],"bioSamples":["blood"],"attachments":[{"id":"867ec317-1889-4a16-be95-2a693528de89","fileName":"MARCOG~1.pdf","type":"dictionaries","description":[{"lang":"en","value":"Cognitive exam - 17 cognitive tests are administered which includes a brief smell test"}],"lang":"en","justUploaded":true},{"id":"3814ca20-c257-401a-8692-5d7196082159","fileName":"MARINT~2.pdf","type":"dictionaries","description":[{"lang":"en","value":"Interview - Includes self report measures of health history and activity levels, blood pressure measurements, motor testing"}],"lang":"en","justUploaded":true},{"id":"10490f54-0d9f-4bfa-996b-efa8760f7cc1","fileName":"MARCEV~1.pdf","type":"dictionaries","description":[{"lang":"en","value":"Clinical eval - Neuro exam, self report medical history on vascular issues, listing of medications"}],"lang":"en","justUploaded":true},{"id":"c1a0e056-356d-4ab0-80bb-d4a092ba8ad6","fileName":"MARNEU~1.pdf","type":"dictionaries","description":[{"lang":"en","value":"Neuropsycholoogist's impression of change - Deciding on cognitive domain ratings by interpreting cognitive measures"}],"lang":"en","justUploaded":true},{"id":"61e7eeb6-4378-40e5-a6fa-b4341e2b45cb","fileName":"MARDCF~1.pdf","type":"dictionaries","description":[{"lang":"en","value":"Diagnostic classification form - Filled out by clinician where diagnoses are rendered considering all the information collected"}],"lang":"en","justUploaded":true}]}]},{"id":"3d689f3f-d862-474f-a600-85848ba60f3e","name":[{"lang":"en","value":"UDS\/MARS"}],"description":[{"lang":"en","value":"<p>African American participants 65 years and older with an informant who agree to be a part of the NACC study and who complete a supplementary battery of MARS cognitive tests and risk factor assessment.<\/p>\r\n"}],"recruitment":{"dataSources":["general"],"generalPopulationSources":["volunteer"]},"selectionCriteria":{"ageMin":65,"countriesIso":["USA"],"territory":[{"lang":"en","value":"<p>Chicagoland area<\/p>\r\n"}],"ethnicOrigin":[{"localizedStrings":[{"lang":"en","value":"African American"}]}],"healthStatus":[{"localizedStrings":[{"lang":"en","value":"Not demented at baseline"}]}],"otherCriteria":[{"lang":"en","value":"<p>Donation of brain, spinal cord, muscle, nerve tissue upon death is not necessary for enrollment. Blood sample donation is voluntary as well.<\/p>\r\n"}]},"numberOfParticipants":{"participant":{"noLimit":false,"number":300},"sample":{"noLimit":false,"number":300}},"dataCollectionEvents":[{"id":"c968805a-6fe7-4b1e-b115-bd6ae83dabc3","name":[{"lang":"en","value":"Annual Follow-up visit"}],"description":[{"lang":"en","value":"<p class=\"western\" lang=\"en-US\"><span lang=\"fr-FR\">The window for the annual follow up visit is 9 \u2013 16 months from previous visit. Annual follow up data collection event contains cognitive measures, medical history questions, blood pressure, neuro exam, and a visit by the clinician. The Medical history questions bridge the period from previous visit to the current visit. Data collection ends if a participant withdraws from the study or is deceased. We seek to collect brain, spinal cord, muscle and nerve tissue from deceased participants at autopsy.<\/span><\/p>\r\n"}],"startYear":2010,"startMonth":3,"endYear":2013,"endMonth":12,"dataSources":["questionnaires","physical_measures","biological_samples"],"bioSamples":["blood","others"],"otherBioSamples":[{"lang":"en","value":"<p>brain, spinal cord, muscle, and nerve tissue upon autopsy<\/p>\r\n"}]},{"id":"616899e5-6182-4061-b41a-5f8031d7e7ba","name":[{"lang":"en","value":"Baseline"}],"description":[{"lang":"en","value":"<p class=\"western\" lang=\"en-US\"><span lang=\"fr-FR\">Baseline data collection event contains cognitive measures, medical history questions, blood pressure, neuro exam, and a visit by the clinician. The Medical history questions bridge the period from prior to study enrollment to baseline visit.&nbsp;<\/span><\/p>\r\n"}],"startYear":2009,"startMonth":3,"endYear":2013,"endMonth":12,"dataSources":["questionnaires","physical_measures","biological_samples"],"bioSamples":["blood"]}]}]}