{"id":"cab42b6e-3369-4c77-850c-63b968b884bf","name":[{"lang":"en","value":"Whitehall II"}],"investigators":[{"lastName":"Prof. Mika Kivimaki (University College London)","email":"m.kivimaki@ucl.ac.uk","phone":"442076798260","dataAccessCommitteeMember":false,"institution":{"name":[{"lang":"en","value":"University College London"}],"department":[{"lang":"en","value":"Department of Epidemiology and Public Health"}],"address":{"city":[{"lang":"en","value":"London"}],"country":{"iso":"GB","name":[{"lang":"en","value":"United Kingdom"}]}}}},{"lastName":"Prof. Eric Brunner (University College London)","email":"e.brunner@ucl.ac.uk","phone":"0044 20 7679 1689","dataAccessCommitteeMember":false,"institution":{"name":[{"lang":"en","value":"University College London"}],"department":[{"lang":"en","value":"Department of Epidemiology and Public Health"}],"address":{"city":[{"lang":"en","value":"London"}],"country":{"iso":"GB","name":[{"lang":"en","value":"United Kingdom"}]}}}},{"lastName":"Dr. Archana Singh-Manoux (University College London)","email":"a.singh-manoux@ucl.ac.uk","dataAccessCommitteeMember":false,"institution":{"name":[{"lang":"en","value":"University College London"}],"department":[{"lang":"en","value":"Department of Epidemiology and Public Health"}],"address":{"city":[{"lang":"en","value":"London"}],"country":{"iso":"GB","name":[{"lang":"en","value":"United Kingdom"}]}}}}],"contacts":[{"lastName":"Dr. Aida Sanchez (University College London)","email":"a.sanchez@ucl.ac.uk","phone":" +44 (0)20 7679 5652 (Extension 45652)","dataAccessCommitteeMember":false,"institution":{"name":[{"lang":"en","value":"University College London"}],"department":[{"lang":"en","value":"Department of Epidemiology and Public Health"}],"address":{"street":[{"lang":"en","value":"1-19 Torrington Place"}],"city":[{"lang":"en","value":"London"}],"zip":"WC1E 6BT","country":{"iso":"GB","name":[{"lang":"en","value":"United Kingdom"}]}}}}],"objectives":[{"lang":"en","value":"<p>The first Whitehall study, set up in 1967, included 18,000 men in the British Civil Service. It showed that men in the lowest employment grades were much more likely to die prematurely than men in the highest grades. Furthermore, these socio-economic inequalities in health did not appear to be fully accounted for by differences in well-known risk factors, such as smoking.<\/p>\r\n\r\n<p>The Whitehall II (WII)&nbsp;study,&nbsp;also known as the Stress &amp; Health Study,&nbsp;was established in 1985&nbsp;to explore the relationship between socio-economic status, stress and cardiovascular disease, this time also including&nbsp;women.&nbsp;A cohort of 10,308 participants aged 35-55, of whom 3,413 were women and 6,895 men, was recruited from the British Civil Service in 1985. Since this first wave of data collection, self-completion questionnaires and clinical data have been collected from the cohort every two to five years with a high level of participation. As a consequence, the WII study is currently very well placed to answer questions about how previous and current circumstances affect health and quality of life in an ageing cohort. To this end, the WII study continues to collect data in order to examine the interrelationships between socioeconomic &nbsp;biological, psychosocial, and behavioural factors in the ageing process, and identify key determinants of late life depression, cognitive decline, chronic disease, and physical functioning. Data collection is intended to continue until 2030.&nbsp;<\/p>\r\n"}],"website":"http:\/\/www.ucl.ac.uk\/whitehallII","specificAuthorization":{"authorized":true,"authorizer":"Mika Kivimaki","date":"2014-07-23T00:00:00-04:00"},"maelstromAuthorization":{"authorized":true,"authorizer":"Mika Kivimaki","date":"2014-07-23T00:00:00-04:00"},"methods":{"designs":["cohort_study"],"followUpInfo":[{"lang":"en","value":"<p>The whole cohort has been&nbsp;invited to fill in a comprehensive self-completion questionnaire&nbsp;and to&nbsp;attend the research clinic at 5-year intervals, which has been reduced to a 3-years interval&nbsp;from 2012.&nbsp;A&nbsp;postal self-completion questionnaire was sent to participants between clinic phases up to 2006.&nbsp;<\/p>\r\n"}],"recruitments":["individuals"]},"numberOfParticipants":{"participant":{"noLimit":false,"number":10308},"sample":{"noLimit":false,"number":10308}},"startYear":1985,"access":["data","biosamples"],"markerPaper":"Marmot M, Brunner E. Cohort Profile: the Whitehall II study. Int J Epidemiol.  2005 Apr;34(2):251-6. Epub 2004 Dec 2.","pubmedId":"15576467","attachments":[{"id":"c6a02cfb-56c2-42a6-9a14-6583a5b42b6e","fileName":"W2_Data_Sharing_Policy.pdf","type":"document","description":[{"lang":"en","value":"Whitehall II Data Sharing Policy"}],"lang":"en","justUploaded":true}],"info":[{"lang":"en","value":"<p><span><span>The Whilehall II study is a member of the following networks:<\/span><\/span><\/p>\r\n\r\n<p><span>- &nbsp; &nbsp; &nbsp; HALCyon (Healthy Ageing across the Life Course)<\/span><\/p>\r\n\r\n<p><span>-<span>&nbsp;&nbsp;&nbsp;&nbsp;&nbsp;&nbsp;&nbsp;<\/span><\/span><span>ERFC &nbsp;(Emerging Risk Factors Collaboration)<\/span><\/p>\r\n\r\n<p><span>-<span>&nbsp;&nbsp;&nbsp;&nbsp;&nbsp;&nbsp;&nbsp;<\/span><\/span><span>IPD-Work Consortium (\"Individual-participant-data meta-analysis of working populations\")<\/span><\/p>\r\n\r\n<p><span>-<span>&nbsp;&nbsp;&nbsp;&nbsp;&nbsp;&nbsp;&nbsp;<\/span><\/span><span>LEAD Consortium (Leadership in&nbsp;Epidemiological Analysis of longitudinal&nbsp;Diabetes-related data)<\/span><\/p>\r\n\r\n<p><span>-<span>&nbsp;&nbsp;&nbsp;&nbsp;&nbsp;&nbsp;&nbsp;<\/span><\/span><span>IL6R MR Consortium (Interleukin-6 Receptor Mendelian Randomisation Analysis)<\/span><\/p>\r\n\r\n<p><span>-<span>&nbsp;&nbsp;&nbsp;&nbsp;&nbsp;&nbsp;&nbsp;<\/span><\/span><span>ICBP (International Consortium for Blood Pressure)&nbsp;<\/span><\/p>\r\n"}],"populations":[{"id":"b98e0b7d-2c46-4932-817c-eca2615c2e91","name":[{"lang":"en","value":"Whitehall II population"}],"description":[{"lang":"en","value":"<p>The Whitehall II population consists of&nbsp;civil servants (men and women) aged 35\u201355 years working in the London offices of 20 Whitehall departments in 1985\u201388.<\/p>\r\n"}],"recruitment":{"dataSources":["general"],"generalPopulationSources":["volunteer"]},"selectionCriteria":{"ageMin":35,"ageMax":55,"countriesIso":["GBR"],"territory":[{"lang":"en","value":"<p>Central London, England.<\/p>\r\n"}]},"numberOfParticipants":{"participant":{"noLimit":false,"number":10308},"sample":{"noLimit":false},"info":[{"lang":"en","value":"<p>Phase 1: 10 308 participants (3413 women and 6895 men)<\/p>\r\n\r\n<p>Phase 2: 8132 participants<\/p>\r\n\r\n<p>Phase 3: 8815 participants<\/p>\r\n\r\n<p>Phase 4: 8628 participants<\/p>\r\n\r\n<p>Phase 5:&nbsp;7870 participants<\/p>\r\n\r\n<p>Phase 6: 7355 participants<\/p>\r\n\r\n<p>Phase 7: 6967 participants<\/p>\r\n\r\n<p>Phase 8: 7173 participants<\/p>\r\n\r\n<p>Phase 9: 6761 participants<\/p>\r\n\r\n<p>Phase 10: 277 participants<\/p>\r\n\r\n<p>Phase 11: 6318 participants<\/p>\r\n"}]},"dataCollectionEvents":[{"id":"811d7169-7949-4581-8251-c5acb7542ada","name":[{"lang":"en","value":"Phase 1"}],"description":[{"lang":"en","value":"<p>Clinic visit for medical examination and completion of a full questionnaire. Brief telephone questionnaire was administered to&nbsp;those who declined clinic and full questionnaire. n= 10308<\/p>\r\n"}],"startYear":1985,"endYear":1988,"dataSources":["questionnaires","physical_measures"]},{"id":"d4cc0fba-f407-4866-ae62-a0acb1ca0d55","name":[{"lang":"en","value":"Phase 10 (pilot)"}],"description":[{"lang":"en","value":"<p>A small group of Stress and Health participants were selected randomly and invited to attend the Phase 10 clinic.<\/p>\r\n"}],"startYear":2011,"startMonth":2,"endYear":2011,"endMonth":3,"dataSources":["questionnaires","physical_measures"]},{"id":"e9225095-7734-4654-bbd8-f9f841aea8d8","name":[{"lang":"en","value":"Phase 11"}],"description":[{"lang":"en","value":"<p>Clinic visit for medical examination and completion of a full questionnaire. Brief telephone questionnaire was administered to those who declined clinic and full questionnaire. Home visit by nurses was offered to participants unwilling or unable to travel to clinic. n=?<\/p>\r\n"}],"startYear":2012,"endYear":2013,"dataSources":["questionnaires","physical_measures"]},{"id":"6ab24561-50b8-4b2e-a06e-9564a8b302e5","name":[{"lang":"en","value":"Phase 2"}],"description":[{"lang":"en","value":"<p>Follow up of participants by postal questionnaire. n=8132.<\/p>\r\n"}],"startYear":1989,"endYear":1990,"dataSources":["questionnaires"]},{"id":"42dd8958-4b32-4f1c-a6ec-992b2bce9e50","name":[{"lang":"en","value":"Phase 3"}],"description":[{"lang":"en","value":"<p>Clinic visit for medical examination and completion of a full questionnaire. Brief telephone questionnaire was administered to&nbsp;those who&nbsp;declined clinic and full questionnaire. n= 8815.<\/p>\r\n"}],"startYear":1991,"endYear":1994,"dataSources":["questionnaires","physical_measures"]},{"id":"c60513c8-2eed-494c-955e-43fd1429127f","name":[{"lang":"en","value":"Phase 4"}],"description":[{"lang":"en","value":"<p>Follow up of participants by postal questionnaire. n=8628.<\/p>\r\n"}],"startYear":1995,"endYear":1996,"dataSources":["questionnaires"]},{"id":"1b076091-765b-496f-83ad-c7ce89bacae4","name":[{"lang":"en","value":"Phase 5"}],"description":[{"lang":"en","value":"<p>Clinic visit for medical examination and completion of a full questionnaire. Brief telephone questionnaire was administered to&nbsp;those who&nbsp;declined clinic and full questionnaire. n= 7870.<\/p>\r\n"}],"startYear":1997,"endYear":1999,"dataSources":["questionnaires","physical_measures"]},{"id":"6acc651c-32f3-45da-b7a4-440a06f4476e","name":[{"lang":"en","value":"Phase 6"}],"description":[{"lang":"en","value":"<p>Follow up of participants by postal questionnaire. n=7355.<\/p>\r\n"}],"startYear":2001,"endYear":2001,"dataSources":["questionnaires"]},{"id":"552e3c7b-59bd-4deb-b652-bb4ae50e1f43","name":[{"lang":"en","value":"Phase 7"}],"description":[{"lang":"en","value":"<p>Clinic visit for medical examination and completion of a full questionnaire. Brief telephone questionnaire was administered to&nbsp;those who&nbsp;declined clinic and full questionnaire. Home visit by nurses was offered to participants unwilling or unable to travel to clinic. n=6967<\/p>\r\n"}],"startYear":2002,"endYear":2004,"dataSources":["questionnaires","physical_measures"]},{"id":"86961096-4969-4491-9466-e60c696828cf","name":[{"lang":"en","value":"Phase 8"}],"description":[{"lang":"en","value":"<p>Follow up of participants by postal questionnaire. n=7173.<\/p>\r\n"}],"startYear":2006,"endYear":2006,"dataSources":["questionnaires"]},{"id":"f5300a48-133f-4c6a-a27c-d26fd149eb69","name":[{"lang":"en","value":"Phase 9"}],"description":[{"lang":"en","value":"<p>Clinic visit for medical examination and completion of a full questionnaire. Brief telephone questionnaire was administered to those who declined clinic and full questionnaire. Home visit by nurses was offered to participants unwilling or unable to travel to clinic. n=6761.<\/p>\r\n"}],"startYear":2007,"endYear":2009,"dataSources":["questionnaires","physical_measures"]}]}]}