{"id":"49418c19-09eb-48d5-a365-b52e90b2f4cb","name":[{"lang":"en","value":"Study of life habits and behaviours associated with STIs among youth residing in Quebec Youth Centres"}],"investigators":[{"lastName":"Dr. Gilles Lambert (University of Montreal Public Health Research Institute (IRSPUM))","email":"glambert@santepub-mtl.qc.ca","phone":"(514) 528 - 2400 ext 3802","dataAccessCommitteeMember":false,"institution":{"name":[{"lang":"en","value":"University of Montreal Public Health Research Institute (IRSPUM)"}],"department":[{"lang":"en","value":"Social and Preventive Medicine"}],"address":{"city":[{"lang":"en","value":"Montreal"}],"state":"Quebec","country":{"iso":"CA","name":[{"lang":"en","value":"Canada"}]}}}},{"lastName":"Dr. Nancy Haley (Sainte-Justine University Health Centre)","email":"nhaley@santepub-mtl.qc.ca","phone":"514-345-4931 ext 2770","dataAccessCommitteeMember":false,"institution":{"name":[{"lang":"en","value":"Sainte-Justine University Health Centre"}],"address":{"city":[{"lang":"en","value":"Montreal"}],"state":"Quebec","country":{"iso":"CA","name":[{"lang":"en","value":"Canada"}]}}}}],"contacts":[{"lastName":"Dr. Gilles Lambert (University of Montreal Public Health Research Institute (IRSPUM))","email":"glambert@santepub-mtl.qc.ca","phone":"(514) 528 - 2400 ext 3802","dataAccessCommitteeMember":false,"institution":{"name":[{"lang":"en","value":"University of Montreal Public Health Research Institute (IRSPUM)"}],"department":[{"lang":"en","value":"Social and Preventive Medicine"}],"address":{"city":[{"lang":"en","value":"Montreal"}],"state":"Quebec","country":{"iso":"CA","name":[{"lang":"en","value":"Canada"}]}}}}],"objectives":[{"lang":"en","value":"<p>The main objectives of this study were:<\/p>\r\n\r\n<p><span>- to describe sexual behaviours and use of tobacco, alcohol and drugs;<\/span><\/p>\r\n\r\n<p>- to describe diverse aspects of physical and mental health;<\/p>\r\n\r\n<p>- to describe medical and psychosocial services utilization related to&nbsp;sexuality (contraception, STBBI screening) as well as&nbsp;alcohol and drug use;<\/p>\r\n\r\n<p>- to estimate the prevalence of two sexually transmitted infections: genital chlamydiosis&nbsp;and gonorrhoeal infection<\/p>\r\n\r\n<p>among youth aged 14 years and&nbsp;over residing in Quebec&nbsp;Youth Centers.<\/p>\r\n"}],"website":"http:\/\/www.dsp.santemontreal.qc.ca\/publications\/publications_resume.html?tx_wfqbe_pi1%5Buid%5D=1428","specificAuthorization":{"authorized":true,"authorizer":"Dr Gilles Lambert","date":"2014-08-25T00:00:00-04:00"},"maelstromAuthorization":{"authorized":true,"authorizer":"Dr Gilles Lambert","date":"2014-08-25T00:00:00-04:00"},"methods":{"designs":["cross_sectional"],"followUpInfo":[{"lang":"en","value":"<p>In each unit, a member of the project team presented the objectives of the study to the teenagers and solicitated their participation during a group meeting. The interviews took place in the Youth Centre&nbsp;where the participants were&nbsp;residing, during the week following the group meeting in the units.<\/p>\r\n"}],"recruitments":["individuals"]},"numberOfParticipants":{"participant":{"noLimit":false,"number":610},"sample":{"noLimit":false,"number":610},"info":[{"lang":"en","value":"<p>To establish the prevalence of genital chlamydosis and gonorrhoeal infection, teenagers who never had sexual intercourse, uninfected teenagers who had taken oral or injected antibiotics during the month preceding the sampling, uninfected teenagers who had urinated&nbsp;less&nbsp;than 2 hours before the test and one&nbsp;teenager who had an indeterminate test result were excluded.<\/p>\r\n"}]},"startYear":2008,"endYear":2009,"access":["data"],"markerPaper":"Lambert G, Haley N, et al. Sexe, drogue et autres questions de sant\u00e9. \u00c9tude sur les habitudes de vie et les comportements associ\u00e9s aux infections transmissibles sexuellement chez les jeunes h\u00e9berg\u00e9s dans les centres jeunesse du Qu\u00e9bec, 2012, 85 pages.","info":[{"lang":"en","value":"<p>For the results of this study, a discussion of the results and the&nbsp;conclusion, please refer to the report by&nbsp;Lambert G, Haley N, et al. <em>Sexe, drogue et autres questions de sant\u00e9. \u00c9tude sur les habitudes de vie et les comportements associ\u00e9s aux infections transmissibles sexuellement chez les jeunes h\u00e9berg\u00e9s dans les centres jeunesse du Qu\u00e9bec<\/em>, 2012,&nbsp;available here:&nbsp;http:\/\/publications.santemontreal.qc.ca\/uploads\/tx_asssmpublications\/978-2-89673-134-3.pdf.<\/p>\r\n"}],"populations":[{"id":"b3d40322-1c67-4d11-8345-b838ff482fe3","name":[{"lang":"en","value":"Teenagers in Youth Centres"}],"description":[{"lang":"en","value":"<p>Boys and girls aged between 14 and 20 years admitted in readaptation sites or in group housing of Quebec Youth Centres.<\/p>\r\n"}],"recruitment":{"dataSources":["specific_population"],"specificPopulationSources":["other"],"otherSpecificPopulationSource":[{"lang":"en","value":"<p>Teenagers residing in Youth Centres.<\/p>\r\n"}]},"selectionCriteria":{"ageMin":14,"ageMax":20,"countriesIso":["CAN"],"territory":[{"lang":"en","value":"<p>Montreal, Mont\u00e9r\u00e9gie, Laval, Laurentians&nbsp;and Eastern Townships.<\/p>\r\n"}],"otherCriteria":[{"lang":"en","value":"<p>- aged 14 years and older,<\/p>\r\n\r\n<p>- residing in a Youth centre&nbsp;or group housing for&nbsp;at least 48 hours,<\/p>\r\n\r\n<p>- comprehension of French or English,<\/p>\r\n\r\n<p>- not having participated in the study at a previous recruitment session.<\/p>\r\n"}]},"numberOfParticipants":{"participant":{"noLimit":false,"number":610},"sample":{"noLimit":false,"number":610},"info":[{"lang":"en","value":"<p>To establish the prevalence of genital chlamydosis and gonorrhoeal infection, teenagers who never had sexual intercourse, uninfected teenagers who had taken an oral or injected antibiotic medication during the month preceding the sampling, uninfected teenagers who urinated&nbsp;less&nbsp;than 2 hours before the test&nbsp;and one&nbsp;teenager who had an indeterminate test result were excluded.<\/p>\r\n"}]},"dataCollectionEvents":[{"id":"e75d9d1d-26c2-4732-91e6-1d8d9c864cf3","name":[{"lang":"en","value":"Teenagers (YC) - Data collection"}],"description":[{"lang":"en","value":"<p>The multiple choice&nbsp;questionnaire was administrated&nbsp;during an individual face-to-face&nbsp;interview, lasting about sixty minutes, and was about sexual behaviours, tobacco, alcohol and drug use and diverse aspects of physical and mental health.<\/p>\r\n\r\n<p>A urine sample was used to detect and&nbsp;estimate the prevalence of two sexually transmitted infections, genital chlamydosis and gonorrhoeal infection.<\/p>\r\n"}],"startYear":2008,"startMonth":7,"endYear":2009,"endMonth":5,"dataSources":["questionnaires","biological_samples"],"bioSamples":["urine"]}]}]}