{"id":"2a851b70-a3eb-4dc1-9237-46d7abc96faf","name":[{"lang":"en","value":"Canadian Health Measures Survey"}],"acronym":[{"lang":"en","value":"CHMS"}],"contacts":[{"lastName":"Canadian Health Measures Survey (Statistics Canada)","email":" infostats@statcan.ca","phone":"1-800-263-1136","dataAccessCommitteeMember":false,"institution":{"name":[{"lang":"en","value":"Statistics Canada"}],"address":{"street":[{"lang":"en","value":"150 Tunney's Pasture Driveway"}],"city":[{"lang":"en","value":"Ottawa"}],"zip":"K1A 0T6","state":"Ontario"}}},{"lastName":"Brent Day (Statistics Canada)","email":"Brent.Day@statcan.gc.ca","phone":"613-951-4280","dataAccessCommitteeMember":false,"institution":{"name":[{"lang":"en","value":"Statistics Canada"}],"address":[]}}],"objectives":[{"lang":"en","value":"Through interviews and the collection of some physical measurements, the survey will help us estimate the number of Canadians potentially at risk of developing certain diseases. It will also enable us to determine relationships between disease risk factors and health status, to explore emerging public health issues and to evaluate new measurement technologies."}],"website":"http:\/\/www23.statcan.gc.ca\/imdb\/p2SV.pl?Function=getSurvey&SDDS=5071&lang=en&db=imdb&adm=8&dis=2","specificAuthorization":{"authorized":false,"date":"1969-12-31T19:00:00-05:00"},"maelstromAuthorization":{"authorized":true,"authorizer":"Brent Day","date":"2013-11-18T00:00:00-05:00"},"methods":{"designs":["cross_sectional"],"recruitments":["individuals"]},"numberOfParticipants":{"participant":{"noLimit":false,"number":11999},"sample":{"noLimit":false,"number":11999},"info":[{"lang":"en","value":"<div><span>Statistics Canada plans to collect blood and urine samples from 5,700 randomly selected persons per cycle&nbsp;(voluntary basis) for the Canadian Health Measures Survey.<\/span><\/div>\r\n\r\n<div><span>The total number of participant for Cycle 1 and Cycle 2 was 6 395 and 5 700 respectively.&nbsp;<\/span><\/div>\r\n"}]},"startYear":2007,"populations":[{"id":"4da47759-68f2-4bc2-b4b6-b269118d139b","name":[{"lang":"en","value":"CHMS population"}],"description":[{"lang":"en","value":"<p><span style=\"color: rgb(73, 89, 97); font-family: 'Helvetica Neue', Helvetica, Arial, sans-serif; line-height: 16.25px;\">The target population for the CHMS covers individuals between 3&nbsp;and 79 years of age&nbsp;living in privately occupied dwellings in the ten provinces and the three territories.&nbsp;For the pilot phase and Cycle 1, the minimum age of participants included was 6 years old.<\/span><\/p>\r\n"}],"recruitment":{"dataSources":["general"],"generalPopulationSources":["volunteer"]},"selectionCriteria":{"ageMin":3,"ageMax":79,"countriesIso":["CAN"],"info":[{"lang":"en","value":"<p><span style=\"color: rgb(73, 89, 97); font-family: 'Helvetica Neue', Helvetica, Arial, sans-serif; line-height: 16.25px;\">People living in Indian Reserves or Crown lands, residents of institutions, full-time members of the Canadian Forces and residents of certain remote regions are excluded. Altogether these exclusions represent less than 6% of the target population.&nbsp;<\/span><\/p>\r\n"}]},"numberOfParticipants":{"participant":{"noLimit":false},"sample":{"noLimit":false}},"dataCollectionEvents":[{"id":"0893083b-0ba3-4c03-b004-a5c0fe753c1d","name":[{"lang":"en","value":"CHMS - Pilot Phase"}],"description":[{"lang":"en","value":"<p><span>The pre-test consisted of a home interview followed by a series of direct physical and laboratory measures conducted in a clinic in the South Calgary Health Centre.<\/span><\/p>\r\n"}],"startYear":2004,"startMonth":10,"endYear":2004,"endMonth":12,"dataSources":["questionnaires","physical_measures","biological_samples"],"bioSamples":["blood","urine"]},{"id":"380ce085-5e66-4d7f-b813-ad5c27e06b9a","name":[{"lang":"en","value":"CHMS - Cycle 1"}],"description":[{"lang":"en","value":"<p><span>Data collection consisted of two steps, a personal interview at the respondent's household followed later by a visit to the CHMS mobile clinic where physical measurements and blood and urine samples were taken.&nbsp;<\/span><\/p>\r\n"}],"startYear":2007,"startMonth":3,"endYear":2009,"endMonth":2,"dataSources":["questionnaires","physical_measures","biological_samples"],"bioSamples":["blood","urine"]},{"id":"d2a5138d-ca6d-465a-9d8a-52f6b51482ac","name":[{"lang":"en","value":"CHMS - Cycle 2"}],"description":[{"lang":"en","value":"<p><span>Data collection consisted&nbsp;of two main steps, a personal interview at the respondent\u2019s household followed later by a visit to the CHMS mobile clinic where physical measurements and blood and urine samples were taken. Indoor air samples were also taken from the home to measure for a number of airborne substances.<\/span><\/p>\r\n"}],"startYear":2009,"startMonth":9,"endYear":2011,"endMonth":12,"dataSources":["questionnaires","physical_measures","biological_samples","others"],"otherDataSources":[{"lang":"en","value":"Indoor air samples"}],"bioSamples":["blood","urine"]},{"id":"7688df69-c7ea-49ee-a335-685cc3dc4a38","name":[{"lang":"en","value":"CHMS - Cycle 3"}],"description":[{"lang":"en","value":"<p><span style=\"color: rgb(73, 89, 97); font-family: 'Helvetica Neue', Helvetica, Arial, sans-serif; line-height: 16.25px;\">Data collection consisted&nbsp;of two main steps, a personal interview at the respondent\u2019s household followed later by a visit to the CHMS mobile clinic where physical measurements and blood and urine samples were taken. Collection also included sampling of indoor air and tap water for measurement of environmental chemicals.<\/span><\/p>\r\n"}],"startYear":2012,"startMonth":1,"endYear":2013,"endMonth":12,"dataSources":["questionnaires","physical_measures","biological_samples","others"],"otherDataSources":[{"lang":"en","value":"Indoor air samples; Tap water samples"}],"bioSamples":["blood","urine"]},{"id":"17a987a7-30c9-47e2-80ff-2baa8e70dd50","name":[{"lang":"en","value":"CHMS - Cycle 4"}],"description":[{"lang":"en","value":"<p><span style=\"color: rgb(73, 89, 97); font-family: 'Helvetica Neue', Helvetica, Arial, sans-serif; line-height: 16.25px;\">Planning for the fourth cycle of the CHMS is currently underway and data collection for this cycle is scheduled to take place between 2014 and 2015<\/span><\/p>\r\n"}],"startYear":2014,"startMonth":1,"endYear":2015,"endMonth":12}]}]}