{"id":"1b0cbe3b-2a99-42a8-9c32-32ce8769a541","name":[{"lang":"en","value":"Notre Dame Study of Health & Well-being (NDHWB)"}],"acronym":[{"lang":"en","value":"NDHWB"}],"investigators":[{"lastName":"Dr. Cindy Bergeman (University of Notre Dame)","email":"cbergema@nd.edu","phone":"(574) 631-0881","dataAccessCommitteeMember":false,"institution":{"name":[{"lang":"en","value":"University of Notre Dame"}],"department":[{"lang":"en","value":"Department of Psychology"}],"address":{"city":[{"lang":"en","value":"Notre Dame"}],"state":"Indiana","country":{"iso":"US","name":[{"lang":"en","value":"United States"}]}}}}],"contacts":[{"lastName":"Dr. Cindy Bergeman (University of Notre Dame)","email":"cbergema@nd.edu","phone":"(574) 631-0881","dataAccessCommitteeMember":false,"institution":{"name":[{"lang":"en","value":"University of Notre Dame"}],"department":[{"lang":"en","value":"Department of Psychology"}],"address":{"city":[{"lang":"en","value":"Notre Dame"}],"state":"Indiana","country":{"iso":"US","name":[{"lang":"en","value":"United States"}]}}}}],"objectives":[{"lang":"en","value":"<p>The broad, long-term objective&nbsp;of this research is to build a multivariate theory of adult&nbsp;resilience that integrates developmental and psychosocial perspectives. The goal is to advance understanding of the multiple pathways that lead to successful development during the young (18-40 years of age),&nbsp;middle (40-60 years of age) and later years of adulthood (60-75 years of age).<\/p>\r\n"}],"website":"http:\/\/adalab.nd.edu\/studies.html","specificAuthorization":{"authorized":false,"authorizer":"Cindy S. Bergeman","date":"1969-12-31T19:00:00-05:00"},"maelstromAuthorization":{"authorized":false,"authorizer":"Cindy S. Bergeman","date":"1969-12-31T19:00:00-05:00"},"methods":{"designs":["cohort_study"],"followUpInfo":[{"lang":"en","value":"<p><span>In each wave, participants filled&nbsp;out a 50-page questionnaire (older adults = 8&nbsp;waves, mid-life cohort = 7 waves and young adults = 2 waves).<\/span><\/p>\r\n\r\n<p><span>In wave one, three,&nbsp;five and&nbsp;seven&nbsp;participants also filled out a daily diary for 56 days (until wave 1&nbsp;for the young adults).<\/span><\/p>\r\n\r\n<p><span>In waves&nbsp;two and four, Bergeman and her colleagues interviewed a subsample of the participants (not in the young adults cohort).<\/span><\/p>\r\n\r\n<p><span>Salivary cortisol was also measured (older adults = wave 7 or 9, mid-life cohort = wave 5 or 7, young adults = wave&nbsp;1 or 3).<\/span><\/p>\r\n\r\n<p><span>In-person medical exam was performed in the older adults cohort between wave 5 and 6.<\/span><\/p>\r\n"}],"recruitments":["individuals"]},"numberOfParticipants":{"participant":{"noLimit":false,"number":1000},"sample":{"noLimit":false},"info":[{"lang":"en","value":"<p>Including older participants, midlife cohort and younger subjects.<\/p>\r\n"}]},"startYear":2006,"endYear":2016,"access":["data"],"markerPaper":"Bergeman CS, Deboeck PR. Trait Stress Resistance and Dynamic Stress Dissipation on Health and Well-Being: The Reservoir Model. Research in Human Development. 2014; 11: 108-125.","populations":[{"id":"1b820aa3-ed14-4f89-827e-510a004d024c","name":[{"lang":"en","value":"NDHWB - Later Life Cohort"}],"description":[{"lang":"en","value":"<p>60-75 years old.<\/p>\r\n"}],"recruitment":{"dataSources":["general"],"generalPopulationSources":["selected_samples"],"info":[{"lang":"en","value":"<p><font face=\"Lucida Sans, Lucida Grande, Lucida Sans Unicode, Helvetica Neue, Helvetica, Arial, Verdana, sans-serif\"><span>Participants were recruited from a list of older adults in the northern Indiana area based on multiple information sources, including census data and the Survey of Residential Households, supplied by a market research&nbsp;firm.<\/span><\/font><\/p>\r\n"}]},"selectionCriteria":{"ageMin":60,"ageMax":75,"countriesIso":["USA"],"territory":[{"lang":"en","value":"<p><span>&nbsp;Five-county area of Northern Indiana.<\/span><\/p>\r\n"}]},"numberOfParticipants":{"participant":{"noLimit":false,"number":338},"sample":{"noLimit":false},"info":[{"lang":"en","value":"<p>Wave&nbsp;1 Questionnaire: 338 participants<\/p>\r\n\r\n<p>Wave 1 56-day bursts: 308&nbsp;participants<\/p>\r\n\r\n<p>Wave 2 Questionnaire: 293&nbsp;participants<\/p>\r\n\r\n<p>Wave 3 Questionnaire: 291 participants<\/p>\r\n\r\n<p>Wave&nbsp;3 56-day bursts: 274 participants<\/p>\r\n\r\n<p>Wave 4 Questionnaire: 286&nbsp;participants<\/p>\r\n\r\n<p>Wave 5 Questionnaire: 267 participants<\/p>\r\n\r\n<p>Wave 5 56-day bursts: 246 participants<\/p>\r\n\r\n<p>In-person medical exam: 150 participants<\/p>\r\n\r\n<p>Wave 6 Questionnaire: 303 participants<\/p>\r\n\r\n<p>Wave 7 Questionnaire: 256 participants (ongoing)<\/p>\r\n\r\n<p>Wave 7 56-day bursts: 248 participants (ongoing)<\/p>\r\n\r\n<p>Wave 7 Salivary cortisol: 50 participants (ongoing)<\/p>\r\n\r\n<p>Wave 8 Questionnaire: 178 participants (ongoing)<\/p>\r\n"}]},"dataCollectionEvents":[{"id":"04aaf693-f55e-456e-be4c-8d030d52e21a","name":[{"lang":"en","value":"NDHWB - Later Life - Medical Exam"}],"description":[{"lang":"en","value":"<p>In-person medical exam (including grip strength, gait, blood pressure, forced vital capacity, height, weight, Hip:Waist ratio), family and personal history of disease, medication use, blood assays (Hemoglobin A1c, Lipid panel, C-reactive protein, Dhea-S, Homocysteine).<\/p>\r\n"}],"startYear":2011,"endYear":2012,"dataSources":["questionnaires","physical_measures","biological_samples"],"bioSamples":["blood"]},{"id":"0b5cdefe-f0a2-48be-8e68-f53f59200c7a","name":[{"lang":"en","value":"NDHWB - Later Life - Wave 1"}],"description":[{"lang":"en","value":"<p><span>50-pages questionnaire that asked about a subject\u2019s personality, stressors, social support, and physical and mental health.<\/span><\/p>\r\n\r\n<p><span>Daily diary for 56 days that asked questions about daily hassles or events, what types of good or bad things happened, and how the person dealt with them.<\/span><\/p>\r\n"}],"startYear":2006,"startMonth":3,"endYear":2007,"endMonth":1,"dataSources":["questionnaires"]},{"id":"7c51957e-69c4-471e-8975-7aa8228ae26d","name":[{"lang":"en","value":"NDHWB - Later Life - Wave 2"}],"description":[{"lang":"en","value":"<p><span>50-pages questionnaire that asked about a subject\u2019s personality, stressors, social support, and physical and mental health.<\/span><\/p>\r\n\r\n<p><span>Interview&nbsp;with a&nbsp;subsample of the participants about their life stories, including turning points such as the loss of a spouse or child, and how they were affected by them.<\/span><\/p>\r\n"}],"startYear":2007,"startMonth":3,"endYear":2008,"endMonth":8,"dataSources":["questionnaires"]},{"id":"320be4ea-226b-4952-813c-ff7e23147358","name":[{"lang":"en","value":"NDHWB - Later Life - Wave 3"}],"description":[{"lang":"en","value":"<p><span>50-pages questionnaire that asked about a subject\u2019s personality, stressors, social support, and physical and mental health.<\/span><\/p>\r\n\r\n<p><span>Daily diary for 56 days that asked questions about daily hassles or events, what types of good or bad things happened, and how the person dealt with them.<\/span><\/p>\r\n"}],"startYear":2008,"startMonth":4,"endYear":2009,"endMonth":9,"dataSources":["questionnaires"]},{"id":"efd7a28d-2c06-4fd1-8ada-04e499b384b5","name":[{"lang":"en","value":"NDHWB - Later Life - Wave 4"}],"description":[{"lang":"en","value":"<p><span>50-pages questionnaire that asked about a subject\u2019s personality, stressors, social support, and physical and mental health.<\/span><\/p>\r\n\r\n<p><span>Interview with&nbsp;a subsample of the participants about their life stories, including turning points such as the loss of a spouse or child, and how they were affected by them.<\/span><\/p>\r\n"}],"startYear":2009,"startMonth":3,"endYear":2010,"endMonth":8,"dataSources":["questionnaires"]},{"id":"978ab210-8ba1-4e81-98b4-74e9e7d149da","name":[{"lang":"en","value":"NDHWB - Later Life - Wave 5"}],"description":[{"lang":"en","value":"<p><span>50-pages questionnaire that asked about a subject\u2019s personality, stressors, social support, and physical and mental health.<\/span><\/p>\r\n\r\n<p><span>Daily diary for 56 days that asked questions about daily hassles or events, what types of good or bad things happened, and how the person dealt with them.<\/span><\/p>\r\n"}],"startYear":2010,"startMonth":3,"endYear":2011,"endMonth":11,"dataSources":["questionnaires"]},{"id":"b7536ac2-f1a9-4867-bb17-0ff3bb9938fb","name":[{"lang":"en","value":"NDHWB - Later Life - Wave 6"}],"description":[{"lang":"en","value":"<p>50-pages questionnaire that asked about a subject\u2019s personality, stressors, social support, and physical and mental health.<\/p>\r\n"}],"startYear":2011,"startMonth":11,"endYear":2014,"endMonth":1,"dataSources":["questionnaires"]},{"id":"0d051f8a-84bf-4893-9773-1e4c587c375c","name":[{"lang":"en","value":"NDHWB - Later Life - Wave 7"}],"description":[{"lang":"en","value":"<p><span>50-pages questionnaire that asked about a subject\u2019s personality, stressors, social support, and physical and mental health. (ongoing)<o p=\"\"><\/o><\/span><\/p>\r\n\r\n<p><span>Daily diary for 56 days that asked questions about daily hassles or events, what types of good or bad things happened, and how the person dealt with them. (ongoing)<\/span><\/p>\r\n\r\n<p><span>10 days of salivary cortisol, collected 3 times a day (wake, 40 minutes later, bed-time) during a data burst. (ongoing)<\/span><\/p>\r\n\r\n<p><span><o p=\"\"><\/o><\/span><\/p>\r\n"}],"startYear":2012,"startMonth":10,"endYear":2014,"dataSources":["questionnaires","biological_samples"],"bioSamples":["saliva"]},{"id":"1abd1a6b-58c0-44eb-9bac-7712c4f0727e","name":[{"lang":"en","value":"NDHWB - Later Life - Wave 8"}],"description":[{"lang":"en","value":"<p><span>50-pages questionnaire that asked about a subject\u2019s personality, stressors, social support, and physical and mental health. (ongoing)<o p=\"\"><\/o><\/span><\/p>\r\n"}],"startYear":2013,"startMonth":8,"endYear":2014,"dataSources":["questionnaires"]}]},{"id":"a6444e97-2a0b-4bd8-bb05-722c86d28be2","name":[{"lang":"en","value":"NDHWB - Mid-Life Cohort"}],"description":[{"lang":"en","value":"<p>40-60 years old.<\/p>\r\n"}],"recruitment":{"dataSources":["general"],"generalPopulationSources":["selected_samples"],"info":[{"lang":"en","value":"<p>Participants were recruited from a list of middle-aged adults in the northern Indiana area based on multiple information sources, including census data and the Survey of Residentials Households, supplied by a market research firm.<\/p>\r\n"}]},"selectionCriteria":{"ageMin":40,"ageMax":60,"countriesIso":["USA"],"territory":[{"lang":"en","value":"<p><span>&nbsp;Five-county area of Northern Indiana.<\/span><\/p>\r\n"}]},"numberOfParticipants":{"participant":{"noLimit":false,"number":445},"sample":{"noLimit":false},"info":[{"lang":"en","value":"<p>Wave 1 Questionnaire: 445 participants<\/p>\r\n\r\n<p>Wave 1 56-day bursts: 390&nbsp;participants<\/p>\r\n\r\n<p>Wave 2 Questionnaire: 355 participants<\/p>\r\n\r\n<p>Wave 3 Questionnaire: 336 participants<\/p>\r\n\r\n<p>Wave 3 56-day bursts: 314 participants<\/p>\r\n\r\n<p>Wave 4 Questionnaire: 302 participants<\/p>\r\n\r\n<p>Wave 5 Questionnaire: 321 participants<\/p>\r\n\r\n<p>Wave 5 56-day bursts: 313 participants<\/p>\r\n\r\n<p>Wave 5 Salivary cortisol: 50 participants<\/p>\r\n\r\n<p>Wave 6 Questionnaire: 263 participants (ongoing)<\/p>\r\n\r\n<p>Wave 7 Questionnaire: 208 participants (ongoing)<\/p>\r\n\r\n<p>Wave 7 56-day bursts: 197 participants (ongoing)<\/p>\r\n\r\n<p>Wave&nbsp;7 Salivary cortisol: 50 participants (ongoing)<\/p>\r\n"}]},"dataCollectionEvents":[{"id":"85616504-d8fb-4cb0-b365-ac353d2d49d2","name":[{"lang":"en","value":"NDHWB - Mid-Life - Wave 1"}],"description":[{"lang":"en","value":"<p>50-pages questionnaire that asked about a subject\u2019s personality, stressors, social support, and physical and mental health.<\/p>\r\n\r\n<p>Daily diary for 56 days that asked questions about daily hassles or events, what types of good or bad things happened, and how the person dealt with them.<\/p>\r\n"}],"startYear":2007,"startMonth":7,"endYear":2009,"endMonth":2,"dataSources":["questionnaires"]},{"id":"ecfcf382-5b6f-4f5f-a904-b23270ddae8b","name":[{"lang":"en","value":"NDHWB - Mid-Life - Wave 2"}],"description":[{"lang":"en","value":"<p>50-pages questionnaire that asked about a subject\u2019s personality, stressors, social support, and physical and mental health.<\/p>\r\n\r\n<p>Interview&nbsp;with a&nbsp;subsample of the participants about their life stories, including turning points such as the loss of a spouse or child, and how they were affected by them.<\/p>\r\n"}],"startYear":2008,"startMonth":6,"endYear":2010,"endMonth":7,"dataSources":["questionnaires"]},{"id":"a9e8cbf5-1c67-4bbe-9180-f5978b904c0d","name":[{"lang":"en","value":"NDHWB - Mid-Life - Wave 3"}],"description":[{"lang":"en","value":"<p>50-pages questionnaire that asked about a subject\u2019s personality, stressors, social support, and physical and mental health.<\/p>\r\n\r\n<p>Daily diary for 56 days that asked questions about daily hassles or events, what types of good or bad things happened, and how the person dealt with them.<\/p>\r\n"}],"startYear":2009,"startMonth":7,"endYear":2011,"endMonth":2,"dataSources":["questionnaires"]},{"id":"fd1fed39-babc-4bd7-998f-37563e0f1899","name":[{"lang":"en","value":"NDHWB - Mid-Life - Wave 4"}],"description":[{"lang":"en","value":"<p>50-pages questionnaire that asked about a subject\u2019s personality, stressors, social support, and physical and mental health.<\/p>\r\n\r\n<p>Interview&nbsp;with a&nbsp;subsample of the participants about their life stories, including turning points such as the loss of a spouse or child, and how they were affected by them.<\/p>\r\n"}],"startYear":2010,"startMonth":7,"endYear":2012,"endMonth":9,"dataSources":["questionnaires"]},{"id":"1f498f36-0fd0-4d30-a186-4b65d1048046","name":[{"lang":"en","value":"NDHWB - Mid-Life - Wave 5"}],"description":[{"lang":"en","value":"<p>50-pages questionnaire that asked about a subject\u2019s personality, stressors, social support, and physical and mental health.<\/p>\r\n\r\n<p>Daily diary for 56 days that asked questions about daily hassles or events, what types of good or bad things happened, and how the person dealt with them.<\/p>\r\n\r\n<p>10 days of salivary cortisol, collected 3 times a day (wake, 40 minutes later, bed-time) during a data burst (either Wave 5&nbsp;or Wave 7).<\/p>\r\n"}],"startYear":2012,"startMonth":1,"endYear":2013,"endMonth":11,"dataSources":["questionnaires","biological_samples"],"bioSamples":["saliva"]},{"id":"0309443a-0cfd-4b49-accf-1b84efa71b4e","name":[{"lang":"en","value":"NDHWB - Mid-Life - Wave 6"}],"description":[{"lang":"en","value":"<p>50-pages questionnaire that asked about a subject\u2019s personality, stressors, social support, and physical and mental health. (ongoing)<\/p>\r\n"}],"startYear":2012,"startMonth":11,"endYear":2014,"dataSources":["questionnaires"]},{"id":"37bfe059-e6c4-44b3-9141-001c3cfc7e3e","name":[{"lang":"en","value":"NDHWB - Mid-Life - Wave 7"}],"description":[{"lang":"en","value":"<p><span>50-pages questionnaire that asked about a subject\u2019s personality, stressors, social support, and physical and mental health. (ongoing)<o p=\"\"><\/o><\/span><\/p>\r\n\r\n<p><span>Daily diary for 56 days that asked questions about daily hassles or events, what types of good or bad things happened, and how the person dealt with them. (ongoing)<o p=\"\"><\/o><\/span><\/p>\r\n\r\n<p><span>10 days of salivary cortisol, collected 3 times a day (wake, 40 minutes later, bed-time) during a data burst (either Wave 5&nbsp;or Wave 7). (ongoing)<o p=\"\"><\/o><\/span><\/p>\r\n"}],"startYear":2013,"startMonth":10,"endYear":2014,"dataSources":["questionnaires","biological_samples"],"bioSamples":["saliva"]}]},{"id":"e8e94413-e764-40a2-8e31-1cf9cc80a4cf","name":[{"lang":"en","value":"NDHWB - Young Adult Cohort"}],"description":[{"lang":"en","value":"<p>18-40 years old.<\/p>\r\n"}],"recruitment":{"dataSources":["general"],"generalPopulationSources":["selected_samples"],"info":[{"lang":"en","value":"<p>Participants were recruited from a list of young adults in the northern Indiana area based on multiple information sources, including census data and the Survey of Residentials Households, supplied by a market research firm.<\/p>\r\n"}]},"selectionCriteria":{"ageMin":18,"ageMax":40,"countriesIso":["USA"],"territory":[{"lang":"en","value":"<p>Five-county area of Northern Indiana.<\/p>\r\n"}]},"numberOfParticipants":{"participant":{"noLimit":false,"number":206},"sample":{"noLimit":false},"info":[{"lang":"en","value":"<p>Wave 1 Questionnaire: 206 participants<\/p>\r\n\r\n<p>Wave 1 56-day bursts: 196 participants<\/p>\r\n\r\n<p>Wave 1&nbsp;Salivary cortisol: 50 participants<\/p>\r\n\r\n<p>Wave 2 Questionnaire: 127 participants (ongoing)<\/p>\r\n"}]},"dataCollectionEvents":[{"id":"7d735ee4-b8b7-4f37-bc0d-7a2081477820","name":[{"lang":"en","value":"NDHWB - Young Adult - Wave 1"}],"description":[{"lang":"en","value":"<p><span>50-pages questionnaire that asked about a subject\u2019s personality, stressors, social support, and physical and mental health.<o p=\"\"><\/o><\/span><\/p>\r\n\r\n<p><span>Daily diary for 56 days that asked questions about daily hassles or events, what types of good or bad things happened, and how the person dealt with them.<o p=\"\"><\/o><\/span><\/p>\r\n\r\n<p><span>10 days of salivary cortisol, collected 3 times a day (wake, 40 minutes later, bed-time) during a data burst.<o p=\"\"><\/o><\/span><\/p>\r\n"}],"startYear":2012,"startMonth":6,"endYear":2014,"endMonth":5,"dataSources":["questionnaires","biological_samples"],"bioSamples":["saliva"]},{"id":"8284314c-94ac-4cd7-9b84-969d78cc5488","name":[{"lang":"en","value":"NDHWB - Young Adult - Wave 2"}],"description":[{"lang":"en","value":"<p><span>50-pages questionnaire that asked about a subject\u2019s personality, stressors, social support, and physical and mental health. (ongoing)<o p=\"\"><\/o><\/span><\/p>\r\n"}],"startYear":2013,"startMonth":7,"endYear":2014,"dataSources":["questionnaires"]}]}]}