{"id":"f6d7d93b-f71d-4b6e-903c-ea46aab915da","name":[{"lang":"en","value":"Religious Order Study (ROS)"}],"acronym":[{"lang":"en","value":"ROS"}],"logo":{"id":"a1a1bc60-4a72-4714-88de-9e769bab41a0","fileName":"ROS-Logo.jpg","type":"logo","description":[{"lang":"en"}],"lang":"en","justUploaded":true},"investigators":[{"lastName":"MD. David A. Bennett (Rush University Medical Center)","email":"David_A_Bennett@rush.edu","dataAccessCommitteeMember":false,"institution":{"name":[{"lang":"en","value":"Rush University Medical Center"}],"address":{"country":{"iso":"US","name":[{"lang":"en","value":"United States"}]}}}}],"contacts":[{"lastName":"Annie Barz (Rush Alzheimer's Disease Center)","email":"Anne_Barz@rush.edu","phone":"312-942-8974","dataAccessCommitteeMember":false,"institution":{"name":[{"lang":"en","value":"Rush Alzheimer's Disease Center"}],"department":[{"lang":"en","value":"Rush Univeristy Medical Center"}],"address":{"street":[{"lang":"en","value":"600 S. Paulina, room 1029"}],"city":[{"lang":"en","value":"Chicago"}],"zip":"60612","state":"IL","country":{"iso":"US","name":[{"lang":"en","value":"United States"}]}}}},{"lastName":"Gregory Klein (Rush Alzheimer's Disease Center)","email":"Gregory_Klein@rush.edu","phone":"312-942-3365","dataAccessCommitteeMember":false,"institution":{"name":[{"lang":"en","value":"Rush Alzheimer's Disease Center"}],"address":{"country":{"iso":"US","name":[{"lang":"en","value":"United States"}]}}}}],"objectives":[{"lang":"en","value":"<p>&nbsp;<\/p>\r\n\r\n<p>&nbsp;<\/p>\r\n\r\n<p>Researchers are using the information from the study to discover what changes in the brain are responsible for memory and movement problems. The study also looks closely at the transition from normal functioning of the aging brain to the mild cognitive impairment that can be an early sign of Alzheimer\u2019s disease.<\/p>\r\n"}],"specificAuthorization":{"authorized":true,"authorizer":"David Bennett","date":"2013-11-18T00:00:00-05:00"},"maelstromAuthorization":{"authorized":false,"authorizer":"David Bennett","date":"2013-11-18T00:00:00-05:00"},"methods":{"designs":["cohort_study"],"followUpInfo":[{"lang":"en","value":"<p>Annual follow-up<\/p>\r\n"}],"recruitments":["individuals"]},"numberOfParticipants":{"participant":{"noLimit":false,"number":1200},"sample":{"noLimit":false,"number":1200}},"startYear":1994,"access":["data","biosamples"],"markerPaper":"Bennett DA, Schneider JA, Arvanitakis Z, Wilson RS. Overview and Findings from the Religious Orders Study. Curr Alzheimer Res. 2011; 9(6):628-645. ","pubmedId":"22471860","info":[{"lang":"en","value":"<p>The overall goal of this proposed renewal of the Rush Alzheimer's Disease Core Center (Rush ADCC) is to continue to provide an infrastructure to support cutting edge research on MCI, AD, and other dementias by providing researchers with clinical data and biologic specimens from persons with and without cognitive impairment for independently funded projects. The Rush ADCC has been in continuous operation since 1991. It has six Cores carefully designed to support a variety of timely and important areas of research including: 1) Studies of the neurobiology of MCI, AD, and other dementias; 2) Studies linking risk factors to ante-mortem and post-mortem indices of MCI, AD, and other dementias; 3) Studies with substantial participation by racial and ethnic minorities; and 4) Studies that facilitate the overall goals and mission of the Rush ADCC, the Alzheimer's Disease Centers program, and the AD research community. The six Rush ADCC cores are designed to achieve these overall goals. The Administrative Core provides scientific leadership to the ADCC as a whole. The Clinical Core collects data using the uniform data set procedures as designed and implemented by the AD Centers Clinical Task Force, and emphasizes careful follow-up and autopsy of racial and ethnic minorities, and persons with atypical dementias. The Religious Orders Study Core, begun in 1993, follows a group of more than 1000 older men and women members of Catholic religious communities who have agreed to annual detailed clinical evaluations and to brain donation at death. The Neuropathology Core stores obtains, processes, stores and evaluates ante-mortem and postmortem biologic specimens tissue in accordance with the Neuropathology Data Set defined by NACC from persons evaluated by the Clinical and Religious Orders Study Cores. The Education and Information Transfer Core provides a wide range of educational programs to support outreach and recruitment of racial and ethnic minorities into the Clinical and Religious Orders Study Core. The Data Management and Biostatistics Core, begun in 1995, supplies computer systems for data acquisition and unified data management for all ADCC cores, biostatistical consultation both to the Cores and to investigators using Core data, and transfer of data to NACC and approved investigators outside the Rush ADCC utilizing the data and resource sharing policies in the Administrative Core.<\/p>\r\n\r\n<p><strong>Data\/Bio-specimen Access: <\/strong> To apply for access to RADC data\/tissue, please enter an electronic request at our website: https:\/\/www.radc.rush.edu\/res\/ext\/home.htm.<\/p>\r\n"}],"populations":[{"id":"7c5dfa4a-45a5-4a9f-bcc3-73856d7bc0a5","name":[{"lang":"en","value":"ROS"}],"description":[{"lang":"en","value":"<p>ROS participants are all brothers, sisters, and priests in the Roman Catholic church.<\/p>\r\n"}],"recruitment":{"dataSources":["general","specific_population"],"generalPopulationSources":["volunteer"],"specificPopulationSources":["other"],"otherSpecificPopulationSource":[{"lang":"en","value":"<p>members of religious order communities of the Catholic church\u0004<\/p>\r\n"}]},"selectionCriteria":{"ageMin":65,"countriesIso":["USA"],"healthStatus":[{"localizedStrings":[{"lang":"en","value":"No dementia diagnosed before baseline"}]}],"otherCriteria":[{"lang":"en","value":"<p>agree to annual follow-up and donation of brain, spinal cord, muscle and nerve upon death<\/p>\r\n"}]},"numberOfParticipants":{"participant":{"noLimit":false,"number":1200},"sample":{"noLimit":false,"number":1200}},"dataCollectionEvents":[{"id":"6668aa97-9fc3-4815-8bfe-3da4e1f89dc4","name":[{"lang":"en","value":"Annual Follow-up visit"}],"description":[{"lang":"en","value":"<p class=\"western\" lang=\"en-US\">The window for the annual follow up visit is 9 \u2013 16 months from previous visit. Annual follow up data collection event contains cognitive measures, medical history questions, blood pressure, neuro exam, and a visit by the clinician. The Medical history questions bridge the period from previous visit to the current visit. Data collection ends if a participant withdraws from the study or is deceased. We seek to collect brain, spinal cord, muscle and nerve tissue from deceased participants at autopsy.<\/p>\r\n"}],"startYear":1998,"startMonth":11,"endYear":2013,"endMonth":12,"dataSources":["questionnaires","physical_measures","biological_samples"],"bioSamples":["blood","others"],"otherBioSamples":[{"lang":"en","value":"<p>Brain, spinal cord, muscle, and nerve tissue upon autopsy<\/p>\r\n"}],"attachments":[{"id":"9e5f4841-f20c-43b3-8c88-dc0aca7a68f1","fileName":"ROSCOG~1.pdf","type":"dictionaries","description":[{"lang":"en","value":"Cognitive exam - 17 cognitive tests are administered which includes a brief smell test"}],"lang":"en","justUploaded":true},{"id":"622a74d8-f1e1-43a9-a512-fac55801486e","fileName":"ROSINT~2.pdf","type":"dictionaries","description":[{"lang":"en","value":"Interview - Includes self report measures of health history and activity levels, blood pressure measurements, motor testing"}],"lang":"en","justUploaded":true},{"id":"c0721495-e39d-4b39-901f-021ea8b8a740","fileName":"ROSCEV~2.pdf","type":"dictionaries","description":[{"lang":"en","value":"Neurological exam, self report medical history on vascular issues, listing of medications"}],"lang":"en","justUploaded":true},{"id":"cfb00cf1-c15b-4b48-9fc1-c72d25a2e15e","fileName":"ROSNEU~1.pdf","type":"dictionaries","description":[{"lang":"en","value":"Neuropsycholoogist's impression of change - Deciding on cognitive domain ratings by interpreting cognitive measures"}],"lang":"en","justUploaded":true},{"id":"eaef8474-fd48-4041-979e-c57a58a54b36","fileName":"ROSDCF~1.pdf","type":"dictionaries","description":[{"lang":"en","value":"Diagnostic classification form - Filled out where diagnoses are rendered considering information collected during the visit"}],"lang":"en","justUploaded":true}]},{"id":"a105f975-6aa1-46cf-a2e1-87add8661422","name":[{"lang":"en","value":"Baseline"}],"description":[{"lang":"en","value":"<p class=\"western\" lang=\"en-US\">Baseline data collection event contains cognitive measures, medical history questions, blood pressure, neuro exam, and a visit by the clinician. The Medical history questions bridge the period from prior to study enrollment to baseline visit. &nbsp;<\/p>\r\n"}],"startYear":1997,"startMonth":12,"endYear":2013,"endMonth":12,"dataSources":["questionnaires","physical_measures","biological_samples"],"bioSamples":["blood"],"attachments":[{"id":"776bcbed-4d80-46cf-8111-5d888ce37ffd","fileName":"ROSCOG~1.pdf","type":"dictionaries","description":[{"lang":"en","value":"Cognitive exam - 17 cognitive tests are administered which includes a brief smell test"}],"lang":"en","justUploaded":true},{"id":"2c3c6067-4473-4c7c-a8ab-ca9138077c51","fileName":"ROSINT~1.pdf","type":"dictionaries","description":[{"lang":"en","value":"Interview - Includes self report measures of health history and activity levels, blood pressure measurements, motor testing"}],"lang":"en","justUploaded":true},{"id":"184e2f68-53d4-4813-ba63-a7805c2716f3","fileName":"ROSCEV~1.pdf","type":"dictionaries","description":[{"lang":"en","value":"Neurological exam, self report medical history on vascular issues, listing of medications"}],"lang":"en","justUploaded":true},{"id":"50ca86a8-7b24-431d-ab6a-bdb643e8c461","fileName":"ROSNEU~1.pdf","type":"dictionaries","description":[{"lang":"en","value":"Neuropsycholoogist's impression of change - Deciding on cognitive domain ratings by interpreting cognitive measures"}],"lang":"en","justUploaded":true},{"id":"8b9e4ccf-1743-4317-8a58-e33dbe167601","fileName":"ROSDCF~1.pdf","type":"dictionaries","description":[{"lang":"en","value":"Diagnostic classification form - Filled out where diagnoses are rendered considering information collected during the visit"}],"lang":"en","justUploaded":true}]}]}]}