<variables>
  <variable name="DIS_ATOPIC" valueType="text" entityType="Participant" unit="" mimeType="" referencedEntityType="" index="0">
    <attributes>
      <attribute name="uuid" namespace="maelstrom" valueType="text">a3cf13ea-bb36-4c67-930c-13f56b2dccf3</attribute>
      <attribute name="label" valueType="text" locale="en">Atopic</attribute>
      <attribute name="description" namespace="maelstrom" valueType="text" locale="en">Defined as Atopic for at least one allergen by skin prick test or RAST score.
</attribute>
      <attribute name="disease_history" namespace="maelstrom" valueType="text" locale="en">Diseases of the respiratory system</attribute>
      <attribute name="medical_health_intervention" namespace="maelstrom" valueType="text" locale="en">Diagnostic interventions on body system NEC</attribute>
      <attribute name="physical_environment" namespace="maelstrom" valueType="text" locale="en">Allergens</attribute>
    </attributes>
    <categories>
      <category name="No">
        <attributes>
          <attribute name="label" valueType="text" locale="en">Not atopic</attribute>
        </attributes>
      </category>
      <category name="Yes">
        <attributes>
          <attribute name="label" valueType="text" locale="en">Atopic</attribute>
        </attributes>
      </category>
    </categories>
  </variable>
  <variable name="DIS_ATOPIC_CATS" valueType="text" entityType="Participant" unit="" mimeType="" referencedEntityType="" index="0">
    <attributes>
      <attribute name="uuid" namespace="maelstrom" valueType="text">b41e4cc2-ba5c-4979-a4ac-5dc410702f34</attribute>
      <attribute name="label" valueType="text" locale="en">Atopic to cats</attribute>
      <attribute name="description" namespace="maelstrom" valueType="text" locale="en">Defined as Atopic by skin prick test or RAST score for cats.
</attribute>
      <attribute name="disease_history" namespace="maelstrom" valueType="text" locale="en">Diseases of the respiratory system</attribute>
      <attribute name="medical_health_intervention" namespace="maelstrom" valueType="text" locale="en">Diagnostic interventions on body system NEC</attribute>
      <attribute name="physical_environment" namespace="maelstrom" valueType="text" locale="en">Allergens</attribute>
    </attributes>
    <categories>
      <category name="No">
        <attributes>
          <attribute name="label" valueType="text" locale="en">Not atopic to cats</attribute>
        </attributes>
      </category>
      <category name="Yes">
        <attributes>
          <attribute name="label" valueType="text" locale="en">Atopic to cats</attribute>
        </attributes>
      </category>
    </categories>
  </variable>
  <variable name="DIS_ATOPIC_DOGS" valueType="text" entityType="Participant" unit="" mimeType="" referencedEntityType="" index="0">
    <attributes>
      <attribute name="uuid" namespace="maelstrom" valueType="text">c49d6e0b-fe43-44ac-a3d5-86ad19c72a85</attribute>
      <attribute name="label" valueType="text" locale="en">Atopic to dogs</attribute>
      <attribute name="description" namespace="maelstrom" valueType="text" locale="en">Defined as Atopic by skin prick test or RAST score for dogs.
</attribute>
      <attribute name="disease_history" namespace="maelstrom" valueType="text" locale="en">Diseases of the respiratory system</attribute>
      <attribute name="medical_health_intervention" namespace="maelstrom" valueType="text" locale="en">Diagnostic interventions on body system NEC</attribute>
      <attribute name="physical_environment" namespace="maelstrom" valueType="text" locale="en">Allergens</attribute>
    </attributes>
    <categories>
      <category name="No">
        <attributes>
          <attribute name="label" valueType="text" locale="en">Not atopic to dogs</attribute>
        </attributes>
      </category>
      <category name="Yes">
        <attributes>
          <attribute name="label" valueType="text" locale="en">Atopic to dogs</attribute>
        </attributes>
      </category>
    </categories>
  </variable>
  <variable name="DIS_ECZEMA" valueType="text" entityType="Participant" unit="" mimeType="" referencedEntityType="" index="0">
    <attributes>
      <attribute name="uuid" namespace="maelstrom" valueType="text">a20233c0-0e9f-4a22-b5fd-60f799723559</attribute>
      <attribute name="label" valueType="text" locale="en">Eczema</attribute>
      <attribute name="description" namespace="maelstrom" valueType="text" locale="en">Evidence of Eczema.
</attribute>
      <attribute name="disease_history" namespace="maelstrom" valueType="text" locale="en">Diseases of the skin and subcutaneous tissue</attribute>
    </attributes>
    <categories>
      <category name="No">
        <attributes>
          <attribute name="label" valueType="text" locale="en">No evidence of eczema</attribute>
        </attributes>
      </category>
      <category name="Yes">
        <attributes>
          <attribute name="label" valueType="text" locale="en">Evidence of eczema</attribute>
        </attributes>
      </category>
    </categories>
  </variable>
  <variable name="DIS_ATOPIC_DUST_MITES" valueType="text" entityType="Participant" unit="" mimeType="" referencedEntityType="" index="0">
    <attributes>
      <attribute name="uuid" namespace="maelstrom" valueType="text">2ed2d8ee-6152-40a9-a47e-3383306d2ae5</attribute>
      <attribute name="label" valueType="text" locale="en">Atopic to dust mites</attribute>
      <attribute name="description" namespace="maelstrom" valueType="text" locale="en">Defined as Atopic by skin prick test or RAST score for dust mites.
</attribute>
      <attribute name="disease_history" namespace="maelstrom" valueType="text" locale="en">Diseases of the respiratory system</attribute>
      <attribute name="medical_health_intervention" namespace="maelstrom" valueType="text" locale="en">Diagnostic interventions on body system NEC</attribute>
      <attribute name="physical_environment" namespace="maelstrom" valueType="text" locale="en">Allergens</attribute>
    </attributes>
    <categories>
      <category name="No">
        <attributes>
          <attribute name="label" valueType="text" locale="en">Not atopic to dust mites</attribute>
        </attributes>
      </category>
      <category name="Yes">
        <attributes>
          <attribute name="label" valueType="text" locale="en">Atopic to dust mites</attribute>
        </attributes>
      </category>
    </categories>
  </variable>
  <variable name="DIS_ATOPIC_POLLEN" valueType="text" entityType="Participant" unit="" mimeType="" referencedEntityType="" index="0">
    <attributes>
      <attribute name="uuid" namespace="maelstrom" valueType="text">58e996ad-267c-4da4-ae30-596a64fb43ea</attribute>
      <attribute name="label" valueType="text" locale="en">Atopic to grass pollen</attribute>
      <attribute name="description" namespace="maelstrom" valueType="text" locale="en">Defined as Atopic by skin prick test or RAST score for grass pollen.
</attribute>
      <attribute name="disease_history" namespace="maelstrom" valueType="text" locale="en">Diseases of the respiratory system</attribute>
      <attribute name="medical_health_intervention" namespace="maelstrom" valueType="text" locale="en">Diagnostic interventions on body system NEC</attribute>
      <attribute name="physical_environment" namespace="maelstrom" valueType="text" locale="en">Allergens</attribute>
    </attributes>
    <categories>
      <category name="No">
        <attributes>
          <attribute name="label" valueType="text" locale="en">Not atopic to grass pollen</attribute>
        </attributes>
      </category>
      <category name="Yes">
        <attributes>
          <attribute name="label" valueType="text" locale="en">Atopic to grass pollen</attribute>
        </attributes>
      </category>
    </categories>
  </variable>
  <variable name="DIS_ATOPIC_MOLD" valueType="text" entityType="Participant" unit="" mimeType="" referencedEntityType="" index="0">
    <attributes>
      <attribute name="uuid" namespace="maelstrom" valueType="text">26ec4eea-804f-4ac0-9c6c-398b7c4fb43c</attribute>
      <attribute name="label" valueType="text" locale="en">Atopic to mold</attribute>
      <attribute name="description" namespace="maelstrom" valueType="text" locale="en">Defined as Atopic by skin prick test or RAST score to any mold.
</attribute>
      <attribute name="disease_history" namespace="maelstrom" valueType="text" locale="en">Diseases of the respiratory system</attribute>
      <attribute name="medical_health_intervention" namespace="maelstrom" valueType="text" locale="en">Diagnostic interventions on body system NEC</attribute>
      <attribute name="physical_environment" namespace="maelstrom" valueType="text" locale="en">Allergens</attribute>
    </attributes>
    <categories>
      <category name="No">
        <attributes>
          <attribute name="label" valueType="text" locale="en">Not atopic to mold</attribute>
        </attributes>
      </category>
      <category name="Yes">
        <attributes>
          <attribute name="label" valueType="text" locale="en">Atopic to mold</attribute>
        </attributes>
      </category>
    </categories>
  </variable>
  <variable name="DIS_ATOPIC_OTHER" valueType="text" entityType="Participant" unit="" mimeType="" referencedEntityType="" index="0">
    <attributes>
      <attribute name="uuid" namespace="maelstrom" valueType="text">477610b7-d55a-4467-b376-ea250c528c0c</attribute>
      <attribute name="label" valueType="text" locale="en">Other atopic disease</attribute>
      <attribute name="description" namespace="maelstrom" valueType="text" locale="en">Evidence of other atopic disease other then asthma.
</attribute>
      <attribute name="disease_history" namespace="maelstrom" valueType="text" locale="en">Diseases of the respiratory system</attribute>
      <attribute name="physical_environment" namespace="maelstrom" valueType="text" locale="en">Allergens</attribute>
    </attributes>
    <categories>
      <category name="No">
        <attributes>
          <attribute name="label" valueType="text" locale="en">No evidence of other atopic disease other than asthma</attribute>
        </attributes>
      </category>
      <category name="Yes">
        <attributes>
          <attribute name="label" valueType="text" locale="en">Evidence of other atopic disease other than asthma</attribute>
        </attributes>
      </category>
    </categories>
  </variable>
  <variable name="DIS_OTHERS" valueType="text" entityType="Participant" unit="" mimeType="" referencedEntityType="" index="0">
    <attributes>
      <attribute name="uuid" namespace="maelstrom" valueType="text">368918a1-3123-4ebc-b93c-95cea4bcd4f5</attribute>
      <attribute name="label" valueType="text" locale="en">Other comorbidities</attribute>
      <attribute name="description" namespace="maelstrom" valueType="text" locale="en">Evidence of other non asthma related disease.
</attribute>
      <attribute name="disease_history" namespace="maelstrom" valueType="text" locale="en">Certain infectious and parasitic diseases</attribute>
      <attribute name="disease_history" namespace="maelstrom" valueType="text" locale="en">Neoplasms</attribute>
      <attribute name="disease_history" namespace="maelstrom" valueType="text" locale="en">Diseases of the blood and blood-forming organs and certain disorders involving the immune mechanism</attribute>
      <attribute name="disease_history" namespace="maelstrom" valueType="text" locale="en">Endocrine, nutritional and metabolic diseases</attribute>
      <attribute name="disease_history" namespace="maelstrom" valueType="text" locale="en">Mental and behavioural disorders</attribute>
      <attribute name="disease_history" namespace="maelstrom" valueType="text" locale="en">Diseases of the nervous system</attribute>
      <attribute name="disease_history" namespace="maelstrom" valueType="text" locale="en">Diseases of the eye and adnexa</attribute>
      <attribute name="disease_history" namespace="maelstrom" valueType="text" locale="en">Diseases of the ear and mastoid process</attribute>
      <attribute name="disease_history" namespace="maelstrom" valueType="text" locale="en">Diseases of the circulatory system</attribute>
      <attribute name="disease_history" namespace="maelstrom" valueType="text" locale="en">Diseases of the respiratory system</attribute>
      <attribute name="disease_history" namespace="maelstrom" valueType="text" locale="en">Diseases of the digestive system</attribute>
      <attribute name="disease_history" namespace="maelstrom" valueType="text" locale="en">Diseases of the skin and subcutaneous tissue</attribute>
      <attribute name="disease_history" namespace="maelstrom" valueType="text" locale="en">Diseases of the musculoskeletal system and connective tissue</attribute>
      <attribute name="disease_history" namespace="maelstrom" valueType="text" locale="en">Diseases of the genitourinary system</attribute>
      <attribute name="disease_history" namespace="maelstrom" valueType="text" locale="en">Pregnancy, childbirth and the puerperium</attribute>
      <attribute name="disease_history" namespace="maelstrom" valueType="text" locale="en">Certain conditions originating in the perinatal period</attribute>
      <attribute name="disease_history" namespace="maelstrom" valueType="text" locale="en">Congenital malformations, deformations and chromosomal abnormalities</attribute>
      <attribute name="disease_history" namespace="maelstrom" valueType="text" locale="en">Symptoms, signs and abnormal clinical and laboratory findings, not elsewhere classified</attribute>
      <attribute name="disease_history" namespace="maelstrom" valueType="text" locale="en">Injury, poisoning and certain other consequences of external causes</attribute>
      <attribute name="disease_history" namespace="maelstrom" valueType="text" locale="en">External causes of morbidity and mortality</attribute>
    </attributes>
    <categories>
      <category name="No">
        <attributes>
          <attribute name="label" valueType="text" locale="en">No evidence of other non asthma related disease</attribute>
        </attributes>
      </category>
      <category name="Yes">
        <attributes>
          <attribute name="label" valueType="text" locale="en">Evidence of other non asthma related disease</attribute>
        </attributes>
      </category>
    </categories>
  </variable>
  <variable name="DIS_DEPRESSION" valueType="integer" entityType="Participant" unit="" mimeType="" referencedEntityType="" index="0">
    <attributes>
      <attribute name="uuid" namespace="maelstrom" valueType="text">cbfe643c-0b64-4376-830c-0f82c13fdaf6</attribute>
      <attribute name="label" valueType="text" locale="en">HAD score for depression</attribute>
      <attribute name="description" namespace="maelstrom" valueType="text" locale="en">Hospital Anxiety and Depression Scale (HADS) for depression.
</attribute>
      <attribute name="body_functions" namespace="maelstrom" valueType="text" locale="en">Anxiety/Depression</attribute>
    </attributes>
  </variable>
  <variable name="DIS_ANXIETY" valueType="integer" entityType="Participant" unit="" mimeType="" referencedEntityType="" index="0">
    <attributes>
      <attribute name="uuid" namespace="maelstrom" valueType="text">0244010d-eef5-4d2d-9321-b8062d758114</attribute>
      <attribute name="label" valueType="text" locale="en">HAD score for anxiety</attribute>
      <attribute name="description" namespace="maelstrom" valueType="text" locale="en">Hospital Anxiety and Depression Scale (HADS) for anxiety.
</attribute>
      <attribute name="body_functions" namespace="maelstrom" valueType="text" locale="en">Anxiety/Depression</attribute>
    </attributes>
  </variable>
  <variable name="SMK_STATUS" valueType="text" entityType="Participant" unit="" mimeType="" referencedEntityType="" index="0">
    <attributes>
      <attribute name="uuid" namespace="maelstrom" valueType="text">0870275a-78d1-4d6d-92c2-d9ee7f327d41</attribute>
      <attribute name="label" valueType="text" locale="en">Smoking status</attribute>
      <attribute name="description" namespace="maelstrom" valueType="text" locale="en">Smoking status.
</attribute>
      <attribute name="life_habits_behaviours" namespace="maelstrom" valueType="text" locale="en">Tobacco use</attribute>
    </attributes>
    <categories>
      <category name="0">
        <attributes>
          <attribute name="label" valueType="text" locale="en">Never smoked</attribute>
        </attributes>
      </category>
      <category name="1">
        <attributes>
          <attribute name="label" valueType="text" locale="en">Ex-smoker</attribute>
        </attributes>
      </category>
      <category name="2">
        <attributes>
          <attribute name="label" valueType="text" locale="en">Current smoker</attribute>
        </attributes>
      </category>
    </categories>
  </variable>
  <variable name="SMK_QTY" valueType="integer" entityType="Participant" unit="" mimeType="" referencedEntityType="" index="0">
    <attributes>
      <attribute name="uuid" namespace="maelstrom" valueType="text">3ca431b7-bf36-4e4c-b70d-a0ae01937e8d</attribute>
      <attribute name="label" valueType="text" locale="en">Number of packs per year</attribute>
      <attribute name="description" namespace="maelstrom" valueType="text" locale="en">How many packs smoked per year.
</attribute>
      <attribute name="life_habits_behaviours" namespace="maelstrom" valueType="text" locale="en">Tobacco use</attribute>
    </attributes>
  </variable>
  <variable name="SMK_CESSATION_DURATION" valueType="integer" entityType="Participant" unit="" mimeType="" referencedEntityType="" index="0">
    <attributes>
      <attribute name="uuid" namespace="maelstrom" valueType="text">9769a622-ce80-4cc9-942d-8000fb0ff3f7</attribute>
      <attribute name="label" valueType="text" locale="en">Years since last smoked</attribute>
      <attribute name="description" namespace="maelstrom" valueType="text" locale="en">Years since last smoked.
</attribute>
      <attribute name="life_habits_behaviours" namespace="maelstrom" valueType="text" locale="en">Tobacco use</attribute>
    </attributes>
  </variable>
  <variable name="WORK_STATUS" valueType="text" entityType="Participant" unit="" mimeType="" referencedEntityType="" index="0">
    <attributes>
      <attribute name="uuid" namespace="maelstrom" valueType="text">59b99a90-3548-4594-b1bd-741b370150d7</attribute>
      <attribute name="label" valueType="text" locale="en">Working status at time of measurements</attribute>
      <attribute name="description" namespace="maelstrom" valueType="text" locale="en">Working status at time of measurements.
</attribute>
      <attribute name="sociodemographic_characteristics" namespace="maelstrom" valueType="text" locale="en">Working status</attribute>
    </attributes>
    <categories>
      <category name="0">
        <attributes>
          <attribute name="label" valueType="text" locale="en">Not working</attribute>
        </attributes>
      </category>
      <category name="1">
        <attributes>
          <attribute name="label" valueType="text" locale="en">Working</attribute>
        </attributes>
      </category>
    </categories>
  </variable>
  <variable name="EXP_PETS_HOME" valueType="text" entityType="Participant" unit="" mimeType="" referencedEntityType="" index="0">
    <attributes>
      <attribute name="uuid" namespace="maelstrom" valueType="text">d1399a4a-ea11-4232-82e0-866985524e03</attribute>
      <attribute name="label" valueType="text" locale="en">Pets at home</attribute>
      <attribute name="description" namespace="maelstrom" valueType="text" locale="en">Exposure to pets at home.
</attribute>
      <attribute name="physical_environment" namespace="maelstrom" valueType="text" locale="en">Allergens</attribute>
    </attributes>
    <categories>
      <category name="No">
        <attributes>
          <attribute name="label" valueType="text" locale="en">No exposure to pets at home</attribute>
        </attributes>
      </category>
      <category name="Yes">
        <attributes>
          <attribute name="label" valueType="text" locale="en">Exposure to pets at home</attribute>
        </attributes>
      </category>
    </categories>
  </variable>
  <variable name="EDU_HIGHEST_LEVEL" valueType="text" entityType="Participant" unit="" mimeType="" referencedEntityType="" index="0">
    <attributes>
      <attribute name="uuid" namespace="maelstrom" valueType="text">79da809c-84eb-4c1f-9a34-8929d630473a</attribute>
      <attribute name="label" valueType="text" locale="en">Education level</attribute>
      <attribute name="description" namespace="maelstrom" valueType="text" locale="en">Highest education level achieved.
</attribute>
      <attribute name="sociodemographic_characteristics" namespace="maelstrom" valueType="text" locale="en">Education level</attribute>
    </attributes>
    <categories>
      <category name="1">
        <attributes>
          <attribute name="label" valueType="text" locale="en">16</attribute>
        </attributes>
      </category>
      <category name="2">
        <attributes>
          <attribute name="label" valueType="text" locale="en">Further</attribute>
        </attributes>
      </category>
      <category name="3">
        <attributes>
          <attribute name="label" valueType="text" locale="en">Higher</attribute>
        </attributes>
      </category>
    </categories>
  </variable>
  <variable name="GENDER" valueType="text" entityType="Participant" unit="" mimeType="" referencedEntityType="" index="0">
    <attributes>
      <attribute name="uuid" namespace="maelstrom" valueType="text">4f214cad-9045-45dc-81af-a852f7f8fb00</attribute>
      <attribute name="label" valueType="text" locale="en">Gender</attribute>
      <attribute name="description" namespace="maelstrom" valueType="text" locale="en">Gender
</attribute>
      <attribute name="sociodemographic_characteristics" namespace="maelstrom" valueType="text" locale="en">Gender</attribute>
    </attributes>
    <categories>
      <category name="0">
        <attributes>
          <attribute name="label" valueType="text" locale="en">Male</attribute>
        </attributes>
      </category>
      <category name="1">
        <attributes>
          <attribute name="label" valueType="text" locale="en">Female</attribute>
        </attributes>
      </category>
    </categories>
  </variable>
  <variable name="ETHNICITY" valueType="text" entityType="Participant" unit="" mimeType="" referencedEntityType="" index="0">
    <attributes>
      <attribute name="uuid" namespace="maelstrom" valueType="text">40bfdb4a-c799-4615-bdc0-fd6db3804dc5</attribute>
      <attribute name="label" valueType="text" locale="en">Ethnicity</attribute>
      <attribute name="description" namespace="maelstrom" valueType="text" locale="en">Ethnicity
</attribute>
      <attribute name="sociodemographic_characteristics" namespace="maelstrom" valueType="text" locale="en">Ethnic background</attribute>
    </attributes>
    <categories>
      <category name="1">
        <attributes>
          <attribute name="label" valueType="text" locale="en">Caucasian</attribute>
        </attributes>
      </category>
      <category name="2">
        <attributes>
          <attribute name="label" valueType="text" locale="en">African</attribute>
        </attributes>
      </category>
      <category name="3">
        <attributes>
          <attribute name="label" valueType="text" locale="en">African</attribute>
        </attributes>
      </category>
      <category name="4">
        <attributes>
          <attribute name="label" valueType="text" locale="en">Mixed race</attribute>
        </attributes>
      </category>
    </categories>
  </variable>
  <variable name="ITU_ADMISSION_NBR" valueType="integer" entityType="Participant" unit="" mimeType="" referencedEntityType="" index="0">
    <attributes>
      <attribute name="uuid" namespace="maelstrom" valueType="text">78cd8e8e-0ea5-4aa4-8254-cc5a9c8892e5</attribute>
      <attribute name="label" valueType="text" locale="en">Total number of ITU admissions</attribute>
      <attribute name="description" namespace="maelstrom" valueType="text" locale="en">ITU visits in the last 12 months
</attribute>
      <attribute name="medical_health_intervention" namespace="maelstrom" valueType="text" locale="en">Health services utilization</attribute>
    </attributes>
  </variable>
  <variable name="HOSP_ADMISSION_NBR" valueType="integer" entityType="Participant" unit="" mimeType="" referencedEntityType="" index="0">
    <attributes>
      <attribute name="uuid" namespace="maelstrom" valueType="text">eedc8407-f596-4904-a0f8-261581634305</attribute>
      <attribute name="label" valueType="text" locale="en">Total number of hospital admissions</attribute>
      <attribute name="description" namespace="maelstrom" valueType="text" locale="en">Hospital admissions visits in the last 12 months.
</attribute>
      <attribute name="medical_health_intervention" namespace="maelstrom" valueType="text" locale="en">Health services utilization</attribute>
    </attributes>
  </variable>
  <variable name="HOSP_ATTENDED" valueType="text" entityType="Participant" unit="" mimeType="" referencedEntityType="" index="0">
    <attributes>
      <attribute name="uuid" namespace="maelstrom" valueType="text">a0c1643b-dc89-4ec2-8ffc-2f39adec5023</attribute>
      <attribute name="label" valueType="text" locale="en">Hospital attended</attribute>
      <attribute name="description" namespace="maelstrom" valueType="text" locale="en">Name of the hospital or centre attended.
</attribute>
      <attribute name="medical_health_intervention" namespace="maelstrom" valueType="text" locale="en">Health services utilization</attribute>
    </attributes>
  </variable>
  <variable name="CT_SCAN_CARRIED" valueType="text" entityType="Participant" unit="" mimeType="" referencedEntityType="" index="0">
    <attributes>
      <attribute name="uuid" namespace="maelstrom" valueType="text">abe42a72-6340-4cff-9163-3f1bab9bf502</attribute>
      <attribute name="label" valueType="text" locale="en">CT scan carried out</attribute>
      <attribute name="description" namespace="maelstrom" valueType="text" locale="en">Whether a CT scan has been carried out or not.
</attribute>
      <attribute name="medical_health_intervention" namespace="maelstrom" valueType="text" locale="en">Diagnostic imaging interventions on the respiratory system</attribute>
    </attributes>
    <categories>
      <category name="No">
        <attributes>
          <attribute name="label" valueType="text" locale="en">No CT scan has been carried out</attribute>
        </attributes>
      </category>
      <category name="Yes">
        <attributes>
          <attribute name="label" valueType="text" locale="en">CT scan has been carried out</attribute>
        </attributes>
      </category>
    </categories>
  </variable>
  <variable name="SCAN_NORMAL" valueType="text" entityType="Participant" unit="" mimeType="" referencedEntityType="" index="0">
    <attributes>
      <attribute name="uuid" namespace="maelstrom" valueType="text">b1d64902-f1fb-423f-8db6-53f39438bd30</attribute>
      <attribute name="label" valueType="text" locale="en">Scan reported as normal</attribute>
      <attribute name="description" namespace="maelstrom" valueType="text" locale="en">Scan reported as normal by radiologist.
</attribute>
      <attribute name="medical_health_intervention" namespace="maelstrom" valueType="text" locale="en">Diagnostic imaging interventions on the respiratory system</attribute>
    </attributes>
    <categories>
      <category name="No">
        <attributes>
          <attribute name="label" valueType="text" locale="en">Scan is not reported as normal by radiologist</attribute>
        </attributes>
      </category>
      <category name="Yes">
        <attributes>
          <attribute name="label" valueType="text" locale="en">Scan is reported as normal by radiologist</attribute>
        </attributes>
      </category>
    </categories>
  </variable>
  <variable name="SCAN_BRONCHIECTASIS_CENTRAL" valueType="text" entityType="Participant" unit="" mimeType="" referencedEntityType="" index="0">
    <attributes>
      <attribute name="uuid" namespace="maelstrom" valueType="text">f3464b2b-2d5f-457f-911d-53f24d3e1436</attribute>
      <attribute name="label" valueType="text" locale="en">Central Bronchiectasis</attribute>
      <attribute name="description" namespace="maelstrom" valueType="text" locale="en">Evidence of central bronchiectasis on scan.
</attribute>
      <attribute name="disease_history" namespace="maelstrom" valueType="text" locale="en">Diseases of the respiratory system</attribute>
      <attribute name="medical_health_intervention" namespace="maelstrom" valueType="text" locale="en">Diagnostic imaging interventions on the respiratory system</attribute>
    </attributes>
    <categories>
      <category name="No">
        <attributes>
          <attribute name="label" valueType="text" locale="en">No evidence of central bronchiectasis</attribute>
        </attributes>
      </category>
      <category name="Yes">
        <attributes>
          <attribute name="label" valueType="text" locale="en">Evidence of central bronchiectasis</attribute>
        </attributes>
      </category>
    </categories>
  </variable>
  <variable name="SCAN_BRONCHIECTASIS_OTHER" valueType="text" entityType="Participant" unit="" mimeType="" referencedEntityType="" index="0">
    <attributes>
      <attribute name="uuid" namespace="maelstrom" valueType="text">1a5c0365-6cf8-43b0-adff-a82050e62065</attribute>
      <attribute name="label" valueType="text" locale="en">Any Other Bronchiectasis</attribute>
      <attribute name="description" namespace="maelstrom" valueType="text" locale="en">Evidence of any other bronchiectasis on scan.
</attribute>
      <attribute name="disease_history" namespace="maelstrom" valueType="text" locale="en">Diseases of the respiratory system</attribute>
      <attribute name="medical_health_intervention" namespace="maelstrom" valueType="text" locale="en">Diagnostic imaging interventions on the respiratory system</attribute>
    </attributes>
    <categories>
      <category name="No">
        <attributes>
          <attribute name="label" valueType="text" locale="en">No evidence of any other bronchiectasis</attribute>
        </attributes>
      </category>
      <category name="Yes">
        <attributes>
          <attribute name="label" valueType="text" locale="en">Evidence of any other bronchiectasis</attribute>
        </attributes>
      </category>
    </categories>
  </variable>
  <variable name="SCAN_BRONCHIAL_WALL_THICKENING" valueType="text" entityType="Participant" unit="" mimeType="" referencedEntityType="" index="0">
    <attributes>
      <attribute name="uuid" namespace="maelstrom" valueType="text">b23c254c-e34a-4cf1-922d-4330b2337a4e</attribute>
      <attribute name="label" valueType="text" locale="en">Bronchial Wall Thickening</attribute>
      <attribute name="description" namespace="maelstrom" valueType="text" locale="en">Evidence of bronchial wall thickening on scan.
</attribute>
      <attribute name="medical_health_intervention" namespace="maelstrom" valueType="text" locale="en">Diagnostic imaging interventions on the respiratory system</attribute>
    </attributes>
    <categories>
      <category name="No">
        <attributes>
          <attribute name="label" valueType="text" locale="en">No evidence of bronchial wall thickening</attribute>
        </attributes>
      </category>
      <category name="Yes">
        <attributes>
          <attribute name="label" valueType="text" locale="en">Evidence of bronchial wall thickening</attribute>
        </attributes>
      </category>
    </categories>
  </variable>
  <variable name="SCAN_BRONCHIAL_DILATATION" valueType="text" entityType="Participant" unit="" mimeType="" referencedEntityType="" index="0">
    <attributes>
      <attribute name="uuid" namespace="maelstrom" valueType="text">c4683480-c22b-4ea4-a90d-a493f0db7b52</attribute>
      <attribute name="label" valueType="text" locale="en">Bronchial dilation in absence of bronchiectasis reported</attribute>
      <attribute name="description" namespace="maelstrom" valueType="text" locale="en">Evidence of Bronchial dilation in absence of bronchiectasis on scan.
</attribute>
      <attribute name="medical_health_intervention" namespace="maelstrom" valueType="text" locale="en">Diagnostic imaging interventions on the respiratory system</attribute>
    </attributes>
    <categories>
      <category name="No">
        <attributes>
          <attribute name="label" valueType="text" locale="en">No evidence of bronchial dilatation</attribute>
        </attributes>
      </category>
      <category name="Yes">
        <attributes>
          <attribute name="label" valueType="text" locale="en">Evidence of bronchial dilatation</attribute>
        </attributes>
      </category>
    </categories>
  </variable>
  <variable name="SCAN_GROUNG_GLASS_SHADOWING" valueType="text" entityType="Participant" unit="" mimeType="" referencedEntityType="" index="0">
    <attributes>
      <attribute name="uuid" namespace="maelstrom" valueType="text">bfb1e2cb-9015-4b01-b543-37e64d41d2aa</attribute>
      <attribute name="label" valueType="text" locale="en">Ground glass shadowing reported</attribute>
      <attribute name="description" namespace="maelstrom" valueType="text" locale="en">Evidence of ground glass shadowing on scan.
</attribute>
      <attribute name="medical_health_intervention" namespace="maelstrom" valueType="text" locale="en">Diagnostic imaging interventions on the respiratory system</attribute>
    </attributes>
    <categories>
      <category name="No">
        <attributes>
          <attribute name="label" valueType="text" locale="en">No evidence of ground glass shadowing</attribute>
        </attributes>
      </category>
      <category name="Yes">
        <attributes>
          <attribute name="label" valueType="text" locale="en">Evidence of ground glass shadowing</attribute>
        </attributes>
      </category>
    </categories>
  </variable>
  <variable name="SCAN_AIR_TRAPPING" valueType="text" entityType="Participant" unit="" mimeType="" referencedEntityType="" index="0">
    <attributes>
      <attribute name="uuid" namespace="maelstrom" valueType="text">f3c6092c-618d-4a5b-b9fa-5e4d33be0fa5</attribute>
      <attribute name="label" valueType="text" locale="en">Air trapping reported</attribute>
      <attribute name="description" namespace="maelstrom" valueType="text" locale="en">Evidence of air trapping on scan.
</attribute>
      <attribute name="medical_health_intervention" namespace="maelstrom" valueType="text" locale="en">Diagnostic imaging interventions on the respiratory system</attribute>
    </attributes>
    <categories>
      <category name="No">
        <attributes>
          <attribute name="label" valueType="text" locale="en">No evidence of air trapping</attribute>
        </attributes>
      </category>
      <category name="Yes">
        <attributes>
          <attribute name="label" valueType="text" locale="en">Evidence of air trapping</attribute>
        </attributes>
      </category>
    </categories>
  </variable>
  <variable name="SCAN_MUCUS" valueType="text" entityType="Participant" unit="" mimeType="" referencedEntityType="" index="0">
    <attributes>
      <attribute name="uuid" namespace="maelstrom" valueType="text">c914cefe-b113-4f03-80e8-db6eeb2df82d</attribute>
      <attribute name="label" valueType="text" locale="en">Mucus plugging reported</attribute>
      <attribute name="description" namespace="maelstrom" valueType="text" locale="en">Evidence of mucus plugging on scan.
</attribute>
      <attribute name="medical_health_intervention" namespace="maelstrom" valueType="text" locale="en">Diagnostic imaging interventions on the respiratory system</attribute>
    </attributes>
    <categories>
      <category name="No">
        <attributes>
          <attribute name="label" valueType="text" locale="en">No evidence of mucus plugging</attribute>
        </attributes>
      </category>
      <category name="Yes">
        <attributes>
          <attribute name="label" valueType="text" locale="en">Evidence of mucus plugging</attribute>
        </attributes>
      </category>
    </categories>
  </variable>
  <variable name="SCAN_OTHER_FINDING" valueType="text" entityType="Participant" unit="" mimeType="" referencedEntityType="" index="0">
    <attributes>
      <attribute name="uuid" namespace="maelstrom" valueType="text">02065a58-575d-4115-b5ed-662d94dbb3a5</attribute>
      <attribute name="label" valueType="text" locale="en">Other clinically significant finding</attribute>
      <attribute name="description" namespace="maelstrom" valueType="text" locale="en">Any other clinical CT comorbidity on scan.
</attribute>
      <attribute name="medical_health_intervention" namespace="maelstrom" valueType="text" locale="en">Diagnostic imaging interventions on the respiratory system</attribute>
    </attributes>
    <categories>
      <category name="No">
        <attributes>
          <attribute name="label" valueType="text" locale="en">No other clinical CT comorbidity</attribute>
        </attributes>
      </category>
      <category name="Yes">
        <attributes>
          <attribute name="label" valueType="text" locale="en">Other clinical CT comorbidity</attribute>
        </attributes>
      </category>
    </categories>
  </variable>
  <variable name="MED_RESCUE_STEROID" valueType="integer" entityType="Participant" unit="" mimeType="" referencedEntityType="" index="0">
    <attributes>
      <attribute name="uuid" namespace="maelstrom" valueType="text">1fbb32e3-2095-4032-a7cf-f5a74ff84409</attribute>
      <attribute name="label" valueType="text" locale="en">Rescue steroid courses in the previous year</attribute>
      <attribute name="description" namespace="maelstrom" valueType="text" locale="en">Number of rescue oral steroid courses needed in last year.
</attribute>
      <attribute name="medication" namespace="maelstrom" valueType="text" locale="en">Respiratory system</attribute>
    </attributes>
  </variable>
  <variable name="MED_ORAL_STEROIDS" valueType="text" entityType="Participant" unit="" mimeType="" referencedEntityType="" index="0">
    <attributes>
      <attribute name="uuid" namespace="maelstrom" valueType="text">417826c4-00e5-4d60-bea2-4424346ad71c</attribute>
      <attribute name="label" valueType="text" locale="en">Maintenance Oral Steroids</attribute>
      <attribute name="description" namespace="maelstrom" valueType="text" locale="en">Whether the patient is on maintenance oral steroids or not.
</attribute>
      <attribute name="medication" namespace="maelstrom" valueType="text" locale="en">Respiratory system</attribute>
    </attributes>
    <categories>
      <category name="No">
        <attributes>
          <attribute name="label" valueType="text" locale="en">Not on maintenance oral steroids</attribute>
        </attributes>
      </category>
      <category name="Yes">
        <attributes>
          <attribute name="label" valueType="text" locale="en">On maintenance oral steroids</attribute>
        </attributes>
      </category>
    </categories>
  </variable>
  <variable name="MED_ORAL_STEROID_DOSE" valueType="decimal" entityType="Participant" unit="" mimeType="" referencedEntityType="" index="0">
    <attributes>
      <attribute name="uuid" namespace="maelstrom" valueType="text">e47a18f5-3551-4b84-9105-3671498b18cb</attribute>
      <attribute name="label" valueType="text" locale="en">Maintenance Oral Steroid Dose</attribute>
      <attribute name="description" namespace="maelstrom" valueType="text" locale="en">Maintenance oral steroids dose.
</attribute>
      <attribute name="medication" namespace="maelstrom" valueType="text" locale="en">Respiratory system</attribute>
    </attributes>
  </variable>
  <variable name="MED_SABA" valueType="text" entityType="Participant" unit="" mimeType="" referencedEntityType="" index="0">
    <attributes>
      <attribute name="uuid" namespace="maelstrom" valueType="text">e69a33f1-2e2d-4198-9ffb-7511894d0972</attribute>
      <attribute name="label" valueType="text" locale="en">Short Acting Beta Agonists</attribute>
      <attribute name="description" namespace="maelstrom" valueType="text" locale="en">Whether the patient is on short acting beta agonists or not.
</attribute>
      <attribute name="medication" namespace="maelstrom" valueType="text" locale="en">Respiratory system</attribute>
    </attributes>
    <categories>
      <category name="No">
        <attributes>
          <attribute name="label" valueType="text" locale="en">Not on short acting beta agonists</attribute>
        </attributes>
      </category>
      <category name="Yes">
        <attributes>
          <attribute name="label" valueType="text" locale="en">On short acting beta agonist</attribute>
        </attributes>
      </category>
    </categories>
  </variable>
  <variable name="MED_LABA" valueType="text" entityType="Participant" unit="" mimeType="" referencedEntityType="" index="0">
    <attributes>
      <attribute name="uuid" namespace="maelstrom" valueType="text">56a5982e-58c5-4b44-b189-140e497d9256</attribute>
      <attribute name="label" valueType="text" locale="en">Long Acting Beta Agonists</attribute>
      <attribute name="description" namespace="maelstrom" valueType="text" locale="en">Whether the patient is on long acting beta agonists or not.
</attribute>
      <attribute name="medication" namespace="maelstrom" valueType="text" locale="en">Respiratory system</attribute>
    </attributes>
    <categories>
      <category name="No">
        <attributes>
          <attribute name="label" valueType="text" locale="en">Not on long acting beta agonists</attribute>
        </attributes>
      </category>
      <category name="Yes">
        <attributes>
          <attribute name="label" valueType="text" locale="en">On long acting beta agonists</attribute>
        </attributes>
      </category>
    </categories>
  </variable>
  <variable name="MED_ANTI_IGE" valueType="text" entityType="Participant" unit="" mimeType="" referencedEntityType="" index="0">
    <attributes>
      <attribute name="uuid" namespace="maelstrom" valueType="text">64d1c1e5-dba8-4f91-bff6-46b29c3dd0ba</attribute>
      <attribute name="label" valueType="text" locale="en">Anti IgE Treatment</attribute>
      <attribute name="description" namespace="maelstrom" valueType="text" locale="en">Whether the patient is on anti IgE treatment or not.
</attribute>
      <attribute name="medication" namespace="maelstrom" valueType="text" locale="en">Respiratory system</attribute>
    </attributes>
    <categories>
      <category name="No">
        <attributes>
          <attribute name="label" valueType="text" locale="en">Not on anti IgE treatment</attribute>
        </attributes>
      </category>
      <category name="Yes">
        <attributes>
          <attribute name="label" valueType="text" locale="en">On anti IgE treatment</attribute>
        </attributes>
      </category>
    </categories>
  </variable>
  <variable name="MED_INHALED_STEROIDS" valueType="text" entityType="Participant" unit="" mimeType="" referencedEntityType="" index="0">
    <attributes>
      <attribute name="uuid" namespace="maelstrom" valueType="text">d34e96e8-9c21-4386-b1cc-95dcbc5cf3ec</attribute>
      <attribute name="label" valueType="text" locale="en">Inhaled steroids</attribute>
      <attribute name="description" namespace="maelstrom" valueType="text" locale="en">Whether the patient is on inhaled steroids or not.
</attribute>
      <attribute name="medication" namespace="maelstrom" valueType="text" locale="en">Respiratory system</attribute>
    </attributes>
    <categories>
      <category name="No">
        <attributes>
          <attribute name="label" valueType="text" locale="en">Not on inhaled steroids</attribute>
        </attributes>
      </category>
      <category name="Yes">
        <attributes>
          <attribute name="label" valueType="text" locale="en">On inhaled steroids</attribute>
        </attributes>
      </category>
    </categories>
  </variable>
  <variable name="MED_BDP_EQ" valueType="decimal" entityType="Participant" unit="" mimeType="" referencedEntityType="" index="0">
    <attributes>
      <attribute name="uuid" namespace="maelstrom" valueType="text">c083df45-f3f6-49e4-b943-42b898b8bcab</attribute>
      <attribute name="label" valueType="text" locale="en">Beclomethasone Diproprionate (BPD) equivalent dose</attribute>
      <attribute name="description" namespace="maelstrom" valueType="text" locale="en">Inhaled steroids dose beclometasone diproprionate equivalent (BDP) if on inhaled steroids.
</attribute>
      <attribute name="medication" namespace="maelstrom" valueType="text" locale="en">Respiratory system</attribute>
    </attributes>
  </variable>
  <variable name="MED_NEBULISER" valueType="text" entityType="Participant" unit="" mimeType="" referencedEntityType="" index="0">
    <attributes>
      <attribute name="uuid" namespace="maelstrom" valueType="text">573e0a13-0a9b-4d39-ade0-ebc1afe61cb2</attribute>
      <attribute name="label" valueType="text" locale="en">Nebuliser use</attribute>
      <attribute name="description" namespace="maelstrom" valueType="text" locale="en">Whether the patient uses a nebuliser at home or not.
</attribute>
      <attribute name="medication" namespace="maelstrom" valueType="text" locale="en">Respiratory system</attribute>
    </attributes>
    <categories>
      <category name="No">
        <attributes>
          <attribute name="label" valueType="text" locale="en">No use of nebulizer at home</attribute>
        </attributes>
      </category>
      <category name="Yes">
        <attributes>
          <attribute name="label" valueType="text" locale="en">Use of nebulizer at home</attribute>
        </attributes>
      </category>
    </categories>
  </variable>
  <variable name="MED_LTRA" valueType="text" entityType="Participant" unit="" mimeType="" referencedEntityType="" index="0">
    <attributes>
      <attribute name="uuid" namespace="maelstrom" valueType="text">2fee163c-7ad4-4f77-a393-2e03f8c341b5</attribute>
      <attribute name="label" valueType="text" locale="en">Leukotriene Receptor Antagonists taken</attribute>
      <attribute name="description" namespace="maelstrom" valueType="text" locale="en">Whether the patient is on Leukotriene medication or not.
</attribute>
      <attribute name="medication" namespace="maelstrom" valueType="text" locale="en">Respiratory system</attribute>
    </attributes>
    <categories>
      <category name="No">
        <attributes>
          <attribute name="label" valueType="text" locale="en">Not on leukotriene receptor antagonists</attribute>
        </attributes>
      </category>
      <category name="Yes">
        <attributes>
          <attribute name="label" valueType="text" locale="en">On leukotriene receptor antagonists</attribute>
        </attributes>
      </category>
    </categories>
  </variable>
  <variable name="PM_STANDING_HEIGHT" valueType="decimal" entityType="Participant" unit="" mimeType="" referencedEntityType="" index="0">
    <attributes>
      <attribute name="uuid" namespace="maelstrom" valueType="text">81330722-8c44-4d09-8a37-e2344629246c</attribute>
      <attribute name="label" valueType="text" locale="en">Height</attribute>
      <attribute name="description" namespace="maelstrom" valueType="text" locale="en">Standing height
</attribute>
      <attribute name="anthropometric_structures" namespace="maelstrom" valueType="text" locale="en">Standing height</attribute>
    </attributes>
  </variable>
  <variable name="PM_WEIGHT" valueType="decimal" entityType="Participant" unit="" mimeType="" referencedEntityType="" index="0">
    <attributes>
      <attribute name="uuid" namespace="maelstrom" valueType="text">53e646c2-c0aa-4a3b-81ec-e1782e9b267d</attribute>
      <attribute name="label" valueType="text" locale="en">Weight</attribute>
      <attribute name="description" namespace="maelstrom" valueType="text" locale="en">Weight
</attribute>
      <attribute name="anthropometric_structures" namespace="maelstrom" valueType="text" locale="en">Weight</attribute>
    </attributes>
  </variable>
  <variable name="AGE_BASELINE" valueType="integer" entityType="Participant" unit="" mimeType="" referencedEntityType="" index="0">
    <attributes>
      <attribute name="uuid" namespace="maelstrom" valueType="text">3f0526a2-3389-4aff-a779-b542a1b53d48</attribute>
      <attribute name="label" valueType="text" locale="en">Age at baseline</attribute>
      <attribute name="description" namespace="maelstrom" valueType="text" locale="en">Age of patient at baseline measurement.
</attribute>
      <attribute name="sociodemographic_characteristics" namespace="maelstrom" valueType="text" locale="en">Age/Birth date</attribute>
    </attributes>
  </variable>
  <variable name="PM_BSA" valueType="decimal" entityType="Participant" unit="" mimeType="" referencedEntityType="" index="0">
    <attributes>
      <attribute name="uuid" namespace="maelstrom" valueType="text">34aa0b44-45d4-4e05-b8fd-2d684c15be2a</attribute>
      <attribute name="label" valueType="text" locale="en">Body Surface Area</attribute>
      <attribute name="description" namespace="maelstrom" valueType="text" locale="en">Body Surface Area of patient = height x weight.
</attribute>
      <attribute name="anthropometric_structures" namespace="maelstrom" valueType="text" locale="en">Weight</attribute>
      <attribute name="anthropometric_structures" namespace="maelstrom" valueType="text" locale="en">Height</attribute>
    </attributes>
  </variable>
  <variable name="PM_BMI" valueType="decimal" entityType="Participant" unit="" mimeType="" referencedEntityType="" index="0">
    <attributes>
      <attribute name="uuid" namespace="maelstrom" valueType="text">efe1bbe0-b313-4732-956b-29218d2b88db</attribute>
      <attribute name="label" valueType="text" locale="en">Body Mass Index</attribute>
      <attribute name="description" namespace="maelstrom" valueType="text" locale="en">Body Mass Index of patient  = weight/height squared. 
</attribute>
      <attribute name="anthropometric_structures" namespace="maelstrom" valueType="text" locale="en">Weight</attribute>
      <attribute name="anthropometric_structures" namespace="maelstrom" valueType="text" locale="en">Height</attribute>
    </attributes>
  </variable>
  <variable name="PM_OBESE_STATUS" valueType="text" entityType="Participant" unit="" mimeType="" referencedEntityType="" index="0">
    <attributes>
      <attribute name="uuid" namespace="maelstrom" valueType="text">d2235113-a494-45ff-ac77-f0b5cc79ae83</attribute>
      <attribute name="label" valueType="text" locale="en">Obese Status</attribute>
      <attribute name="description" namespace="maelstrom" valueType="text" locale="en">BMI&gt;=30
</attribute>
      <attribute name="anthropometric_structures" namespace="maelstrom" valueType="text" locale="en">Weight</attribute>
      <attribute name="anthropometric_structures" namespace="maelstrom" valueType="text" locale="en">Height</attribute>
    </attributes>
    <categories>
      <category name="No">
        <attributes>
          <attribute name="label" valueType="text" locale="en">BMI &lt; 30</attribute>
        </attributes>
      </category>
      <category name="Yes">
        <attributes>
          <attribute name="label" valueType="text" locale="en">BMI &gt;=30</attribute>
        </attributes>
      </category>
    </categories>
  </variable>
  <variable name="BODY_FCT_FEV1_PRE" valueType="decimal" entityType="Participant" unit="" mimeType="" referencedEntityType="" index="0">
    <attributes>
      <attribute name="uuid" namespace="maelstrom" valueType="text">a49c6499-9225-4586-9c66-1a8b4038e546</attribute>
      <attribute name="label" valueType="text" locale="en">Pre Bronchodilator FEV1</attribute>
      <attribute name="description" namespace="maelstrom" valueType="text" locale="en">Forced Expiratory Volume 1.  Volume that has been exhaled at the end of the first second of forced expiration before taking a bronchodilator.
</attribute>
      <attribute name="body_functions" namespace="maelstrom" valueType="text" locale="en">Respiration functions</attribute>
    </attributes>
  </variable>
  <variable name="BODY_FCT_FEV1_POST" valueType="decimal" entityType="Participant" unit="" mimeType="" referencedEntityType="" index="0">
    <attributes>
      <attribute name="uuid" namespace="maelstrom" valueType="text">4da1fff8-440a-4309-ae12-8416d28419b1</attribute>
      <attribute name="label" valueType="text" locale="en">Post Bronchodilator FEV1</attribute>
      <attribute name="description" namespace="maelstrom" valueType="text" locale="en">Forced Expiratory Volume 1.  Volume that has been exhaled at the end of the first second of forced expiration after taking a bronchodilator.
</attribute>
      <attribute name="body_functions" namespace="maelstrom" valueType="text" locale="en">Respiration functions</attribute>
    </attributes>
  </variable>
  <variable name="BODY_FCT_FVC_PRE" valueType="decimal" entityType="Participant" unit="" mimeType="" referencedEntityType="" index="0">
    <attributes>
      <attribute name="uuid" namespace="maelstrom" valueType="text">402a3c5e-ae8b-45fe-997d-cb67fe7bc2ea</attribute>
      <attribute name="label" valueType="text" locale="en">Pre Bronchodilator FVC</attribute>
      <attribute name="description" namespace="maelstrom" valueType="text" locale="en">Forced Vital Capacity. The determination of the vital capacity from a maximally forced expiratory effort before taking a bronchodilator.
</attribute>
      <attribute name="body_functions" namespace="maelstrom" valueType="text" locale="en">Respiration functions</attribute>
    </attributes>
  </variable>
  <variable name="BODY_FCT_FVC_POST" valueType="decimal" entityType="Participant" unit="" mimeType="" referencedEntityType="" index="0">
    <attributes>
      <attribute name="uuid" namespace="maelstrom" valueType="text">0742c489-c745-4af7-a794-6b8101952037</attribute>
      <attribute name="label" valueType="text" locale="en">Post Bronchodilator FVC</attribute>
      <attribute name="description" namespace="maelstrom" valueType="text" locale="en">Forced Vital Capacity. The determination of the vital capacity from a maximally forced expiratory effort after taking a bronchodilator.
</attribute>
      <attribute name="body_functions" namespace="maelstrom" valueType="text" locale="en">Respiration functions</attribute>
    </attributes>
  </variable>
  <variable name="BODY_FCT_FEV1%_PRE" valueType="decimal" entityType="Participant" unit="" mimeType="" referencedEntityType="" index="0">
    <attributes>
      <attribute name="uuid" namespace="maelstrom" valueType="text">615da13a-0eb6-4e67-b93a-9ce1ede9559f</attribute>
      <attribute name="label" valueType="text" locale="en">Pre Bronchodilator FEV1 % predicted</attribute>
      <attribute name="description" namespace="maelstrom" valueType="text" locale="en">Forced Expiratory Volume 1.  Volume that has been exhaled at the end of the first second of forced expiration before taking a bronchodilator divided by the predicted value of the patient FEV1 expressed as a percentage.
</attribute>
      <attribute name="body_functions" namespace="maelstrom" valueType="text" locale="en">Respiration functions</attribute>
    </attributes>
  </variable>
  <variable name="BODY_FCT_FEV1%_POST" valueType="decimal" entityType="Participant" unit="" mimeType="" referencedEntityType="" index="0">
    <attributes>
      <attribute name="uuid" namespace="maelstrom" valueType="text">905c66a6-a9bb-421c-bee5-dd47ba2f0616</attribute>
      <attribute name="label" valueType="text" locale="en">Post Bronchodilator FEV1 % predicted</attribute>
      <attribute name="description" namespace="maelstrom" valueType="text" locale="en">Forced Expiratory Volume 1. Volume that has been exhaled at the end of the first second of forced expiration after taking a bronchodilator divided by the predicted value of the patients FEV1 expressed as a percentage.
</attribute>
      <attribute name="body_functions" namespace="maelstrom" valueType="text" locale="en">Respiration functions</attribute>
    </attributes>
  </variable>
  <variable name="BODY_FCT_FVC%_PRE" valueType="decimal" entityType="Participant" unit="" mimeType="" referencedEntityType="" index="0">
    <attributes>
      <attribute name="uuid" namespace="maelstrom" valueType="text">57b745b7-86f3-44c9-95c6-9f22bb41a9fe</attribute>
      <attribute name="label" valueType="text" locale="en">Pre Bronchodilator FVC % predicted</attribute>
      <attribute name="description" namespace="maelstrom" valueType="text" locale="en">Forced Vital Capacity. The determination of the vital capacity from a maximally forced expiratory effort before taking a bronchodilator divided by predicted FVC for the patient expressed as a percentage.
</attribute>
      <attribute name="body_functions" namespace="maelstrom" valueType="text" locale="en">Respiration functions</attribute>
    </attributes>
  </variable>
  <variable name="BODY_FCT_FVC%_POST" valueType="decimal" entityType="Participant" unit="" mimeType="" referencedEntityType="" index="0">
    <attributes>
      <attribute name="uuid" namespace="maelstrom" valueType="text">d0b9a749-44e6-4b08-8704-5a4e8cbbce1d</attribute>
      <attribute name="label" valueType="text" locale="en">Post Bronchodilator FVC % predicted</attribute>
      <attribute name="description" namespace="maelstrom" valueType="text" locale="en">Forced Vital Capacity. The determination of the vital capacity from a maximally forced expiratory effort after taking a bronchodilator divided by predicted FVC for the patient expressed as a percentage.
</attribute>
      <attribute name="body_functions" namespace="maelstrom" valueType="text" locale="en">Respiration functions</attribute>
    </attributes>
  </variable>
  <variable name="BODY_FCT_BDR_FVC" valueType="decimal" entityType="Participant" unit="" mimeType="" referencedEntityType="" index="0">
    <attributes>
      <attribute name="uuid" namespace="maelstrom" valueType="text">bf1e900e-1a65-4157-9aac-c6821d95ce05</attribute>
      <attribute name="label" valueType="text" locale="en">Bronchial dilator response FVC</attribute>
      <attribute name="description" namespace="maelstrom" valueType="text" locale="en">The change in FVC from pre bronchodilator to post bronchodilator expressed as a percentage of pre bronchodilator.  (Post FVC-Pre FVC)*100 /(Pre FVC).
</attribute>
      <attribute name="body_functions" namespace="maelstrom" valueType="text" locale="en">Respiration functions</attribute>
    </attributes>
  </variable>
  <variable name="BODY_FCT_BDR_FEV1" valueType="decimal" entityType="Participant" unit="" mimeType="" referencedEntityType="" index="0">
    <attributes>
      <attribute name="uuid" namespace="maelstrom" valueType="text">710b574c-0bc0-4611-b250-6f6eb699cdd4</attribute>
      <attribute name="label" valueType="text" locale="en">Bronchial dilator response FEV1</attribute>
      <attribute name="description" namespace="maelstrom" valueType="text" locale="en">The change in FEV1 from pre bronchodilator to post bronchodilator expressed as a percentage of pre bronchodilator (Post FEV1-Pre FEV1)*100 /(Pre FEV1).
</attribute>
      <attribute name="body_functions" namespace="maelstrom" valueType="text" locale="en">Respiration functions</attribute>
    </attributes>
  </variable>
  <variable name="BODY_FCT_FEV1/FVC_PRE" valueType="decimal" entityType="Participant" unit="" mimeType="" referencedEntityType="" index="0">
    <attributes>
      <attribute name="uuid" namespace="maelstrom" valueType="text">c1c68c4f-3571-4a7d-8211-337f2301b018</attribute>
      <attribute name="label" valueType="text" locale="en">Pre Bronchodilator FEV1/FVC ratio</attribute>
      <attribute name="description" namespace="maelstrom" valueType="text" locale="en">The FEV1 recorded before taking a bronchodilator divided by the FVC recorded before taking a bronchodilator.
</attribute>
      <attribute name="body_functions" namespace="maelstrom" valueType="text" locale="en">Respiration functions</attribute>
    </attributes>
  </variable>
  <variable name="BODY_FCT_FEV1/FVC_POST" valueType="decimal" entityType="Participant" unit="" mimeType="" referencedEntityType="" index="0">
    <attributes>
      <attribute name="uuid" namespace="maelstrom" valueType="text">6950b758-951e-48f3-bc19-eb532bc7e5f9</attribute>
      <attribute name="label" valueType="text" locale="en">Post Bronchodilator FEV1/FVC ratio</attribute>
      <attribute name="description" namespace="maelstrom" valueType="text" locale="en">The FEV1 recorded after taking a bronchodilator divided by the FVC recorded after taking a bronchodilator.
</attribute>
      <attribute name="body_functions" namespace="maelstrom" valueType="text" locale="en">Respiration functions</attribute>
    </attributes>
  </variable>
  <variable name="BODY_FCT_RESIDUAL_VOLUME" valueType="decimal" entityType="Participant" unit="" mimeType="" referencedEntityType="" index="0">
    <attributes>
      <attribute name="uuid" namespace="maelstrom" valueType="text">4282cd4d-1cfb-48a2-8564-d832feda2bff</attribute>
      <attribute name="label" valueType="text" locale="en">Residual Volume</attribute>
      <attribute name="description" namespace="maelstrom" valueType="text" locale="en">Residual Volume either predicted or measured.
</attribute>
      <attribute name="body_functions" namespace="maelstrom" valueType="text" locale="en">Respiration functions</attribute>
    </attributes>
  </variable>
  <variable name="BODY_FCT_TOTAL_LUNG_CAPACITY" valueType="decimal" entityType="Participant" unit="" mimeType="" referencedEntityType="" index="0">
    <attributes>
      <attribute name="uuid" namespace="maelstrom" valueType="text">f0ac2c80-b7de-4019-8f61-b45f852bc651</attribute>
      <attribute name="label" valueType="text" locale="en">Total Lung Capacity</attribute>
      <attribute name="description" namespace="maelstrom" valueType="text" locale="en">Total Lung Capacity either predicted or measured.
</attribute>
      <attribute name="body_functions" namespace="maelstrom" valueType="text" locale="en">Respiration functions</attribute>
    </attributes>
  </variable>
  <variable name="LAB_PC20_METACHOLINE_HISTAMINE" valueType="decimal" entityType="Participant" unit="" mimeType="" referencedEntityType="" index="0">
    <attributes>
      <attribute name="uuid" namespace="maelstrom" valueType="text">52077f40-d8d7-4e06-aff1-f3ee1102edf1</attribute>
      <attribute name="label" valueType="text" locale="en">Pc20 Methacholine Histamine</attribute>
      <attribute name="description" namespace="maelstrom" valueType="text" locale="en">Pc20 Methacholine Histamine.
</attribute>
    </attributes>
  </variable>
  <variable name="LAB_CBC_EOSINOPHIL" valueType="decimal" entityType="Participant" unit="" mimeType="" referencedEntityType="" index="0">
    <attributes>
      <attribute name="uuid" namespace="maelstrom" valueType="text">46861895-ebd0-4321-8265-bc4834756fd9</attribute>
      <attribute name="label" valueType="text" locale="en">Total blood eosinophil count</attribute>
      <attribute name="description" namespace="maelstrom" valueType="text" locale="en">Total blood eosinophil count.
</attribute>
    </attributes>
  </variable>
  <variable name="LAB_CBC_IGE" valueType="decimal" entityType="Participant" unit="" mimeType="" referencedEntityType="" index="0">
    <attributes>
      <attribute name="uuid" namespace="maelstrom" valueType="text">3b6540df-2412-4921-8c7e-d8883da1cfe0</attribute>
      <attribute name="label" valueType="text" locale="en">Total IgE blood count</attribute>
      <attribute name="description" namespace="maelstrom" valueType="text" locale="en">Total IgE blood count.
</attribute>
    </attributes>
  </variable>
  <variable name="LAB_NEUTROPHIL%_SPUTUM" valueType="decimal" entityType="Participant" unit="" mimeType="" referencedEntityType="" index="0">
    <attributes>
      <attribute name="uuid" namespace="maelstrom" valueType="text">b8a22dc8-5550-4bf7-b940-179a94ca6658</attribute>
      <attribute name="label" valueType="text" locale="en">Percentage Neutrophil cell count in sputum</attribute>
      <attribute name="description" namespace="maelstrom" valueType="text" locale="en">Percentage (%) of Neutrophil cell count in sputum.
</attribute>
    </attributes>
  </variable>
  <variable name="LAB_EOSINOPHIL%_SPUTUM" valueType="decimal" entityType="Participant" unit="" mimeType="" referencedEntityType="" index="0">
    <attributes>
      <attribute name="uuid" namespace="maelstrom" valueType="text">16fce8be-b171-4f4f-a36f-85bb8be49d71</attribute>
      <attribute name="label" valueType="text" locale="en">Percentage Eosinophil cell count in sputum</attribute>
      <attribute name="description" namespace="maelstrom" valueType="text" locale="en">Percentage (%) of  Eosinophil cell count in sputum.
</attribute>
    </attributes>
  </variable>
  <variable name="LAB_EXHALED_NO" valueType="decimal" entityType="Participant" unit="" mimeType="" referencedEntityType="" index="0">
    <attributes>
      <attribute name="uuid" namespace="maelstrom" valueType="text">3c2bad14-3ed9-4afd-b962-61d8dd2d023c</attribute>
      <attribute name="label" valueType="text" locale="en">Exhaled Nitric Oxid Flow Rate</attribute>
      <attribute name="description" namespace="maelstrom" valueType="text" locale="en">Exhaled Nitric Oxide flow rate.
</attribute>
    </attributes>
  </variable>
</variables>