{"id":"9dc29e7b-9a7a-4cca-bd23-082523dc0649","name":[{"lang":"en","value":"Hisayama Study"}],"investigators":[{"lastName":"Prof. Yutaka Kiyohara (Kyushu University)","email":"Kiyohara@envmed.med.kyushu-u.ac.jp","phone":"092-642-6104","dataAccessCommitteeMember":false,"institution":{"name":[{"lang":"en","value":"Kyushu University"}],"department":[{"lang":"en","value":"Faculty of Medical Sciences"}],"address":{"city":[{"lang":"en","value":"Fukuoka"}],"country":{"iso":"JP","name":[{"lang":"en","value":"Japan"}]}}}},{"lastName":"Dr. Toshiharu Ninomiya (Kyushu University)","email":"nino@intmed2.med.kyushu-u.ac.jp","phone":"092-642-6151","dataAccessCommitteeMember":false,"institution":{"name":[{"lang":"en","value":"Kyushu University"}],"department":[{"lang":"en","value":"Faculty of Medical Sciences"}],"address":{"city":[{"lang":"en","value":"Fukuoka"}],"country":{"iso":"JP","name":[{"lang":"en","value":"Japan"}]}}}},{"lastName":"Dr. Jun Hata (Kyushu University)","email":"junhata@envmed.med.kyushu-u.ac.jp","phone":"092-642-6107","dataAccessCommitteeMember":false,"institution":{"name":[{"lang":"en","value":"Kyushu University"}],"department":[{"lang":"en","value":"Faculty of Medical Sciences"}],"address":{"city":[{"lang":"en","value":"Fukuoka"}],"country":{"iso":"JP","name":[{"lang":"en","value":"Japan"}]}}}},{"lastName":"Dr. Tomoyuki Ohara (Kyushu University)","phone":"092-642-5627","dataAccessCommitteeMember":false,"institution":{"name":[{"lang":"en","value":"Kyushu University"}],"department":[{"lang":"en","value":"Faculty of Medical Sciences"}],"address":{"city":[{"lang":"en","value":"Fukuoka"}],"country":{"iso":"JP","name":[{"lang":"en","value":"Japan"}]}}}}],"contacts":[{"lastName":"Dr. Toshiharu Ninomiya (Kyushu University)","email":"nino@intmed2.med.kyushu-u.ac.jp","phone":"092-642-6151","dataAccessCommitteeMember":false,"institution":{"name":[{"lang":"en","value":"Kyushu University"}],"department":[{"lang":"en","value":"Faculty of Medical Sciences"}],"address":{"city":[{"lang":"en","value":"Fukuoka"}],"country":{"iso":"JP","name":[{"lang":"en","value":"Japan"}]}}}}],"objectives":[{"lang":"en","value":"<p>The Hisayama Study is an ongoing population-based prospective cohort study in the town of Hisayama, a suburb of the Fukuoka metropolitan area in the southern part of Japan. This study was started in 1961 to determine the prevalence and incidence of cerebrovascular and cardiovascular diseases and their risk factors. In addition, comprehensive surveys of cognitive impairment in the elderly living in&nbsp;this town have been conducted since 1985.<\/p>\r\n"}],"specificAuthorization":{"authorized":true,"authorizer":"Dr. Toshiharu Ninomiya","date":"2014-10-02T00:00:00-04:00"},"maelstromAuthorization":{"authorized":true,"authorizer":"Dr. Toshiharu Ninomiya","date":"2014-10-02T00:00:00-04:00"},"methods":{"designs":["cohort_study"],"followUpInfo":[{"lang":"en","value":"<p><span>The participants were followed up by repeated comprehensive health examinations every 2-3 years until 1974 and then every 5 years after that, in addition to usual annual health check-ups.<\/span><\/p>\r\n\r\n<p>Comprehensive surveys of cognitive impairment in the elderly living in HIsayama town were also conducted every 6-7 years since 1985 (1985, 1992, 1998, 2005, and 2012).<\/p>\r\n"}],"recruitments":["individuals"]},"numberOfParticipants":{"participant":{"noLimit":false,"number":9833},"sample":{"noLimit":false,"number":9833}},"startYear":1961,"access":["data","biosamples"],"markerPaper":"Ohara T, Doi Y, Ninomiya T, Hirakawa Y, Hata J, Iwaki T, Kanba S, Kiyohara Y. Glucose tolerance status and risk of dementia in the community: the Hisayama study. Neurology, 2011; 77(12): 1126-34.","pubmedId":"21931106","populations":[{"id":"7e9ea037-bb26-4f6a-863b-463a8a155d03","name":[{"lang":"en","value":"Hisayama - Cohort 1"}],"description":[{"lang":"en","value":"<p>The study population consists&nbsp;of residents of the town of Hisayama aged 40 years and older.<\/p>\r\n"}],"recruitment":{"dataSources":["general"],"generalPopulationSources":["volunteer"]},"selectionCriteria":{"ageMin":40,"countriesIso":["JPN"],"territory":[{"lang":"en","value":"<p>Hisayama, a suburb of the Fukuoka metropolitan area in the southern part of Japan<\/p>\r\n"}]},"numberOfParticipants":{"participant":{"noLimit":false,"number":1658},"sample":{"noLimit":false,"number":1658}},"dataCollectionEvents":[{"id":"2083d4b3-439c-4d49-8bfe-3308652706af","name":[{"lang":"en","value":"Hisayama - Cohort 1 - Yearly health check-ups"}],"description":[{"lang":"en","value":"<p>Health check-ups were repeated annually.&nbsp;Vital and health status were checked annually by mail or telephone for any participants who did not undergo regular examination or who moved out of town.<\/p>\r\n\r\n<p>In addition, information regarding new cardiovascular events, including stroke, was collected through a daily monitoring system established by the study team physicians, local practitioners and staff of the division of Health and Welfare of the town.<\/p>\r\n\r\n<p>When a participant died, all medical information related to his illness and death, including hospital charts, physician's records and death certificate, were collected. Moreover, autopsy was performed at the Kyushu University Department of Pathology, provided that consent for autopsy had been obtained.<\/p>\r\n"}],"startYear":1961,"endYear":2014,"dataSources":["questionnaires","physical_measures","administratives_databases","others"],"administrativeDatabases":["vital_statisctics_databases"],"otherDataSources":[{"lang":"en","value":"Medical records, autopsy"}]},{"id":"f71e7b24-03b2-456c-9d90-a30c293ea2c3","name":[{"lang":"en","value":"Hisayama - Comprehensive health check-up 1"}],"description":[{"lang":"en","value":"<p><span>The participants received full check-ups&nbsp;on their health status and neurological condition.<\/span><\/p>\r\n\r\n<p>Each participant also completed a self-administered questionnaire covering medical history, treatments for hypertension and diabetes, smoking status, alcohol intake and leisure-time physical activity.<\/p>\r\n\r\n<p>Resting blood pressure, height and weight&nbsp;were&nbsp;measured and body mass index was calculated. Participants underwent an electrocardiogram to detect abnormalities.<\/p>\r\n\r\n<p>Blood was also collected.<\/p>\r\n"}],"startYear":1961,"endYear":1961,"dataSources":["questionnaires","physical_measures","biological_samples"],"bioSamples":["blood"]},{"id":"5a68726b-c27d-49ec-8c75-43f3a007318a","name":[{"lang":"en","value":"Hisayama - Comprehensive health check-up 10"}],"description":[{"lang":"en","value":"<p>The participants received full check-ups on their health status and neurological condition.<\/p>\r\n\r\n<p>When new neurological symptoms were suspected, study team physicians evaluated the participant, and an effort was made to obtain further diagnostic information.<\/p>\r\n\r\n<p>Each participant also completed a self-administered questionnaire covering medical history, treatments for hypertension and diabetes, smoking status, alcohol intake and leisure-time physical activity.<\/p>\r\n\r\n<p>Resting blood pressure, height and weight were measured and body mass index was calculated. Participants underwent an electrocardiogram to detect abnormalities.<\/p>\r\n\r\n<p>Blood was also collected.<\/p>\r\n"}],"startYear":1993,"endYear":1993,"dataSources":["questionnaires","physical_measures","biological_samples"],"bioSamples":["blood"]},{"id":"70a585d1-9823-40ed-bf0b-cdcf0db6f4bd","name":[{"lang":"en","value":"Hisayama - Comprehensive health check-up 11"}],"description":[{"lang":"en","value":"<p>The participants received full check-ups on their health status and neurological condition.<\/p>\r\n\r\n<p>When new neurological symptoms were suspected, study team physicians evaluated the participant, and an effort was made to obtain further diagnostic information.<\/p>\r\n\r\n<p>Each participant also completed a self-administered questionnaire covering medical history, treatments for hypertension and diabetes, smoking status, alcohol intake and leisure-time physical activity.<\/p>\r\n\r\n<p>Resting blood pressure, height and weight were measured and body mass index was calculated. Participants underwent an electrocardiogram to detect abnormalities.<\/p>\r\n\r\n<p>Blood was also collected.<\/p>\r\n"}],"startYear":1998,"endYear":1998,"dataSources":["questionnaires","physical_measures","biological_samples"],"bioSamples":["blood"]},{"id":"2fa4dc3a-3e07-4382-8906-04c5b08efb32","name":[{"lang":"en","value":"Hisayama - Comprehensive health check-up 12"}],"description":[{"lang":"en","value":"<p>The participants received full check-ups on their health status and neurological condition.<\/p>\r\n\r\n<p>When new neurological symptoms were suspected, study team physicians evaluated the participant, and an effort was made to obtain further diagnostic information.<\/p>\r\n\r\n<p>Each participant also completed a self-administered questionnaire covering medical history, treatments for hypertension and diabetes, smoking status, alcohol intake and leisure-time physical activity.<\/p>\r\n\r\n<p>Resting blood pressure, height and weight were measured and body mass index was calculated. Participants underwent an electrocardiogram to detect abnormalities.<\/p>\r\n\r\n<p>Blood was also collected.<\/p>\r\n"}],"startYear":2002,"endYear":2003,"dataSources":["questionnaires","physical_measures","biological_samples"],"bioSamples":["blood"]},{"id":"646cdb57-9bfb-4a19-994a-e3391d82ce0a","name":[{"lang":"en","value":"Hisayama - Comprehensive health check-up 13"}],"description":[{"lang":"en","value":"<p>The participants received full check-ups on their health status and neurological condition.<\/p>\r\n\r\n<p>When new neurological symptoms were suspected, study team physicians evaluated the participant, and an effort was made to obtain further diagnostic information.<\/p>\r\n\r\n<p>Each participant also completed a self-administered questionnaire covering medical history, treatments for hypertension and diabetes, smoking status, alcohol intake and leisure-time physical activity.<\/p>\r\n\r\n<p>Resting blood pressure, height and weight were measured and body mass index was calculated. Participants underwent an electrocardiogram to detect abnormalities.<\/p>\r\n\r\n<p>Blood was also collected.<\/p>\r\n"}],"startYear":2007,"endYear":2008,"dataSources":["questionnaires","physical_measures","biological_samples"],"bioSamples":["blood"]},{"id":"cc1b4fb7-2d77-45dd-800c-59ab6232a120","name":[{"lang":"en","value":"Hisayama - Comprehensive health check-up 14"}],"description":[{"lang":"en","value":"<p>The participants received full check-ups on their health status and neurological condition.<\/p>\r\n\r\n<p>When new neurological symptoms were suspected, study team physicians evaluated the participant, and an effort was made to obtain further diagnostic information.<\/p>\r\n\r\n<p>Each participant also completed a self-administered questionnaire covering medical history, treatments for hypertension and diabetes, smoking status, alcohol intake and leisure-time physical activity.<\/p>\r\n\r\n<p>Resting blood pressure, height and weight were measured and body mass index was calculated. Participants underwent an electrocardiogram to detect abnormalities.<\/p>\r\n\r\n<p>Blood was also collected.<\/p>\r\n"}],"startYear":2012,"endYear":2013,"dataSources":["questionnaires","physical_measures","biological_samples"],"bioSamples":["blood"]},{"id":"970cb14f-ce16-4cb5-84a1-1d8ac1de90f9","name":[{"lang":"en","value":"Hisayama - Comprehensive health check-up 2"}],"description":[{"lang":"en","value":"<p>The participants received full check-ups on their health status and neurological condition.<\/p>\r\n\r\n<p>When new neurological symptoms were suspected, study team physicians evaluated the participant, and an effort was made to obtain further diagnostic information.<\/p>\r\n\r\n<p>Each participant also completed a self-administered questionnaire covering medical history, treatments for hypertension and diabetes, smoking status, alcohol intake and leisure-time physical activity.<\/p>\r\n\r\n<p>Resting blood pressure, height and weight were measured and body mass index was calculated. Participants underwent an electrocardiogram to detect abnormalities.<\/p>\r\n\r\n<p>Blood was also collected.<\/p>\r\n"}],"startYear":1963,"endYear":1963,"dataSources":["questionnaires","physical_measures","biological_samples"],"bioSamples":["blood"]},{"id":"9503415c-e789-436d-9bb0-c69bc5462f85","name":[{"lang":"en","value":"Hisayama - Comprehensive health check-up 3"}],"description":[{"lang":"en","value":"<p>The participants received full check-ups on their health status and neurological condition.<\/p>\r\n\r\n<p>When new neurological symptoms were suspected, study team physicians evaluated the participant, and an effort was made to obtain further diagnostic information.<\/p>\r\n\r\n<p>Each participant also completed a self-administered questionnaire covering medical history, treatments for hypertension and diabetes, smoking status, alcohol intake and leisure-time physical activity.<\/p>\r\n\r\n<p>Resting blood pressure, height and weight were measured and body mass index was calculated. Participants underwent an electrocardiogram to detect abnormalities.<\/p>\r\n\r\n<p>Blood was also collected.<\/p>\r\n"}],"startYear":1965,"endYear":1965,"dataSources":["questionnaires","physical_measures","biological_samples"],"bioSamples":["blood"]},{"id":"290b7979-87fe-45f2-b73b-32478fc5629a","name":[{"lang":"en","value":"Hisayama - Comprehensive health check-up 4"}],"description":[{"lang":"en","value":"<p>The participants received full check-ups on their health status and neurological condition.<\/p>\r\n\r\n<p>When new neurological symptoms were suspected, study team physicians evaluated the participant, and an effort was made to obtain further diagnostic information.<\/p>\r\n\r\n<p>Each participant also completed a self-administered questionnaire covering medical history, treatments for hypertension and diabetes, smoking status, alcohol intake and leisure-time physical activity.<\/p>\r\n\r\n<p>Resting blood pressure, height and weight were measured and body mass index was calculated. Participants underwent an electrocardiogram to detect abnormalities.<\/p>\r\n\r\n<p>Blood was also collected.<\/p>\r\n"}],"startYear":1967,"endYear":1967,"dataSources":["questionnaires","physical_measures","biological_samples"],"bioSamples":["blood"]},{"id":"30d365bd-7b3c-4934-8a40-427670787923","name":[{"lang":"en","value":"Hisayama - Comprehensive health check-up 5"}],"description":[{"lang":"en","value":"<p>The participants received full check-ups on their health status and neurological condition.<\/p>\r\n\r\n<p>When new neurological symptoms were suspected, study team physicians evaluated the participant, and an effort was made to obtain further diagnostic information.<\/p>\r\n\r\n<p>Each participant also completed a self-administered questionnaire covering medical history, treatments for hypertension and diabetes, smoking status, alcohol intake and leisure-time physical activity.<\/p>\r\n\r\n<p>Resting blood pressure, height and weight were measured and body mass index was calculated. Participants underwent an electrocardiogram to detect abnormalities.<\/p>\r\n\r\n<p>Blood was also collected.<\/p>\r\n"}],"startYear":1970,"endYear":1970,"dataSources":["questionnaires","physical_measures","biological_samples"],"bioSamples":["blood"]},{"id":"f91a31f3-eaf3-410b-b5a1-672e7bdff512","name":[{"lang":"en","value":"Hisayama - Comprehensive health check-up 6"}],"description":[{"lang":"en","value":"<p>The participants received full check-ups on their health status and neurological condition.<\/p>\r\n\r\n<p>When new neurological symptoms were suspected, study team physicians evaluated the participant, and an effort was made to obtain further diagnostic information.<\/p>\r\n\r\n<p>Each participant also completed a self-administered questionnaire covering medical history, treatments for hypertension and diabetes, smoking status, alcohol intake and leisure-time physical activity.<\/p>\r\n\r\n<p>Resting blood pressure, height and weight were measured and body mass index was calculated. Participants underwent an electrocardiogram to detect abnormalities.<\/p>\r\n\r\n<p>Blood was also collected.<\/p>\r\n"}],"startYear":1973,"endYear":1974,"dataSources":["questionnaires","physical_measures","biological_samples"],"bioSamples":["blood"]},{"id":"cdd36561-8ac7-4418-b57a-b54fc6cd2e01","name":[{"lang":"en","value":"Hisayama - Comprehensive health check-up 7"}],"description":[{"lang":"en","value":"<p>The participants received full check-ups on their health status and neurological condition.<\/p>\r\n\r\n<p>When new neurological symptoms were suspected, study team physicians evaluated the participant, and an effort was made to obtain further diagnostic information.<\/p>\r\n\r\n<p>Each participant also completed a self-administered questionnaire covering medical history, treatments for hypertension and diabetes, smoking status, alcohol intake and leisure-time physical activity.<\/p>\r\n\r\n<p>Resting blood pressure, height and weight were measured and body mass index was calculated. Participants underwent an electrocardiogram to detect abnormalities.<\/p>\r\n\r\n<p>Blood was also collected.<\/p>\r\n"}],"startYear":1978,"endYear":1978,"dataSources":["questionnaires","physical_measures","biological_samples"],"bioSamples":["blood"]},{"id":"3c814a18-bb1e-4e81-9996-528a6c57a304","name":[{"lang":"en","value":"Hisayama - Comprehensive health check-up 8"}],"description":[{"lang":"en","value":"<p>The participants received full check-ups on their health status and neurological condition.<\/p>\r\n\r\n<p>When new neurological symptoms were suspected, study team physicians evaluated the participant, and an effort was made to obtain further diagnostic information.<\/p>\r\n\r\n<p>Each participant also completed a self-administered questionnaire covering medical history, treatments for hypertension and diabetes, smoking status, alcohol intake and leisure-time physical activity.<\/p>\r\n\r\n<p>Resting blood pressure, height and weight were measured and body mass index was calculated. Participants underwent an electrocardiogram to detect abnormalities.<\/p>\r\n\r\n<p>Blood was also collected.<\/p>\r\n"}],"startYear":1983,"endYear":1983,"dataSources":["questionnaires","physical_measures","biological_samples"],"bioSamples":["blood"]},{"id":"9d747a5e-c4af-4f38-9a6e-16f66a1d9a7e","name":[{"lang":"en","value":"Hisayama - Comprehensive health check-up 9"}],"description":[{"lang":"en","value":"<p>The participants received full check-ups on their health status and neurological condition.<\/p>\r\n\r\n<p>When new neurological symptoms were suspected, study team physicians evaluated the participant, and an effort was made to obtain further diagnostic information.<\/p>\r\n\r\n<p>Each participant also completed a self-administered questionnaire covering medical history, treatments for hypertension and diabetes, smoking status, alcohol intake and leisure-time physical activity.<\/p>\r\n\r\n<p>Resting blood pressure, height and weight were measured and body mass index was calculated. Participants underwent an electrocardiogram to detect abnormalities.<\/p>\r\n\r\n<p>Blood was also collected.<\/p>\r\n"}],"startYear":1988,"endYear":1988,"dataSources":["questionnaires","physical_measures","biological_samples"],"bioSamples":["blood"]},{"id":"78c9d2d7-83bd-484c-92c1-22a2d5c8b657","name":[{"lang":"en","value":"Hisayama - Comprehensive surveys of cognitive impairment 1"}],"description":[{"lang":"en","value":"<p>Comprehensive surveys of cognitive function and impairment in the elderly population, including neuropsychological tests.<\/p>\r\n"}],"startYear":1985,"endYear":1985,"dataSources":["questionnaires","others"],"otherDataSources":[{"lang":"en","value":"Neuropsychological tests"}]},{"id":"f5595d04-7a7f-4c2d-855a-800306db46c8","name":[{"lang":"en","value":"Hisayama - Comprehensive surveys of cognitive impairment 2"}],"description":[{"lang":"en","value":"<p>Comprehensive surveys of cognitive function and impairment in the elderly population, including neuropsychological tests.<\/p>\r\n"}],"startYear":1992,"endYear":1992,"dataSources":["questionnaires","others"],"otherDataSources":[{"lang":"en","value":"Neuropsychological tests"}]},{"id":"7861497d-7153-4994-a855-f7639480453c","name":[{"lang":"en","value":"Hisayama - Comprehensive surveys of cognitive impairment 3"}],"description":[{"lang":"en","value":"<p>Comprehensive surveys of cognitive function and impairment in the elderly population, including neuropsychological tests.<\/p>\r\n"}],"startYear":1998,"endYear":1998,"dataSources":["questionnaires","others"],"otherDataSources":[{"lang":"en","value":"Neuropsychological tests"}]},{"id":"fcfd2754-a494-4bcc-8940-48ac4d012776","name":[{"lang":"en","value":"Hisayama - Comprehensive surveys of cognitive impairment 4"}],"description":[{"lang":"en","value":"<p>Comprehensive surveys of cognitive function and impairment in the elderly population, including neuropsychological tests.<\/p>\r\n"}],"startYear":2005,"endYear":2005,"dataSources":["questionnaires","others"],"otherDataSources":[{"lang":"en","value":"Neuropsychological tests"}]},{"id":"67c9fd15-2aa4-4bd6-bfba-c7b62e7426b6","name":[{"lang":"en","value":"Hisayama - Comprehensive surveys of cognitive impairment 5"}],"description":[{"lang":"en","value":"<p>Comprehensive surveys of cognitive function and impairment in the elderly population, including neuropsychological tests.<\/p>\r\n"}],"startYear":2012,"endYear":2012,"dataSources":["questionnaires","others"],"otherDataSources":[{"lang":"en","value":"Neuropsychological tests"}]}]},{"id":"eec12aaa-0227-41c9-9e6f-4017d022796b","name":[{"lang":"en","value":"Hisayama - Cohort 2"}],"description":[{"lang":"en","value":"<p>The study population consists of residents of the town of Hisayama aged 40 years and older.<\/p>\r\n"}],"recruitment":{"dataSources":["general"],"generalPopulationSources":["volunteer"]},"selectionCriteria":{"ageMin":40,"countriesIso":["JPN"],"territory":[{"lang":"en","value":"<p>Hisayama, a suburb of the Fukuoka metropolitan area in the southern part of Japan.<\/p>\r\n"}]},"numberOfParticipants":{"participant":{"noLimit":false,"number":2135},"sample":{"noLimit":false,"number":2135}},"dataCollectionEvents":[{"id":"6c741728-1db3-481b-a3e1-d7834c28645f","name":[{"lang":"en","value":"Hisayama - Cohort 2 - Yearly health check-ups"}],"description":[{"lang":"en","value":"<p>Health check-ups were repeated annually. Vital and health status were checked annually by mail or telephone for any participants who did not undergo regular examination or who moved out of town.<\/p>\r\n\r\n<p>In addition, information regarding new cardiovascular events, including stroke, was collected through a daily monitoring system established by the study team physicians, local practitioners and staff of the division of Health and Welfare of the town.<\/p>\r\n\r\n<p>When a participant died, all medical information related to his illness and death, including hospital charts, physician's records and death certificate, were collected. Moreover, autopsy was performed at the Kyushu University Department of Pathology, provided that consent for autopsy had been obtained.<\/p>\r\n"}],"startYear":1973,"endYear":2014,"dataSources":["questionnaires","physical_measures","administratives_databases","others"],"administrativeDatabases":["vital_statisctics_databases"],"otherDataSources":[{"lang":"en","value":"Medical records, autopsy"}]},{"id":"5a68726b-c27d-49ec-8c75-43f3a007318a","name":[{"lang":"en","value":"Hisayama - Comprehensive health check-up 10"}],"description":[{"lang":"en","value":"<p>The participants received full check-ups on their health status and neurological condition.<\/p>\r\n\r\n<p>When new neurological symptoms were suspected, study team physicians evaluated the participant, and an effort was made to obtain further diagnostic information.<\/p>\r\n\r\n<p>Each participant also completed a self-administered questionnaire covering medical history, treatments for hypertension and diabetes, smoking status, alcohol intake and leisure-time physical activity.<\/p>\r\n\r\n<p>Resting blood pressure, height and weight were measured and body mass index was calculated. Participants underwent an electrocardiogram to detect abnormalities.<\/p>\r\n\r\n<p>Blood was also collected.<\/p>\r\n"}],"startYear":1993,"endYear":1993,"dataSources":["questionnaires","physical_measures","biological_samples"],"bioSamples":["blood"]},{"id":"70a585d1-9823-40ed-bf0b-cdcf0db6f4bd","name":[{"lang":"en","value":"Hisayama - Comprehensive health check-up 11"}],"description":[{"lang":"en","value":"<p>The participants received full check-ups on their health status and neurological condition.<\/p>\r\n\r\n<p>When new neurological symptoms were suspected, study team physicians evaluated the participant, and an effort was made to obtain further diagnostic information.<\/p>\r\n\r\n<p>Each participant also completed a self-administered questionnaire covering medical history, treatments for hypertension and diabetes, smoking status, alcohol intake and leisure-time physical activity.<\/p>\r\n\r\n<p>Resting blood pressure, height and weight were measured and body mass index was calculated. Participants underwent an electrocardiogram to detect abnormalities.<\/p>\r\n\r\n<p>Blood was also collected.<\/p>\r\n"}],"startYear":1998,"endYear":1998,"dataSources":["questionnaires","physical_measures","biological_samples"],"bioSamples":["blood"]},{"id":"2fa4dc3a-3e07-4382-8906-04c5b08efb32","name":[{"lang":"en","value":"Hisayama - Comprehensive health check-up 12"}],"description":[{"lang":"en","value":"<p>The participants received full check-ups on their health status and neurological condition.<\/p>\r\n\r\n<p>When new neurological symptoms were suspected, study team physicians evaluated the participant, and an effort was made to obtain further diagnostic information.<\/p>\r\n\r\n<p>Each participant also completed a self-administered questionnaire covering medical history, treatments for hypertension and diabetes, smoking status, alcohol intake and leisure-time physical activity.<\/p>\r\n\r\n<p>Resting blood pressure, height and weight were measured and body mass index was calculated. Participants underwent an electrocardiogram to detect abnormalities.<\/p>\r\n\r\n<p>Blood was also collected.<\/p>\r\n"}],"startYear":2002,"endYear":2003,"dataSources":["questionnaires","physical_measures","biological_samples"],"bioSamples":["blood"]},{"id":"646cdb57-9bfb-4a19-994a-e3391d82ce0a","name":[{"lang":"en","value":"Hisayama - Comprehensive health check-up 13"}],"description":[{"lang":"en","value":"<p>The participants received full check-ups on their health status and neurological condition.<\/p>\r\n\r\n<p>When new neurological symptoms were suspected, study team physicians evaluated the participant, and an effort was made to obtain further diagnostic information.<\/p>\r\n\r\n<p>Each participant also completed a self-administered questionnaire covering medical history, treatments for hypertension and diabetes, smoking status, alcohol intake and leisure-time physical activity.<\/p>\r\n\r\n<p>Resting blood pressure, height and weight were measured and body mass index was calculated. Participants underwent an electrocardiogram to detect abnormalities.<\/p>\r\n\r\n<p>Blood was also collected.<\/p>\r\n"}],"startYear":2007,"endYear":2008,"dataSources":["questionnaires","physical_measures","biological_samples"],"bioSamples":["blood"]},{"id":"cc1b4fb7-2d77-45dd-800c-59ab6232a120","name":[{"lang":"en","value":"Hisayama - Comprehensive health check-up 14"}],"description":[{"lang":"en","value":"<p>The participants received full check-ups on their health status and neurological condition.<\/p>\r\n\r\n<p>When new neurological symptoms were suspected, study team physicians evaluated the participant, and an effort was made to obtain further diagnostic information.<\/p>\r\n\r\n<p>Each participant also completed a self-administered questionnaire covering medical history, treatments for hypertension and diabetes, smoking status, alcohol intake and leisure-time physical activity.<\/p>\r\n\r\n<p>Resting blood pressure, height and weight were measured and body mass index was calculated. Participants underwent an electrocardiogram to detect abnormalities.<\/p>\r\n\r\n<p>Blood was also collected.<\/p>\r\n"}],"startYear":2012,"endYear":2013,"dataSources":["questionnaires","physical_measures","biological_samples"],"bioSamples":["blood"]},{"id":"f91a31f3-eaf3-410b-b5a1-672e7bdff512","name":[{"lang":"en","value":"Hisayama - Comprehensive health check-up 6"}],"description":[{"lang":"en","value":"<p>The participants received full check-ups on their health status and neurological condition.<\/p>\r\n\r\n<p>When new neurological symptoms were suspected, study team physicians evaluated the participant, and an effort was made to obtain further diagnostic information.<\/p>\r\n\r\n<p>Each participant also completed a self-administered questionnaire covering medical history, treatments for hypertension and diabetes, smoking status, alcohol intake and leisure-time physical activity.<\/p>\r\n\r\n<p>Resting blood pressure, height and weight were measured and body mass index was calculated. Participants underwent an electrocardiogram to detect abnormalities.<\/p>\r\n\r\n<p>Blood was also collected.<\/p>\r\n"}],"startYear":1973,"endYear":1974,"dataSources":["questionnaires","physical_measures","biological_samples"],"bioSamples":["blood"]},{"id":"cdd36561-8ac7-4418-b57a-b54fc6cd2e01","name":[{"lang":"en","value":"Hisayama - Comprehensive health check-up 7"}],"description":[{"lang":"en","value":"<p>The participants received full check-ups on their health status and neurological condition.<\/p>\r\n\r\n<p>When new neurological symptoms were suspected, study team physicians evaluated the participant, and an effort was made to obtain further diagnostic information.<\/p>\r\n\r\n<p>Each participant also completed a self-administered questionnaire covering medical history, treatments for hypertension and diabetes, smoking status, alcohol intake and leisure-time physical activity.<\/p>\r\n\r\n<p>Resting blood pressure, height and weight were measured and body mass index was calculated. Participants underwent an electrocardiogram to detect abnormalities.<\/p>\r\n\r\n<p>Blood was also collected.<\/p>\r\n"}],"startYear":1978,"endYear":1978,"dataSources":["questionnaires","physical_measures","biological_samples"],"bioSamples":["blood"]},{"id":"3c814a18-bb1e-4e81-9996-528a6c57a304","name":[{"lang":"en","value":"Hisayama - Comprehensive health check-up 8"}],"description":[{"lang":"en","value":"<p>The participants received full check-ups on their health status and neurological condition.<\/p>\r\n\r\n<p>When new neurological symptoms were suspected, study team physicians evaluated the participant, and an effort was made to obtain further diagnostic information.<\/p>\r\n\r\n<p>Each participant also completed a self-administered questionnaire covering medical history, treatments for hypertension and diabetes, smoking status, alcohol intake and leisure-time physical activity.<\/p>\r\n\r\n<p>Resting blood pressure, height and weight were measured and body mass index was calculated. Participants underwent an electrocardiogram to detect abnormalities.<\/p>\r\n\r\n<p>Blood was also collected.<\/p>\r\n"}],"startYear":1983,"endYear":1983,"dataSources":["questionnaires","physical_measures","biological_samples"],"bioSamples":["blood"]},{"id":"9d747a5e-c4af-4f38-9a6e-16f66a1d9a7e","name":[{"lang":"en","value":"Hisayama - Comprehensive health check-up 9"}],"description":[{"lang":"en","value":"<p>The participants received full check-ups on their health status and neurological condition.<\/p>\r\n\r\n<p>When new neurological symptoms were suspected, study team physicians evaluated the participant, and an effort was made to obtain further diagnostic information.<\/p>\r\n\r\n<p>Each participant also completed a self-administered questionnaire covering medical history, treatments for hypertension and diabetes, smoking status, alcohol intake and leisure-time physical activity.<\/p>\r\n\r\n<p>Resting blood pressure, height and weight were measured and body mass index was calculated. Participants underwent an electrocardiogram to detect abnormalities.<\/p>\r\n\r\n<p>Blood was also collected.<\/p>\r\n"}],"startYear":1988,"endYear":1988,"dataSources":["questionnaires","physical_measures","biological_samples"],"bioSamples":["blood"]},{"id":"78c9d2d7-83bd-484c-92c1-22a2d5c8b657","name":[{"lang":"en","value":"Hisayama - Comprehensive surveys of cognitive impairment 1"}],"description":[{"lang":"en","value":"<p>Comprehensive surveys of cognitive function and impairment in the elderly population, including neuropsychological tests.<\/p>\r\n"}],"startYear":1985,"endYear":1985,"dataSources":["questionnaires","others"],"otherDataSources":[{"lang":"en","value":"Neuropsychological tests"}]},{"id":"f5595d04-7a7f-4c2d-855a-800306db46c8","name":[{"lang":"en","value":"Hisayama - Comprehensive surveys of cognitive impairment 2"}],"description":[{"lang":"en","value":"<p>Comprehensive surveys of cognitive function and impairment in the elderly population, including neuropsychological tests.<\/p>\r\n"}],"startYear":1992,"endYear":1992,"dataSources":["questionnaires","others"],"otherDataSources":[{"lang":"en","value":"Neuropsychological tests"}]},{"id":"7861497d-7153-4994-a855-f7639480453c","name":[{"lang":"en","value":"Hisayama - Comprehensive surveys of cognitive impairment 3"}],"description":[{"lang":"en","value":"<p>Comprehensive surveys of cognitive function and impairment in the elderly population, including neuropsychological tests.<\/p>\r\n"}],"startYear":1998,"endYear":1998,"dataSources":["questionnaires","others"],"otherDataSources":[{"lang":"en","value":"Neuropsychological tests"}]},{"id":"fcfd2754-a494-4bcc-8940-48ac4d012776","name":[{"lang":"en","value":"Hisayama - Comprehensive surveys of cognitive impairment 4"}],"description":[{"lang":"en","value":"<p>Comprehensive surveys of cognitive function and impairment in the elderly population, including neuropsychological tests.<\/p>\r\n"}],"startYear":2005,"endYear":2005,"dataSources":["questionnaires","others"],"otherDataSources":[{"lang":"en","value":"Neuropsychological tests"}]},{"id":"67c9fd15-2aa4-4bd6-bfba-c7b62e7426b6","name":[{"lang":"en","value":"Hisayama - Comprehensive surveys of cognitive impairment 5"}],"description":[{"lang":"en","value":"<p>Comprehensive surveys of cognitive function and impairment in the elderly population, including neuropsychological tests.<\/p>\r\n"}],"startYear":2012,"endYear":2012,"dataSources":["questionnaires","others"],"otherDataSources":[{"lang":"en","value":"Neuropsychological tests"}]}]},{"id":"9bf65815-5fcd-466e-a20d-9849b2aa713e","name":[{"lang":"en","value":"Hisayama - Cohort 3"}],"description":[{"lang":"en","value":"<p>The study population consists of residents of the town of Hisayama aged 40 years and older.<\/p>\r\n"}],"recruitment":{"dataSources":["general"],"generalPopulationSources":["volunteer"]},"selectionCriteria":{"ageMin":40,"countriesIso":["JPN"],"territory":[{"lang":"en","value":"<p>Hisayama, a suburb of the Fukuoka metropolitan area in the southern part of Japan.<\/p>\r\n"}]},"numberOfParticipants":{"participant":{"noLimit":false,"number":2742},"sample":{"noLimit":false,"number":2742}},"dataCollectionEvents":[{"id":"83a3cd1c-a94c-406d-b397-445436e332f8","name":[{"lang":"en","value":"Hisayama - Cohort 3 - Yearly health check-ups"}],"description":[{"lang":"en","value":"<p>Health check-ups were repeated annually. Vital and health status were checked annually by mail or telephone for any participants who did not undergo regular examination or who moved out of town.<\/p>\r\n\r\n<p>In addition, information regarding new cardiovascular events, including stroke, was collected through a daily monitoring system established by the study team physicians, local practitioners and staff of the division of Health and Welfare of the town.<\/p>\r\n\r\n<p>When a participant died, all medical information related to his illness and death, including hospital charts, physician's records and death certificate, were collected. Moreover, autopsy was performed at the Kyushu University Department of Pathology, provided that consent for autopsy had been obtained.<\/p>\r\n"}],"startYear":1988,"endYear":2014,"dataSources":["questionnaires","physical_measures","administratives_databases","others"],"administrativeDatabases":["vital_statisctics_databases"],"otherDataSources":[{"lang":"en","value":"Medical records, autopsy"}]},{"id":"5a68726b-c27d-49ec-8c75-43f3a007318a","name":[{"lang":"en","value":"Hisayama - Comprehensive health check-up 10"}],"description":[{"lang":"en","value":"<p>The participants received full check-ups on their health status and neurological condition.<\/p>\r\n\r\n<p>When new neurological symptoms were suspected, study team physicians evaluated the participant, and an effort was made to obtain further diagnostic information.<\/p>\r\n\r\n<p>Each participant also completed a self-administered questionnaire covering medical history, treatments for hypertension and diabetes, smoking status, alcohol intake and leisure-time physical activity.<\/p>\r\n\r\n<p>Resting blood pressure, height and weight were measured and body mass index was calculated. Participants underwent an electrocardiogram to detect abnormalities.<\/p>\r\n\r\n<p>Blood was also collected.<\/p>\r\n"}],"startYear":1993,"endYear":1993,"dataSources":["questionnaires","physical_measures","biological_samples"],"bioSamples":["blood"]},{"id":"70a585d1-9823-40ed-bf0b-cdcf0db6f4bd","name":[{"lang":"en","value":"Hisayama - Comprehensive health check-up 11"}],"description":[{"lang":"en","value":"<p>The participants received full check-ups on their health status and neurological condition.<\/p>\r\n\r\n<p>When new neurological symptoms were suspected, study team physicians evaluated the participant, and an effort was made to obtain further diagnostic information.<\/p>\r\n\r\n<p>Each participant also completed a self-administered questionnaire covering medical history, treatments for hypertension and diabetes, smoking status, alcohol intake and leisure-time physical activity.<\/p>\r\n\r\n<p>Resting blood pressure, height and weight were measured and body mass index was calculated. Participants underwent an electrocardiogram to detect abnormalities.<\/p>\r\n\r\n<p>Blood was also collected.<\/p>\r\n"}],"startYear":1998,"endYear":1998,"dataSources":["questionnaires","physical_measures","biological_samples"],"bioSamples":["blood"]},{"id":"2fa4dc3a-3e07-4382-8906-04c5b08efb32","name":[{"lang":"en","value":"Hisayama - Comprehensive health check-up 12"}],"description":[{"lang":"en","value":"<p>The participants received full check-ups on their health status and neurological condition.<\/p>\r\n\r\n<p>When new neurological symptoms were suspected, study team physicians evaluated the participant, and an effort was made to obtain further diagnostic information.<\/p>\r\n\r\n<p>Each participant also completed a self-administered questionnaire covering medical history, treatments for hypertension and diabetes, smoking status, alcohol intake and leisure-time physical activity.<\/p>\r\n\r\n<p>Resting blood pressure, height and weight were measured and body mass index was calculated. Participants underwent an electrocardiogram to detect abnormalities.<\/p>\r\n\r\n<p>Blood was also collected.<\/p>\r\n"}],"startYear":2002,"endYear":2003,"dataSources":["questionnaires","physical_measures","biological_samples"],"bioSamples":["blood"]},{"id":"646cdb57-9bfb-4a19-994a-e3391d82ce0a","name":[{"lang":"en","value":"Hisayama - Comprehensive health check-up 13"}],"description":[{"lang":"en","value":"<p>The participants received full check-ups on their health status and neurological condition.<\/p>\r\n\r\n<p>When new neurological symptoms were suspected, study team physicians evaluated the participant, and an effort was made to obtain further diagnostic information.<\/p>\r\n\r\n<p>Each participant also completed a self-administered questionnaire covering medical history, treatments for hypertension and diabetes, smoking status, alcohol intake and leisure-time physical activity.<\/p>\r\n\r\n<p>Resting blood pressure, height and weight were measured and body mass index was calculated. Participants underwent an electrocardiogram to detect abnormalities.<\/p>\r\n\r\n<p>Blood was also collected.<\/p>\r\n"}],"startYear":2007,"endYear":2008,"dataSources":["questionnaires","physical_measures","biological_samples"],"bioSamples":["blood"]},{"id":"cc1b4fb7-2d77-45dd-800c-59ab6232a120","name":[{"lang":"en","value":"Hisayama - Comprehensive health check-up 14"}],"description":[{"lang":"en","value":"<p>The participants received full check-ups on their health status and neurological condition.<\/p>\r\n\r\n<p>When new neurological symptoms were suspected, study team physicians evaluated the participant, and an effort was made to obtain further diagnostic information.<\/p>\r\n\r\n<p>Each participant also completed a self-administered questionnaire covering medical history, treatments for hypertension and diabetes, smoking status, alcohol intake and leisure-time physical activity.<\/p>\r\n\r\n<p>Resting blood pressure, height and weight were measured and body mass index was calculated. Participants underwent an electrocardiogram to detect abnormalities.<\/p>\r\n\r\n<p>Blood was also collected.<\/p>\r\n"}],"startYear":2012,"endYear":2013,"dataSources":["questionnaires","physical_measures","biological_samples"],"bioSamples":["blood"]},{"id":"9d747a5e-c4af-4f38-9a6e-16f66a1d9a7e","name":[{"lang":"en","value":"Hisayama - Comprehensive health check-up 9"}],"description":[{"lang":"en","value":"<p>The participants received full check-ups on their health status and neurological condition.<\/p>\r\n\r\n<p>When new neurological symptoms were suspected, study team physicians evaluated the participant, and an effort was made to obtain further diagnostic information.<\/p>\r\n\r\n<p>Each participant also completed a self-administered questionnaire covering medical history, treatments for hypertension and diabetes, smoking status, alcohol intake and leisure-time physical activity.<\/p>\r\n\r\n<p>Resting blood pressure, height and weight were measured and body mass index was calculated. Participants underwent an electrocardiogram to detect abnormalities.<\/p>\r\n\r\n<p>Blood was also collected.<\/p>\r\n"}],"startYear":1988,"endYear":1988,"dataSources":["questionnaires","physical_measures","biological_samples"],"bioSamples":["blood"]},{"id":"f5595d04-7a7f-4c2d-855a-800306db46c8","name":[{"lang":"en","value":"Hisayama - Comprehensive surveys of cognitive impairment 2"}],"description":[{"lang":"en","value":"<p>Comprehensive surveys of cognitive function and impairment in the elderly population, including neuropsychological tests.<\/p>\r\n"}],"startYear":1992,"endYear":1992,"dataSources":["questionnaires","others"],"otherDataSources":[{"lang":"en","value":"Neuropsychological tests"}]},{"id":"7861497d-7153-4994-a855-f7639480453c","name":[{"lang":"en","value":"Hisayama - Comprehensive surveys of cognitive impairment 3"}],"description":[{"lang":"en","value":"<p>Comprehensive surveys of cognitive function and impairment in the elderly population, including neuropsychological tests.<\/p>\r\n"}],"startYear":1998,"endYear":1998,"dataSources":["questionnaires","others"],"otherDataSources":[{"lang":"en","value":"Neuropsychological tests"}]},{"id":"fcfd2754-a494-4bcc-8940-48ac4d012776","name":[{"lang":"en","value":"Hisayama - Comprehensive surveys of cognitive impairment 4"}],"description":[{"lang":"en","value":"<p>Comprehensive surveys of cognitive function and impairment in the elderly population, including neuropsychological tests.<\/p>\r\n"}],"startYear":2005,"endYear":2005,"dataSources":["questionnaires","others"],"otherDataSources":[{"lang":"en","value":"Neuropsychological tests"}]},{"id":"67c9fd15-2aa4-4bd6-bfba-c7b62e7426b6","name":[{"lang":"en","value":"Hisayama - Comprehensive surveys of cognitive impairment 5"}],"description":[{"lang":"en","value":"<p>Comprehensive surveys of cognitive function and impairment in the elderly population, including neuropsychological tests.<\/p>\r\n"}],"startYear":2012,"endYear":2012,"dataSources":["questionnaires","others"],"otherDataSources":[{"lang":"en","value":"Neuropsychological tests"}]}]},{"id":"1d5495af-f99a-4e41-873b-da844cd970c5","name":[{"lang":"en","value":"Hisayama - Cohort 4"}],"description":[{"lang":"en","value":"<p>The study population consists of residents of the town of Hisayama aged 40 years and older.<\/p>\r\n"}],"recruitment":{"dataSources":["general"],"generalPopulationSources":["volunteer"]},"selectionCriteria":{"ageMin":40,"countriesIso":["JPN"],"territory":[{"lang":"en","value":"<p>Hisayama, a suburb of the Fukuoka metropolitan area in the southern part of Japan.<\/p>\r\n"}]},"numberOfParticipants":{"participant":{"noLimit":false,"number":3298},"sample":{"noLimit":false,"number":3298}},"dataCollectionEvents":[{"id":"8eceed8b-aba9-4b58-8141-0c0241cded46","name":[{"lang":"en","value":"Hisayama - Cohort 4 - Yearly health check-ups"}],"description":[{"lang":"en","value":"<p>Health check-ups were repeated annually. Vital and health status were checked annually by mail or telephone for any participants who did not undergo regular examination or who moved out of town.<\/p>\r\n\r\n<p>In addition, information regarding new cardiovascular events, including stroke, was collected through a daily monitoring system established by the study team physicians, local practitioners and staff of the division of Health and Welfare of the town.<\/p>\r\n\r\n<p>When a participant died, all medical information related to his illness and death, including hospital charts, physician's records and death certificate, were collected. Moreover, autopsy was performed at the Kyushu University Department of Pathology, provided that consent for autopsy had been obtained.<\/p>\r\n"}],"startYear":2002,"endYear":2014,"dataSources":["questionnaires","physical_measures","administratives_databases","others"],"administrativeDatabases":["vital_statisctics_databases"],"otherDataSources":[{"lang":"en","value":"Medical records, autopsy"}]},{"id":"2fa4dc3a-3e07-4382-8906-04c5b08efb32","name":[{"lang":"en","value":"Hisayama - Comprehensive health check-up 12"}],"description":[{"lang":"en","value":"<p>The participants received full check-ups on their health status and neurological condition.<\/p>\r\n\r\n<p>When new neurological symptoms were suspected, study team physicians evaluated the participant, and an effort was made to obtain further diagnostic information.<\/p>\r\n\r\n<p>Each participant also completed a self-administered questionnaire covering medical history, treatments for hypertension and diabetes, smoking status, alcohol intake and leisure-time physical activity.<\/p>\r\n\r\n<p>Resting blood pressure, height and weight were measured and body mass index was calculated. Participants underwent an electrocardiogram to detect abnormalities.<\/p>\r\n\r\n<p>Blood was also collected.<\/p>\r\n"}],"startYear":2002,"endYear":2003,"dataSources":["questionnaires","physical_measures","biological_samples"],"bioSamples":["blood"]},{"id":"646cdb57-9bfb-4a19-994a-e3391d82ce0a","name":[{"lang":"en","value":"Hisayama - Comprehensive health check-up 13"}],"description":[{"lang":"en","value":"<p>The participants received full check-ups on their health status and neurological condition.<\/p>\r\n\r\n<p>When new neurological symptoms were suspected, study team physicians evaluated the participant, and an effort was made to obtain further diagnostic information.<\/p>\r\n\r\n<p>Each participant also completed a self-administered questionnaire covering medical history, treatments for hypertension and diabetes, smoking status, alcohol intake and leisure-time physical activity.<\/p>\r\n\r\n<p>Resting blood pressure, height and weight were measured and body mass index was calculated. Participants underwent an electrocardiogram to detect abnormalities.<\/p>\r\n\r\n<p>Blood was also collected.<\/p>\r\n"}],"startYear":2007,"endYear":2008,"dataSources":["questionnaires","physical_measures","biological_samples"],"bioSamples":["blood"]},{"id":"cc1b4fb7-2d77-45dd-800c-59ab6232a120","name":[{"lang":"en","value":"Hisayama - Comprehensive health check-up 14"}],"description":[{"lang":"en","value":"<p>The participants received full check-ups on their health status and neurological condition.<\/p>\r\n\r\n<p>When new neurological symptoms were suspected, study team physicians evaluated the participant, and an effort was made to obtain further diagnostic information.<\/p>\r\n\r\n<p>Each participant also completed a self-administered questionnaire covering medical history, treatments for hypertension and diabetes, smoking status, alcohol intake and leisure-time physical activity.<\/p>\r\n\r\n<p>Resting blood pressure, height and weight were measured and body mass index was calculated. Participants underwent an electrocardiogram to detect abnormalities.<\/p>\r\n\r\n<p>Blood was also collected.<\/p>\r\n"}],"startYear":2012,"endYear":2013,"dataSources":["questionnaires","physical_measures","biological_samples"],"bioSamples":["blood"]},{"id":"fcfd2754-a494-4bcc-8940-48ac4d012776","name":[{"lang":"en","value":"Hisayama - Comprehensive surveys of cognitive impairment 4"}],"description":[{"lang":"en","value":"<p>Comprehensive surveys of cognitive function and impairment in the elderly population, including neuropsychological tests.<\/p>\r\n"}],"startYear":2005,"endYear":2005,"dataSources":["questionnaires","others"],"otherDataSources":[{"lang":"en","value":"Neuropsychological tests"}]},{"id":"67c9fd15-2aa4-4bd6-bfba-c7b62e7426b6","name":[{"lang":"en","value":"Hisayama - Comprehensive surveys of cognitive impairment 5"}],"description":[{"lang":"en","value":"<p>Comprehensive surveys of cognitive function and impairment in the elderly population, including neuropsychological tests.<\/p>\r\n"}],"startYear":2012,"endYear":2012,"dataSources":["questionnaires","others"],"otherDataSources":[{"lang":"en","value":"Neuropsychological tests"}]}]}]}