{"id":"ce1a41b9-a220-492b-a6c2-75e465ec8fb1","name":[{"lang":"en","value":"Magnitude of enteric illness in Quebec rural areas and association with animal farming and climate factors"}],"investigators":[{"lastName":"Yossi Febriani (Centre Hospitalier Universitaire du Qu\u00e9bec)","email":"","dataAccessCommitteeMember":false,"institution":{"name":[{"lang":"en","value":"Centre Hospitalier Universitaire du Qu\u00e9bec"}],"address":[]}},{"lastName":"Dr. Patrick Levallois (Institut national de sant\u00e9 publique du Qu\u00e9bec)","email":"Patrick.Levallois@msp.ulaval.ca","phone":"418-650-5115 poste 5216","dataAccessCommitteeMember":false,"institution":{"name":[{"lang":"en","value":"Institut national de sant\u00e9 publique du Qu\u00e9bec"}],"address":{"street":[{"lang":"en","value":"945, avenue Wolfe"}],"city":[{"lang":"en","value":"Qu\u00e9bec"}],"zip":"G1V 5B3","state":"Qu\u00e9bec"}}},{"lastName":"Suzanne Gingras (Institut national de sant\u00e9 publique du Qu\u00e9bec)","email":"","dataAccessCommitteeMember":false,"institution":{"name":[{"lang":"en","value":"Institut national de sant\u00e9 publique du Qu\u00e9bec"}],"address":{"city":[{"lang":"en","value":"Quebec"}]}}},{"lastName":"Pierre Gosselin (Centre Hospitalier Universitaire du Qu\u00e9bec)","email":"","dataAccessCommitteeMember":false,"institution":{"name":[{"lang":"en","value":"Centre Hospitalier Universitaire du Qu\u00e9bec"}],"address":[]}},{"lastName":"Shannon E Majowicz (University of Guelph)","email":"","dataAccessCommitteeMember":false,"institution":{"name":[{"lang":"en","value":"University of Guelph"}],"address":[]}},{"lastName":"Manon D Fleury (Public Health Agency of Canada)","email":"","dataAccessCommitteeMember":false,"institution":{"name":[{"lang":"en","value":"Public Health Agency of Canada"}],"address":[]}}],"contacts":[{"lastName":"Dr. Patrick Levallois (Institut national de sant\u00e9 publique du Qu\u00e9bec)","email":"Patrick.Levallois@msp.ulaval.ca","phone":"418-650-5115 poste 5216","dataAccessCommitteeMember":false,"institution":{"name":[{"lang":"en","value":"Institut national de sant\u00e9 publique du Qu\u00e9bec"}],"address":{"street":[{"lang":"en","value":"945, avenue Wolfe"}],"city":[{"lang":"en","value":"Qu\u00e9bec"}],"zip":"G1V 5B3","state":"Qu\u00e9bec"}}}],"objectives":[{"lang":"en","value":"<p><strong><span>Main Objective:<\/span><\/strong><br \/>\r\n<span>To assess the incidence of acute gastrointestinal illness (AGI) in rural municipalities of Quebec with animal farming activities.<\/span><\/p>\r\n\r\n<p><strong><span>Secondary objectives:<\/span><\/strong><br \/>\r\n<span>1) To evaluate the geographic situation and the impact of climate (precipitations and weather) with the AGI;<\/span><br \/>\r\n<span>2) To evaluate the princial risk factors of AGI (age, drinking water source and seasons).<\/span><\/p>\r\n"}],"specificAuthorization":{"authorized":false,"date":"1969-12-31T19:00:00-05:00"},"maelstromAuthorization":{"authorized":true,"authorizer":"Patrick Levallois","date":"2012-10-15T00:00:00-04:00"},"methods":{"designs":["cross_sectional"],"recruitments":["individuals"]},"numberOfParticipants":{"participant":{"noLimit":false,"number":7006},"sample":{"noLimit":false}},"startYear":2007,"endYear":2008,"access":["data"],"markerPaper":"Febriani Y, Levallois P, Gingras S, et al. The association between farming activities, precipitation, and the risk of acute gastrointestinal illness in rural municipalities of Quebec, Canada: a cross-sectional study. BMC public health. 2010;10:48.","pubmedId":"20113516","info":[{"lang":"en","value":"<p>Data from the questionnaires could be available but a request to the Ethics Committee will be required.<\/p>\r\n"}],"populations":[{"id":"31c7e9a7-2726-4fa9-b571-7f1dbff83d2a","name":[{"lang":"en","value":"Study population"}],"description":[{"lang":"en","value":"The sample consisted of randomly selected residents of 54 rural municipalities in Qu\u00e9bec, Canada. The study population was classified into two groups: i) all residents of 31 rural municipalities with high intensive animal farming activities, located in seven watersheds considered by the Minist\u00e8re du D\u00e9veloppement durable, de l'Environnement et des Parcs (MDDEP) to be overloaded with manure (total population = 55,434), and ii) all residents of 23 rural municipalities with low intensive animal farming activities located outside the seven watersheds in southern Quebec (total population = 39,413)."}],"recruitment":{"dataSources":["general"],"generalPopulationSources":["random"]},"selectionCriteria":{"countriesIso":["CAN"],"otherCriteria":[{"lang":"en","value":"Exclusion criteria: 1) Children three months old or younger; 2) Individuals who lived in institutions; 3) Individuals who did not speak French or English."}]},"numberOfParticipants":{"participant":{"noLimit":false,"number":7006},"sample":{"noLimit":false}},"dataCollectionEvents":[{"id":"d5b1b4de-f8d9-4541-b859-d004f45b3a0f","name":[{"lang":"en","value":"Study data collection event"}],"description":[{"lang":"en","value":"<p><span>Acute gastrointestinal illness (AGI) symptoms and several risk factors data were collected using a phone questionnaire between April 24, 2007 and April 21, 2008.&nbsp;Data&nbsp;collected included information on&nbsp;symptoms, demographic determinants (age, sex, education, family income, etc), and risk factors of AGI. Individual-level risk factors measured by the questionaire&nbsp;were: water source (community waterworks, domestic&nbsp;wells or others), ingestion of possibly contaminated&nbsp;water, consumption of risky foods (raw meat, fish, or&nbsp;egg; unpasteurized milk or milk cheese), and occupation&nbsp;or living environment in which the individual may have&nbsp;been in contact with human or animal stools.&nbsp;Data on animal farming activities for each municipality, last updated in 2006, were obtained from the&nbsp;<\/span><em>Minist\u00e8re du D\u00e9veloppement durable, de l\u2019Environnement et des Parcs<\/em><span>&nbsp;(MDDEP)&nbsp;and the&nbsp;<\/span><em>Minist\u00e8re de l\u2019Agriculture, des P\u00each<\/em><em>eries, et de l\u2019Alimentation du Qu\u00e9bec&nbsp;<\/em><span>(MAPAQ).<\/span><\/p>\r\n"}],"startYear":2007,"startMonth":4,"endYear":2008,"endMonth":4,"dataSources":["questionnaires","administratives_databases"],"administrativeDatabases":["environmental_databases"]}]}]}