{"id":"2276553d-9fa1-4c14-a25e-ad4274996321","name":[{"lang":"en","value":"Harvard Study of Adult Development (HSAD)"}],"acronym":[{"lang":"en","value":"HSAD"}],"logo":{"id":"a8161582-f708-4fa6-a11c-43718071cab4","fileName":"Harvad study logo.PNG","type":"logo","description":[{"lang":"en"}],"lang":"en","justUploaded":true},"investigators":[{"lastName":"MD. Robert J. Waldinger (Harvard Medical School)","email":"rwaldinger@partners.org","phone":"617-643-4339 ","dataAccessCommitteeMember":false,"institution":{"name":[{"lang":"en","value":"Harvard Medical School "}],"department":[{"lang":"en","value":"MGH Center for Psychodynamic Therapy and Research\/Laboratory of Adult Development "}],"address":{"street":[{"lang":"en","value":"15 Parkman Street -- WAC 805F "}],"city":[{"lang":"en","value":"Boston"}],"zip":"02114","state":"Massassuchet"}}}],"contacts":[{"lastName":"Laura Distel (Massachusetts General Hospital)","email":"LDISTEL@mgh.harvard.edu","phone":"(617) 643-7403 ","dataAccessCommitteeMember":false,"institution":{"name":[{"lang":"en","value":"Massachusetts General Hospital "}],"department":[{"lang":"en","value":"Laboratory of Adult Development "}],"address":[]}}],"objectives":[{"lang":"en","value":"<p lang=\"en-CA\"><font face=\"BMXDTQ+BakerSignet, serif\"><font size=\"3\"><font face=\"Arial, serif\"><font size=\"2\">Longitudinal study of two groups of men over the adult lifespan, tracking major domains of mental and physical health, social functioning, and work life.<\/font><\/font><\/font><\/font><\/p>\r\n"}],"website":"http:\/\/www.massgeneral.org\/psychiatry\/research\/adult_dev_home.aspx","specificAuthorization":{"authorized":false,"date":"1969-12-31T19:00:00-05:00"},"maelstromAuthorization":{"authorized":true,"authorizer":"Robert J. Waldinger, M.D.","date":"2013-11-29T00:00:00-05:00"},"methods":{"designs":["cohort_study"],"followUpInfo":[{"lang":"en","value":"<p class=\"western\"><font size=\"2\">Questionnaire follow-up every 2 years; medical records obtained every 5 years, in-person interviews approx. every 10 years<\/font><\/p>\r\n"}],"recruitments":["individuals","other"],"otherRecruitment":[{"lang":"en","value":"Spouses of original male participants"}],"info":[{"lang":"en","value":"<p><span>268 Harvard College sophomores and 456 Inner City Boston boys all recruited in the late 1930s and early 1940s<\/span><\/p>\r\n"}]},"numberOfParticipants":{"participant":{"noLimit":false,"number":724},"sample":{"noLimit":false,"number":130},"info":[{"lang":"en","value":"<p>other than the 130 original male participants; 62 female spouses provided biological samples and some psychosocial data.&nbsp;<\/p>\r\n"}]},"startYear":1938,"access":["data","biosamples","other"],"otherAccess":[{"lang":"en","value":"<p class=\"western\"><font size=\"2\">videotaped marital interactions, functional and structural MRI data<\/font><\/p>\r\n"}],"populations":[{"id":"d87e0a1f-7f23-450a-bb63-7d1c55049324","name":[{"lang":"en","value":"The College cohort (\"the Grant Study\")"}],"description":[{"lang":"en","value":"<p align=\"JUSTIFY\" class=\"western\"><font>The College cohort (\u201cGrant Study\u201d) consists of 268 Caucasian men from the Harvard College classes of 1942-1944 selected because they were in the top half of their class academically and without known physical or mental difficulties. Half were on scholarship and half had to work during college to finance their education.&nbsp;<\/font><\/p>\r\n"}],"recruitment":{"dataSources":["specific_population"],"specificPopulationSources":["other"],"otherSpecificPopulationSource":[{"lang":"en","value":"<p>Harvard College undergraduates&nbsp;<\/p>\r\n"}]},"selectionCriteria":{"gender":0,"ageMin":17,"ageMax":21,"countriesIso":["USA"],"territory":[{"lang":"en","value":"<p class=\"western\"><font size=\"2\">Harvard undergraduates came from all over the US<\/font><\/p>\r\n"}],"ethnicOrigin":[{"localizedStrings":[{"lang":"en","value":"Caucasian"}]}],"healthStatus":[{"localizedStrings":[{"lang":"en","value":"Good health"}]}]},"numberOfParticipants":{"participant":{"noLimit":false,"number":268},"sample":{"noLimit":false}},"dataCollectionEvents":[{"id":"3dca7275-82c4-4300-a9f9-667795a55cf7","name":[{"lang":"en","value":"General questionnaire college"}],"description":[{"lang":"en","value":"<p>Data was collected every 2 years. It included information about sleep, tobacco, alcohol, medicine, social associations, and politics.&nbsp;<\/p>\r\n"}],"startYear":1947,"endYear":2013,"dataSources":["questionnaires"]},{"id":"3d31ac20-f0e7-4bd3-9db6-ace7877079d8","name":[{"lang":"en","value":"Grant study baseline information"}],"description":[{"lang":"en","value":"<p>Data&nbsp;was collected by in-person interviews with the boys and their families. It included information about<span>&nbsp;social history, family members, college social relationships, academic records, early childhood and sexuality, psychiatric classification, body measurements, and physcial health.&nbsp;<\/span><\/p>\r\n"}],"startYear":1938,"endYear":1944,"dataSources":["questionnaires","physical_measures"]},{"id":"0dd7d173-bef9-4ccb-8f87-5e167f351447","name":[{"lang":"en","value":"Marital Protocol "}],"description":[{"lang":"en","value":"<p>Both the particpants and their wives were interviewed in person and were given psychological testing. Cognitive status, Locke-Wallace Relationship Questionnaire, CES-D, close relationships, IWAF, and daily diary were assessed.&nbsp;<\/p>\r\n"}],"startYear":2003,"endYear":2008,"dataSources":["questionnaires","others"],"otherDataSources":[{"lang":"en","value":"video-taped interaction"}]},{"id":"07b20f50-f4ae-4bee-bcbb-36b7c86edc91","name":[{"lang":"en","value":"Neuroscience protocol"}],"description":[{"lang":"en","value":"<p>In-person interviews were conducted to assess&nbsp;participants and their wives'&nbsp;cognitive and psychological status through various elderly specific&nbsp;instruments. In addition, MRI and brain donations were collected.<\/p>\r\n"}],"startYear":2008,"endYear":2013,"dataSources":["questionnaires","biological_samples","others"],"otherDataSources":[{"lang":"en","value":"MRI"}],"bioSamples":["tissues"],"tissueTypes":[{"lang":"en","value":"brain"}]}]},{"id":"90f11f5b-e778-41d4-8c06-218bd3b98256","name":[{"lang":"en","value":"The Inner City cohort (\"the Glueck Study\")"}],"description":[{"lang":"en","value":"<p><span>Inner City cohort (\u201cGlueck Study\u201d) consists of 456 Caucasian men selected in 1938-40 as matched controls for a study of juvenile delinquency when they were age 11-16 by reviewing the enrollments of neighborhood schools. They were chosen because they did not manifest serious delinquency; and they were individually matched with a delinquent group for ethnicity (predominantly Irish- and Italian-American), for limited intelligence (mean IQ = 94), and for living in a high-crime neighborhood.<\/span><\/p>\r\n"}],"recruitment":{"dataSources":["specific_population"],"specificPopulationSources":["other"],"otherSpecificPopulationSource":[{"lang":"en","value":"<p>Boys from Boston's inner city.<\/p>\r\n"}]},"selectionCriteria":{"gender":0,"ageMin":12,"ageMax":16,"countriesIso":["USA"],"territory":[{"lang":"en","value":"<p><span>Inner City cohort all resided in Boston, MA.<\/span><\/p>\r\n"}],"ethnicOrigin":[{"localizedStrings":[{"lang":"en","value":"Caucasian"}]}],"healthStatus":[{"localizedStrings":[{"lang":"en","value":"Good health"}]}]},"numberOfParticipants":{"participant":{"noLimit":false,"number":456},"sample":{"noLimit":false}},"dataCollectionEvents":[{"id":"d2ebc318-7ef8-46e2-b3c0-6ffc3c7de11a","name":[{"lang":"en","value":"General questionnaire inner city"}],"description":[{"lang":"en","value":"<p>Data was collected every 2 years. It included information about sleep, tobacco, alcohol, medicine, social associations, and politics.&nbsp;<\/p>\r\n"}],"startYear":2000,"endYear":2013,"dataSources":["questionnaires"]},{"id":"78eb3d3f-056a-47bc-8247-66dce7214869","name":[{"lang":"en","value":"Glueck study baseline information "}],"description":[{"lang":"en","value":"<p>Data&nbsp;was collected by in-person interviews with the boys and their families. It included information about physcial health, school performance and history, IQ, social life, behavior, mental ability, and armed forces selective service.&nbsp;<\/p>\r\n"}],"startYear":1940,"endYear":1950,"dataSources":["questionnaires"]},{"id":"e9e7fdee-f487-41e1-9d5c-7b6597e1e282","name":[{"lang":"en","value":"Glueck study follow up"}],"description":[{"lang":"en","value":"<p>In person interviews were carried on to collect information about unofficial misconduct\/delinquency, military history, vital statistics of family, and health histroy of family.<\/p>\r\n"}],"startYear":1950,"endYear":1965,"dataSources":["questionnaires"]},{"id":"2aa78a08-0a67-4afb-b5bd-892b62db9d54","name":[{"lang":"en","value":"Glueck study midlife follow up"}],"description":[{"lang":"en","value":"<p>Information was collected about midlife and their children.&nbsp;<\/p>\r\n"}],"startYear":1966,"endYear":1983,"dataSources":["questionnaires"]},{"id":"0dd7d173-bef9-4ccb-8f87-5e167f351447","name":[{"lang":"en","value":"Marital Protocol "}],"description":[{"lang":"en","value":"<p>Both the particpants and their wives were interviewed in person and were given psychological testing. Cognitive status, Locke-Wallace Relationship Questionnaire, CES-D, close relationships, IWAF, and daily diary were assessed.&nbsp;<\/p>\r\n"}],"startYear":2003,"endYear":2008,"dataSources":["questionnaires","others"],"otherDataSources":[{"lang":"en","value":"video-taped interaction"}]},{"id":"07b20f50-f4ae-4bee-bcbb-36b7c86edc91","name":[{"lang":"en","value":"Neuroscience protocol"}],"description":[{"lang":"en","value":"<p>In-person interviews were conducted to assess&nbsp;participants and their wives'&nbsp;cognitive and psychological status through various elderly specific&nbsp;instruments. In addition, MRI and brain donations were collected.<\/p>\r\n"}],"startYear":2008,"endYear":2013,"dataSources":["questionnaires","biological_samples","others"],"otherDataSources":[{"lang":"en","value":"MRI"}],"bioSamples":["tissues"],"tissueTypes":[{"lang":"en","value":"brain"}]}]}]}