{"id":"c3d4bb12-7046-4f6c-a447-c7c9a6f82e19","name":[{"lang":"en","value":"Survey on the respiratory health of Montreal children aged 6 months to 12 years"}],"investigators":[{"lastName":"MD. St\u00e9phane Perron (University of Montreal Public Health Research Institute (IRSPUM))","email":"sperron@santepub-mtl.qc.ca","phone":"(514) 528-2400 ext 3291","dataAccessCommitteeMember":false,"institution":{"name":[{"lang":"en","value":"University of Montreal Public Health Research Institute (IRSPUM)"}],"department":[{"lang":"en","value":"Social and Preventive Medicine"}],"address":{"city":[{"lang":"en","value":"Montreal"}],"state":"Quebec","country":{"iso":"CA","name":[{"lang":"en","value":"Canada"}]}}}}],"contacts":[{"lastName":"MD. St\u00e9phane Perron (University of Montreal Public Health Research Institute (IRSPUM))","email":"sperron@santepub-mtl.qc.ca","phone":"(514) 528-2400 ext 3291","dataAccessCommitteeMember":false,"institution":{"name":[{"lang":"en","value":"University of Montreal Public Health Research Institute (IRSPUM)"}],"department":[{"lang":"en","value":"Social and Preventive Medicine"}],"address":{"city":[{"lang":"en","value":"Montreal"}],"state":"Quebec","country":{"iso":"CA","name":[{"lang":"en","value":"Canada"}]}}}}],"objectives":[{"lang":"en","value":"<p>The study aimed to determine the declared prevalence of asthma, respiratory infections and winter allergic rhinitis in children in&nbsp;the sociosanitary territories of the Island of Montreal, and to identify the factors associated with&nbsp;their distribution, in order to orient the preventive actions and care. The territories studied were those of Health and Social Services Centres (CSSS) and Local Community Services Centres (CLSC).<\/p>\r\n"}],"website":"http:\/\/www.dsp.santemontreal.qc.ca\/publications\/publications_resume.html?tx_wfqbe_pi1%5Buid%5D=1029","specificAuthorization":{"authorized":true,"authorizer":"St\u00e9phane Perron","date":"2014-09-02T00:00:00-04:00"},"maelstromAuthorization":{"authorized":true,"authorizer":"St\u00e9phane Perron","date":"2014-09-02T00:00:00-04:00"},"methods":{"designs":["cross_sectional"],"followUpInfo":[{"lang":"en","value":"<p>The data collection was done during the summer of 2006 using a mixed sampling method, by phone and Internet.<\/p>\r\n"}],"recruitments":["individuals"]},"numberOfParticipants":{"participant":{"noLimit":false,"number":7956},"sample":{"noLimit":false}},"startYear":2006,"endYear":2006,"access":["data"],"markerPaper":"http:\/\/publications.santemontreal.qc.ca\/uploads\/tx_asssmpublications\/978-2-89673-046-9.pdf","populations":[{"id":"277dc5c9-a8b3-44f6-80c4-98673f51e7e1","name":[{"lang":"en","value":"Montreal children aged 6 months to 12 years"}],"description":[{"lang":"en","value":"<p>The study population consisted of children aged 6 months to 12 years living on the Island of Montreal.<\/p>\r\n"}],"recruitment":{"dataSources":["general"],"generalPopulationSources":["selected_samples"]},"selectionCriteria":{"ageMin":0,"ageMax":12,"countriesIso":["CAN"],"territory":[{"lang":"en","value":"<p>Montreal<\/p>\r\n"}],"otherCriteria":[{"lang":"en","value":"<p>The child had to live with the responding mother, father or legal guardian at least 50% of the time, and the child's parent or legal guardian had to be a French- or English-speaking adult (<span>\u2265<\/span>18 years of age).<\/p>\r\n"}]},"numberOfParticipants":{"participant":{"noLimit":false,"number":7956},"sample":{"noLimit":false}},"dataCollectionEvents":[{"id":"3c88c1d9-e66c-4d59-a416-c5bbcd90289f","name":[{"lang":"en","value":"Montreal children aged 6 months to 12 years"}],"description":[{"lang":"en","value":"<p>Most of the collected&nbsp;information came from parental responses&nbsp;in phone or Internet questionnaires, except information on&nbsp;exposure to environmental pollutants for which&nbsp;the data came&nbsp;from other studies. Parental&nbsp;responses to some questions on diagnostics made by a doctor or on health services and medication use were validated with data from the <span>R\u00e9gie de l'assurance maladie du Qu\u00e9bec (RAMQ)<\/span>.<\/p>\r\n"}],"startYear":2006,"startMonth":6,"endYear":2006,"endMonth":9,"dataSources":["questionnaires","administratives_databases","others"],"administrativeDatabases":["health_databases"],"otherDataSources":[{"lang":"en","value":"Other studies on environmental pollutants"}]}]}]}