{"id":"46dbfabb-e231-4c3f-9065-06a3c5637cbf","name":[{"lang":"en","value":"German Ageing Survey (DEAS)"}],"acronym":[{"lang":"en","value":"DEAS"}],"investigators":[{"lastName":"Dr. Katharina Mahne (The German Centre of Gerontology)","phone":"+49 30 260740-18","institution":{"name":[{"lang":"en","value":"The German Centre of Gerontology"}],"address":{"street":[{"lang":"en","value":"Manfred-von-Richthofen-Str. 2"}],"city":[{"lang":"en","value":"Berlin"}],"zip":"12101","country":{"iso":"DE","name":[{"lang":"en","value":"Germany"}]}}}},{"lastName":"Dr. Julia Wolff (The German Centre of Gerontology)","phone":"+49 30 260740-34","institution":{"name":[{"lang":"en","value":"The German Centre of Gerontology"}],"address":{"street":[{"lang":"en","value":"Manfred-von-Richthofen-Str. 2"}],"city":[{"lang":"en","value":"Berlin"}],"zip":"12101","country":{"iso":"DE","name":[{"lang":"en","value":"Germany"}]}}}}],"contacts":[{"lastName":"Prof. Dr. Clemens Tesch-Roemer (The German Centre of Gerontology)","email":"clemens.tesch-roemer@dza.de","phone":"+49 30 260740-0","institution":{"name":[{"lang":"en","value":"The German Centre of Gerontology"}],"address":{"street":[{"lang":"en","value":"Manfred-von-Richthofen-Str. 2"}],"city":[{"lang":"en","value":"Berlin"}],"zip":"12101","country":{"iso":"DE","name":[{"lang":"en","value":"Germany"}]}}}}],"objectives":[{"lang":"en","value":"<p>The German Ageing Survey (DEAS) is a nationwide representative cross-sectional and longitudinal survey of the German population aged over 40.<\/p>\r\n\r\n<p>The study focuses on two main perspectives:<\/p>\r\n\r\n<ul>\r\n\t<li><strong>Actual life situation:<\/strong>&nbsp;How do people live in the second half of their lives and how greatly do the life situations of these people differ?<\/li>\r\n\t<li><strong>Change in life situations:&nbsp;<\/strong>How have life situa\u00adtions in the second half of life changed over the period 1996-2008? In which areas of life has the situation improved and in which has it deteriorated, in which areas are the situations of individuals becoming similar and in which do differences between people increase?<\/li>\r\n<\/ul>\r\n\r\n<p>DEAS microdata is available free of charge to scientific researchers for non-profitable purposes (www.dza.de\/en\/fdz\/german-ageing-survey.html).<\/p>\r\n"}],"website":"http:\/\/www.dza.de\/en\/research\/deas.html","specificAuthorization":{"authorized":false,"date":"1969-12-31T19:00:00-05:00"},"maelstromAuthorization":{"authorized":false,"date":"1969-12-31T19:00:00-05:00"},"methods":{"designs":["cohort_study","cross_sectional"],"followUpInfo":[{"lang":"en","value":"<p>The first survey took place in 1996, further waves followed in 2002, 2008 and 2011. Since 2011 participants are followed every 3 years.<\/p>\r\n"}],"recruitments":["individuals"]},"numberOfParticipants":{"participant":{"noLimit":false,"number":14713},"sample":{"noLimit":false}},"startYear":1996,"access":["data"],"markerPaper":"Engstler, H., & Schmiade, N. (2013). The German Ageing Survey (DEAS) - a longitudinal and time-series study of people in the second half of life. Schmollers Jahrbuch, 133(1), 97-107. doi: 10.3790\/schm.133.1.97","populations":[{"id":"93201aca-95e6-420a-be6c-54a5b9b31d1f","name":[{"lang":"en","value":"Base Sample 1996 (German citizens)"}],"description":[{"lang":"en","value":"<p>Disproportionably stratified population register sampling according to age (40-54, 55-69, 70-85 years old) sex and geographical location (East\/West) of the German population living in private households in the birth cohorts 1911-1956<\/p>\r\n"}],"recruitment":{"dataSources":["general"],"generalPopulationSources":["volunteer"]},"selectionCriteria":{"ageMin":40,"ageMax":85,"countriesIso":["DEU"]},"numberOfParticipants":{"participant":{"noLimit":false,"number":4838},"sample":{"noLimit":false}},"dataCollectionEvents":[{"id":"ce68fec2-d322-4070-b0a1-34b921f2da27","name":[{"lang":"en","value":"Wave I"}],"description":[{"lang":"en","value":"<p>First, an oral, face-to-face interview usually conducted in the respondent's home. These personal interviews were held by trained interviewers with a standardized questionnaire. Second, respondents were also given a questionnaire to fill out. People unable to fill out the questionnaire on their own had the opportunity of doing so with the help of the interviewer.<\/p>\n"}],"startYear":1996,"endYear":1996,"dataSources":["questionnaires","others"],"otherDataSources":[{"lang":"en","value":"Paper and pencil interview (PAPI)"}]},{"id":"b4a685f6-3056-4b27-adc5-640a78d2fed0","name":[{"lang":"en","value":"Wave II"}],"description":[{"lang":"en","value":"<p>First, an oral, face-to-face interview usually conducted in the respondent's home. These personal interviews were held by trained interviewers with a standardized questionnaire. Second, respondents were also given a questionnaire to fill out. People unable to fill out the questionnaire on their own had the opportunity of doing so with the help of the interviewer.<\/p>\n"}],"startYear":2002,"endYear":2002,"dataSources":["questionnaires","others"],"otherDataSources":[{"lang":"en","value":"Paper and pencil interview (PAPI)"}]},{"id":"f6f3556f-d265-4c97-9a24-425012d3f436","name":[{"lang":"en","value":"Wave III"}],"description":[{"lang":"en","value":"<p>First, an oral, face-to-face interview usually conducted in the respondent's home. These personal interviews were held by trained interviewers with a standardized questionnaire. Second, respondents were also given a questionnaire to fill out. People unable to fill out the questionnaire on their own had the opportunity of doing so with the help of the interviewer. During the face-to-face interview, two tests were conducted starting from 2008 : the digit-symbol test assesses the participants\u2019 \u201cpsychomotor speed\u201d, and a peak-flow-meter is used in order to measure the respondents\u2019 lung capacity.<\/p>\n"}],"startYear":2008,"startMonth":4,"endYear":2008,"endMonth":11,"dataSources":["questionnaires","physical_measures","others"],"otherDataSources":[{"lang":"en","value":"Computer Assisted Personal Interview (CAPI)"}]},{"id":"3183d01e-3de9-49ef-ac84-2a37db65188e","name":[{"lang":"en","value":"Wave IV"}],"description":[{"lang":"en","value":"<p>First, an oral, face-to-face interview usually conducted in the respondent's home. These personal interviews were held by trained interviewers with a standardized questionnaire. Second, respondents were also given a questionnaire to fill out. People unable to fill out the questionnaire on their own had the opportunity of doing so with the help of the interviewer. During the face-to-face interview, two tests were conducted starting from 2008 : the digit-symbol test assesses the participants\u2019 \u201cpsychomotor speed\u201d, and a peak-flow-meter is used in order to measure the respondents\u2019 lung capacity.<\/p>\n"}],"startYear":2011,"endYear":2011,"dataSources":["questionnaires","physical_measures","others"],"otherDataSources":[{"lang":"en","value":"Computer Assisted Personal Interview (CAPI)"}]},{"id":"47a2fb03-3868-4f85-8931-2d0354c9c1dd","name":[{"lang":"en","value":"wave V"}],"description":[{"lang":"en","value":"<p>First, an oral, face-to-face interview usually conducted in the respondent's home. These personal interviews were held by trained interviewers with a standardized questionnaire. Second, respondents were also given a questionnaire to fill out. People unable to fill out the questionnaire on their own had the opportunity of doing so with the help of the interviewer. During the face-to-face interview, two tests were conducted starting from 2008 : the digit-symbol test assesses the participants\u2019 \u201cpsychomotor speed\u201d, and a peak-flow-meter is used in order to measure the respondents\u2019 lung capacity.<\/p>\n"}],"startYear":2014,"endYear":2014,"dataSources":["questionnaires","physical_measures","others"],"otherDataSources":[{"lang":"en","value":"Computer Assisted Personal Interview (CAPI)"}]}]},{"id":"b1ca2375-36e2-4fc6-9ecc-18950dced0cd","name":[{"lang":"en","value":"Base Sample 2002 (German citizens)"}],"description":[{"lang":"en","value":"<p>Disproportionably stratified population register sampling according to age (40-54, 55-69, 70-85 years old) sex and geographical location (East\/West) of the German population living in private households in the birth cohorts 1917-1962.<\/p>\r\n"}],"recruitment":{"dataSources":["general"],"generalPopulationSources":["volunteer"]},"selectionCriteria":{"ageMin":40,"ageMax":85,"countriesIso":["DEU"]},"numberOfParticipants":{"participant":{"noLimit":false,"number":3084},"sample":{"noLimit":false}},"dataCollectionEvents":[{"id":"b4a685f6-3056-4b27-adc5-640a78d2fed0","name":[{"lang":"en","value":"Wave II"}],"description":[{"lang":"en","value":"<p>First, an oral, face-to-face interview usually conducted in the respondent's home. These personal interviews were held by trained interviewers with a standardized questionnaire. Second, respondents were also given a questionnaire to fill out. People unable to fill out the questionnaire on their own had the opportunity of doing so with the help of the interviewer.<\/p>\n"}],"startYear":2002,"endYear":2002,"dataSources":["questionnaires","others"],"otherDataSources":[{"lang":"en","value":"Paper and pencil interview (PAPI)"}]},{"id":"f6f3556f-d265-4c97-9a24-425012d3f436","name":[{"lang":"en","value":"Wave III"}],"description":[{"lang":"en","value":"<p>First, an oral, face-to-face interview usually conducted in the respondent's home. These personal interviews were held by trained interviewers with a standardized questionnaire. Second, respondents were also given a questionnaire to fill out. People unable to fill out the questionnaire on their own had the opportunity of doing so with the help of the interviewer. During the face-to-face interview, two tests were conducted starting from 2008 : the digit-symbol test assesses the participants\u2019 \u201cpsychomotor speed\u201d, and a peak-flow-meter is used in order to measure the respondents\u2019 lung capacity.<\/p>\n"}],"startYear":2008,"startMonth":4,"endYear":2008,"endMonth":11,"dataSources":["questionnaires","physical_measures","others"],"otherDataSources":[{"lang":"en","value":"Computer Assisted Personal Interview (CAPI)"}]},{"id":"3183d01e-3de9-49ef-ac84-2a37db65188e","name":[{"lang":"en","value":"Wave IV"}],"description":[{"lang":"en","value":"<p>First, an oral, face-to-face interview usually conducted in the respondent's home. These personal interviews were held by trained interviewers with a standardized questionnaire. Second, respondents were also given a questionnaire to fill out. People unable to fill out the questionnaire on their own had the opportunity of doing so with the help of the interviewer. During the face-to-face interview, two tests were conducted starting from 2008 : the digit-symbol test assesses the participants\u2019 \u201cpsychomotor speed\u201d, and a peak-flow-meter is used in order to measure the respondents\u2019 lung capacity.<\/p>\n"}],"startYear":2011,"endYear":2011,"dataSources":["questionnaires","physical_measures","others"],"otherDataSources":[{"lang":"en","value":"Computer Assisted Personal Interview (CAPI)"}]},{"id":"47a2fb03-3868-4f85-8931-2d0354c9c1dd","name":[{"lang":"en","value":"wave V"}],"description":[{"lang":"en","value":"<p>First, an oral, face-to-face interview usually conducted in the respondent's home. These personal interviews were held by trained interviewers with a standardized questionnaire. Second, respondents were also given a questionnaire to fill out. People unable to fill out the questionnaire on their own had the opportunity of doing so with the help of the interviewer. During the face-to-face interview, two tests were conducted starting from 2008 : the digit-symbol test assesses the participants\u2019 \u201cpsychomotor speed\u201d, and a peak-flow-meter is used in order to measure the respondents\u2019 lung capacity.<\/p>\n"}],"startYear":2014,"endYear":2014,"dataSources":["questionnaires","physical_measures","others"],"otherDataSources":[{"lang":"en","value":"Computer Assisted Personal Interview (CAPI)"}]}]},{"id":"600a1abc-7669-47b3-99ba-fe906d25f081","name":[{"lang":"en","value":"Non-German Nationals 2002"}],"description":[{"lang":"en","value":"<p>Random sampling of non-German nationals in the birth cohorts 1917-1962 living in private households in the same local districts as Wave 1.<\/p>\r\n"}],"recruitment":{"dataSources":["general"],"generalPopulationSources":["volunteer"]},"selectionCriteria":{"ageMin":40,"ageMax":85,"countriesIso":["DEU"]},"numberOfParticipants":{"participant":{"noLimit":false,"number":586},"sample":{"noLimit":false}},"dataCollectionEvents":[{"id":"b4a685f6-3056-4b27-adc5-640a78d2fed0","name":[{"lang":"en","value":"Wave II"}],"description":[{"lang":"en","value":"<p>First, an oral, face-to-face interview usually conducted in the respondent's home. These personal interviews were held by trained interviewers with a standardized questionnaire. Second, respondents were also given a questionnaire to fill out. People unable to fill out the questionnaire on their own had the opportunity of doing so with the help of the interviewer.<\/p>\n"}],"startYear":2002,"endYear":2002,"dataSources":["questionnaires","others"],"otherDataSources":[{"lang":"en","value":"Paper and pencil interview (PAPI)"}]}]},{"id":"3d02e141-5fa6-4fd1-af8d-c4151a31615a","name":[{"lang":"en","value":"Base Sample 2008 (Permanent residents in Germany, both German citizens and Non-German Nationals)\u000b"}],"description":[{"lang":"en","value":"<p>Disproportionably stratified population register sampling according to age (40-54, 55-69, 70-85 years old) sex and geographical location (East\/West) of the German population living in private households in the birth cohorts 19123-1968<\/p>\r\n"}],"recruitment":{"dataSources":["general"],"generalPopulationSources":["volunteer"]},"selectionCriteria":{"ageMin":40,"ageMax":85,"countriesIso":["DEU"]},"numberOfParticipants":{"participant":{"noLimit":false,"number":6205},"sample":{"noLimit":false}},"dataCollectionEvents":[{"id":"f6f3556f-d265-4c97-9a24-425012d3f436","name":[{"lang":"en","value":"Wave III"}],"description":[{"lang":"en","value":"<p>First, an oral, face-to-face interview usually conducted in the respondent's home. These personal interviews were held by trained interviewers with a standardized questionnaire. Second, respondents were also given a questionnaire to fill out. People unable to fill out the questionnaire on their own had the opportunity of doing so with the help of the interviewer. During the face-to-face interview, two tests were conducted starting from 2008 : the digit-symbol test assesses the participants\u2019 \u201cpsychomotor speed\u201d, and a peak-flow-meter is used in order to measure the respondents\u2019 lung capacity.<\/p>\n"}],"startYear":2008,"startMonth":4,"endYear":2008,"endMonth":11,"dataSources":["questionnaires","physical_measures","others"],"otherDataSources":[{"lang":"en","value":"Computer Assisted Personal Interview (CAPI)"}]},{"id":"3183d01e-3de9-49ef-ac84-2a37db65188e","name":[{"lang":"en","value":"Wave IV"}],"description":[{"lang":"en","value":"<p>First, an oral, face-to-face interview usually conducted in the respondent's home. These personal interviews were held by trained interviewers with a standardized questionnaire. Second, respondents were also given a questionnaire to fill out. People unable to fill out the questionnaire on their own had the opportunity of doing so with the help of the interviewer. During the face-to-face interview, two tests were conducted starting from 2008 : the digit-symbol test assesses the participants\u2019 \u201cpsychomotor speed\u201d, and a peak-flow-meter is used in order to measure the respondents\u2019 lung capacity.<\/p>\n"}],"startYear":2011,"endYear":2011,"dataSources":["questionnaires","physical_measures","others"],"otherDataSources":[{"lang":"en","value":"Computer Assisted Personal Interview (CAPI)"}]},{"id":"47a2fb03-3868-4f85-8931-2d0354c9c1dd","name":[{"lang":"en","value":"wave V"}],"description":[{"lang":"en","value":"<p>First, an oral, face-to-face interview usually conducted in the respondent's home. These personal interviews were held by trained interviewers with a standardized questionnaire. Second, respondents were also given a questionnaire to fill out. People unable to fill out the questionnaire on their own had the opportunity of doing so with the help of the interviewer. During the face-to-face interview, two tests were conducted starting from 2008 : the digit-symbol test assesses the participants\u2019 \u201cpsychomotor speed\u201d, and a peak-flow-meter is used in order to measure the respondents\u2019 lung capacity.<\/p>\n"}],"startYear":2014,"endYear":2014,"dataSources":["questionnaires","physical_measures","others"],"otherDataSources":[{"lang":"en","value":"Computer Assisted Personal Interview (CAPI)"}]}]},{"id":"7337f8b0-68ab-4e7d-bca5-08c471569d1a","name":[{"lang":"en","value":"Base Sample 2014 (Permanent residents in Germany, both German citizens and Non-German Nationals)\u000b"}],"description":[{"lang":"en","value":"<p>Disproportionably stratified population register sampling according to age (40-54, 55-69, 70-85 years old) sex and geographical location (East\/West) of the German population living in private households in the birth cohorts 1929-1974<\/p>\r\n"}],"recruitment":{"dataSources":["general"],"generalPopulationSources":["volunteer"]},"selectionCriteria":{"ageMin":40,"ageMax":85,"countriesIso":["DEU"]},"numberOfParticipants":{"participant":{"noLimit":false},"sample":{"noLimit":false}},"dataCollectionEvents":[{"id":"47a2fb03-3868-4f85-8931-2d0354c9c1dd","name":[{"lang":"en","value":"wave V"}],"description":[{"lang":"en","value":"<p>First, an oral, face-to-face interview usually conducted in the respondent's home. These personal interviews were held by trained interviewers with a standardized questionnaire. Second, respondents were also given a questionnaire to fill out. People unable to fill out the questionnaire on their own had the opportunity of doing so with the help of the interviewer. During the face-to-face interview, two tests were conducted starting from 2008 : the digit-symbol test assesses the participants\u2019 \u201cpsychomotor speed\u201d, and a peak-flow-meter is used in order to measure the respondents\u2019 lung capacity.<\/p>\n"}],"startYear":2014,"endYear":2014,"dataSources":["questionnaires","physical_measures","others"],"otherDataSources":[{"lang":"en","value":"Computer Assisted Personal Interview (CAPI)"}]}]}]}