{"id":"91f146ec-6d15-4534-8d9b-5e01a9803be1","name":[{"lang":"en","value":"Ageing in Women and Men: A Longitudinal Study of Gender Differences in Health Behaviour and Health among Elderly (GENDER)"}],"acronym":[{"lang":"en","value":"GENDER"}],"investigators":[{"lastName":"Dr. Anna Dahl Aslan (Institutionen f\u00f6r medicinsk epidemiologi och biostatistik (MEB), C8)","email":"anna.dahl.aslan@ki.se","phone":"08-524 860 02","dataAccessCommitteeMember":false,"institution":{"name":[{"lang":"en","value":"Institutionen f\u00f6r medicinsk epidemiologi och biostatistik (MEB), C8"}],"address":{"country":{"iso":"SE","name":[{"lang":"en","value":"Sweden"}]}}}},{"lastName":"Prof. Bo Malmberg (J\u00f6nk\u00f6ping university)","email":"bo.malmberg@hhj.hj.se","phone":"036-10 1316","dataAccessCommitteeMember":false,"institution":{"name":[{"lang":"en","value":"J\u00f6nk\u00f6ping university"}],"department":[{"lang":"en","value":"School of Health and Sciences"}],"address":{"country":{"iso":"SE","name":[{"lang":"en","value":"Sweden"}]}}}}],"contacts":[{"lastName":"Dr. Anna Dahl Aslan (Institutionen f\u00f6r medicinsk epidemiologi och biostatistik (MEB), C8)","email":"anna.dahl.aslan@ki.se","phone":"08-524 860 02","dataAccessCommitteeMember":false,"institution":{"name":[{"lang":"en","value":"Institutionen f\u00f6r medicinsk epidemiologi och biostatistik (MEB), C8"}],"address":{"country":{"iso":"SE","name":[{"lang":"en","value":"Sweden"}]}}}}],"objectives":[{"lang":"en","value":"<p>To study gender differences during the aging process.<\/p>\r\n"}],"specificAuthorization":{"authorized":true,"authorizer":"Dr. Anna Dahl Aslan","date":"2014-08-14T00:00:00-04:00"},"maelstromAuthorization":{"authorized":true,"authorizer":"Dr. Anna Dahl Aslan","date":"2014-08-14T00:00:00-04:00"},"methods":{"designs":["cohort_study"],"followUpInfo":[{"lang":"en","value":"<p>GENDER is a study of unlike-sex twin pairs born between 1906 and 1925 (Gold et al., 2002). A survey concerning health and health behavior was mailed in 1994 with responses from 1210 twins from 605 pairs where both responded. Mean age at baseline questionnaire assessment was 74.43 (SD 4.28) and all are Caucasians. A baseline in-person evaluation of 498 twins from 249 pairs between 70 and 80 years of age was undertaken between 1995 and 1997, and included an interview and tests of cognitive and physical functioning. Two additional in-person waves followed at 4-year intervals. Finally, a second survey was mailed in 2007 to all living twins who participated in the first mailed survey.<\/p>\r\n"}],"recruitments":["families"]},"numberOfParticipants":{"participant":{"noLimit":false,"number":1210},"sample":{"noLimit":false,"number":470}},"startYear":1994,"endYear":2007,"access":["data"],"markerPaper":"Gold, C. H., Malmberg, B., McClearn, G. E., Pedersen, N. L., & Berg, S. (2002). Gender and health: A study of older unlike-sex twins. Journals of Gerontology: Series B: Psychological Sciences and Social Sciences, 57B, S168-S176.","pubmedId":"11983743","populations":[{"id":"a56a60aa-cfa4-4216-bf67-427f7fd09154","name":[{"lang":"en","value":"Swedish unlike sex twins"}],"description":[{"lang":"en","value":"<p>Population comprises unlike-sex twin pairs born between 1906 and 1925 (Gold et al., 2002). A survey concerning health and health behavior was mailed in 1994 with responses from 1210 twins from 605 pairs where both responded. Mean age at baseline questionnaire assessment was 74.43 (SD 4.28) and all were Caucasians. A baseline in-person evaluation of 498 twins from 249 pairs between 70 and 80 years of age was undertaken between 1995 and 1997, and included an interview and tests of cognitive and physical functioning. Two additional in-person waves followed at 4-year intervals. Finally, a second survey was mailed in 2007 to all living twins who participated in the first mailed survey.<\/p>\r\n"}],"recruitment":{"dataSources":["general"],"generalPopulationSources":["selected_samples"]},"selectionCriteria":{"ageMin":69,"ageMax":88,"countriesIso":["SWE"],"territory":[{"lang":"en","value":"<p>Across all of Sweden<\/p>\r\n"}],"criteria":["twin"],"otherCriteria":[{"lang":"en","value":"<p>Born between 1906 and 1925 and alive in 1994<\/p>\r\n"}]},"numberOfParticipants":{"participant":{"noLimit":false,"number":1210},"sample":{"noLimit":false,"number":470},"info":[{"lang":"en","value":"<p>Of the 498 persons who participated in the first in-person testing, 470 agreed to provide biological samples.<\/p>\r\n"}]},"dataCollectionEvents":[{"id":"12923094-c5a1-443d-a954-2b8fd1958f3b","name":[{"lang":"en","value":"Gender Baseline in-person evaluation"}],"description":[{"lang":"en","value":"<p>Baseline in-person evaluation consisting of an interview and tests of cognitive and physical functioning. n=498 individuals from 249 unlike sex twin pairs.<\/p>\r\n"}],"startYear":1995,"startMonth":1,"endYear":1997,"endMonth":12,"dataSources":["questionnaires","physical_measures","biological_samples"],"bioSamples":["blood"]},{"id":"0e9e2be4-cc8c-412d-8cae-844ecb1fe6d2","name":[{"lang":"en","value":"Gender Baseline survey"}],"description":[{"lang":"en","value":"<p>Baseline survey consisted of questions pertaining to health status and health-related behaviors and attitudes, as well as demographics and psychosocial factors such as social support. n=1210 individuals from 605 unlike sex twin pairs.<\/p>\r\n"}],"startYear":1994,"startMonth":1,"endYear":1994,"endMonth":12,"dataSources":["questionnaires"]},{"id":"2dc92cfc-14e5-4887-b331-6177a982d085","name":[{"lang":"en","value":"Gender Follow-up 1"}],"description":[{"lang":"en","value":"<p>Follow-up study included an interview and tests of cognitive and physical functioning. n=290 individuals from 145 unlike sex twin pairs.<\/p>\r\n"}],"startYear":1999,"startMonth":1,"endYear":2001,"endMonth":12,"dataSources":["questionnaires","physical_measures","biological_samples"],"bioSamples":["blood"]},{"id":"28c1d6ee-03f2-4749-9219-085dcf5f51a3","name":[{"lang":"en","value":"Gender Follow-up 2"}],"description":[{"lang":"en","value":"<p>Folow-up study included an interview and tests of cognitive and physical functioning. n=379&nbsp;individuals from n=190&nbsp;unlike sex twin pairs.<\/p>\r\n"}],"startYear":2003,"startMonth":1,"endYear":2005,"endMonth":12,"dataSources":["questionnaires","physical_measures","biological_samples"],"bioSamples":["blood"]},{"id":"594d66a9-6ec0-4c6a-ade7-fa6b5d1d413d","name":[{"lang":"en","value":"Gender Follow-up survey"}],"description":[{"lang":"en","value":"<p>Follow-up survey mailed to all living twins from the first mailed survey.&nbsp;n=356&nbsp;individuals from n=178&nbsp;unlike sex twin pairs.<\/p>\r\n"}],"startYear":2007,"startMonth":1,"endYear":2007,"endMonth":12,"dataSources":["questionnaires"]}]}]}