{"id":"f13377ca-89e3-4881-83ab-a6cb23588eb8","name":[{"lang":"en","value":"BC Generations Project"}],"logo":{"id":"af6f330f-2b90-4324-92c8-8eaffdb94c0a","fileName":"bg-logo.gif","type":"logo","description":[{"lang":"en"}],"lang":"en","justUploaded":true},"investigators":[{"title":"Dr.","firstName":"John","lastName":"Spinelli","email":"jspinelli@bccrc.ca","phone":"604-675-8055","dataAccessCommitteeMember":false,"institution":{"name":[{"lang":"en","value":"British Columbia Cancer Research Centre"}],"address":{"city":[{"lang":"en","value":"Vancouver"}],"state":"British Columbia","country":{"iso":"CA","name":[{"lang":"en","value":"Canada"}]}}}}],"contacts":[{"firstName":"Eunice ","lastName":"Rousseau","email":"erousseau@bccrc.ca","phone":"604-675-8060","dataAccessCommitteeMember":false,"institution":{"name":[{"lang":"en","value":"British Columbia Cancer Research Centre"}],"department":[{"lang":"en","value":"Cancer Control Research"}],"address":{"street":[{"lang":"en","value":"675 W 10th Ave."}],"city":[{"lang":"en","value":"Vancouver"}],"zip":"V5Z 1L3","state":"British Columbia","country":{"iso":"CA","name":[{"lang":"en","value":"Canada"}]}}}},{"firstName":"Treena","lastName":"McDonald","email":"tmcdonald@bccrc.ca","phone":"604-675-8000 ext 7609","dataAccessCommitteeMember":false,"institution":{"name":[{"lang":"en","value":"British Columbia Cancer Research Centre"}],"department":[{"lang":"en","value":"Cancer Control Research"}],"address":{"street":[{"lang":"en","value":"675 W 10th Ave."}],"city":[{"lang":"en","value":"Vancouver"}],"zip":"V5Z 1L3","state":"British Columbia","country":{"iso":"CA","name":[{"lang":"en","value":"Canada"}]}}}}],"objectives":[{"lang":"en","value":"<p><span>The BC Generations Project is a major health research project investigating environmental, lifestyle and genetic factors in the development of cancer and other chronic diseases in British Columbia, Canada.<\/span><\/p>\r\n\r\n<div>&nbsp;<\/div>\r\n\r\n<div>&nbsp;<\/div>\r\n"}],"website":"http:\/\/www.bcgenerationsproject.ca\/","specificAuthorization":{"authorized":false,"date":"1969-12-31T19:00:00-05:00"},"maelstromAuthorization":{"authorized":true,"date":"1969-12-31T19:00:00-05:00"},"methods":{"designs":["cohort_study"],"recruitments":["individuals"]},"numberOfParticipants":{"participant":{"noLimit":false,"number":30000},"sample":{"noLimit":false,"number":30000},"info":[{"lang":"en","value":"<div class=\"field field-name-field-current-participants-nb field-type-number-integer field-label-above\">\r\n<div class=\"field-label\"><span>29 637&nbsp;participants recruited and 20 673&nbsp;participants with biological samples&nbsp;(On October<\/span><span class=\"date-display-single\" content=\"00\" datatype=\"dateTime\" property=\"date\">, 2013<\/span><span>)<\/span><\/div>\r\n<\/div>\r\n"}]},"startYear":2008,"access":["data","biosamples"],"populations":[{"id":"66ea6c15-4f2c-42a1-88a8-f3adab9fb091","name":[{"lang":"en","value":"BC Generations Project Population"}],"description":[{"lang":"en","value":"<p>The BC Generations project&nbsp;cohort consists of men and women aged between 35&nbsp;and 69 years residing in the Province of British Columbia.<\/p>\r\n"}],"recruitment":{"dataSources":["general"]},"selectionCriteria":{"ageMin":35,"ageMax":69,"countriesIso":["CAN"],"territory":[{"lang":"en","value":"<p>Province of British&nbsp;Columbia<\/p>\r\n"}]},"numberOfParticipants":{"participant":{"noLimit":false},"sample":{"noLimit":false}},"dataCollectionEvents":[{"id":"728fa3ac-ced7-4b56-9162-194137a309ae","name":[{"lang":"en","value":"Pilot"}],"description":[{"lang":"en","value":""}],"startYear":2008,"endYear":2008},{"id":"5eebda55-b045-4822-be3a-1706426c3767","name":[{"lang":"en","value":"Baseline Recruitment"}],"description":[{"lang":"en","value":"<p><span>The baseline recruitment phase consisted&nbsp;in the completion of a health and lifestyle questionnaire, physical assessment and the donation of biological samples. The active recruitment ended in 2013.<\/span><\/p>\r\n"}],"startYear":2009,"endYear":2013,"dataSources":["questionnaires","physical_measures","biological_samples"],"bioSamples":["blood","urine"]}]}]}