{"id":"edda8e22-540a-4a52-99e3-02c4d8d7e901","name":[{"lang":"en","value":"NuAge T1"}],"description":[{"lang":"en","value":"<p>Variables of the recruitment phase T1 (2004 - 2005). The dataset contains 1393 variables.<\/p>\r\n"}],"entityType":"Participant","published":false,"obiba.mica.StudyDatasetDto.type":{"studyTable":{"studyId":"c07fb36f-7187-4018-b3c3-1678f020d71e","populationId":"008abaf6-2891-47d0-8862-9f76862327b4","dataCollectionEventId":"9ff16ada-c520-411b-92dd-a5a57db8e473","project":"NuAge","table":"NuAge T1"}}}