{"id":"97c832a3-ffbc-49bf-a939-007215b8eb43","name":[{"lang":"en","value":"NuAge T2"}],"description":[{"lang":"en","value":"<p>Variables of the first follow-up T2 (2005 - 2006). The dataset contains 985 variables.<\/p>\r\n"}],"entityType":"Participant","published":false,"obiba.mica.StudyDatasetDto.type":{"studyTable":{"studyId":"c07fb36f-7187-4018-b3c3-1678f020d71e","populationId":"008abaf6-2891-47d0-8862-9f76862327b4","dataCollectionEventId":"0d80ef3b-41fd-4962-85f3-e6097c65a520","project":"NuAge","table":"NuAge T2"}}}