{"id":"da310716-8792-4311-b1eb-23166dcd5f35","name":[{"lang":"en","value":"Integrative Analysis of Longitudinal Studies of Aging"}],"acronym":[{"lang":"en","value":"IALSA"}],"investigators":[{"lastName":"Scott M. Hofer, PhD. (Oregon Health & Science University)","email":"hofer@ohsu.edu","phone":"503-494-7198","dataAccessCommitteeMember":false,"institution":{"name":[{"lang":"en","value":"Oregon Health & Science University"}],"department":[{"lang":"en","value":"Department of Neurology"}],"address":{"street":[{"lang":"en","value":"3181 SW Sam Jackson Park Rd CR131"}],"city":[{"lang":"en","value":"Portland"}],"zip":"97239-3098","state":"OR ","country":{"iso":"US","name":[{"lang":"en","value":"United States"}]}}}},{"lastName":"Jeffrey Kaye, MD. (Oregon Health & Science University)","email":"kaye@ohsu.edu","phone":"(503) 577-1321","dataAccessCommitteeMember":false,"institution":{"name":[{"lang":"en","value":"Oregon Health & Science University"}],"department":[{"lang":"en","value":"Oregon Center for Aging & Technology"}],"address":{"street":[{"lang":"en","value":"3181 SW Sam Jackson Park Rd"}],"city":[{"lang":"en","value":"Portland"}],"zip":"97239 OR","state":"Oregon","country":{"iso":"US","name":[{"lang":"en","value":"United States"}]}}}},{"lastName":"Prof. Diana Kuh (UCL School of Life and Medical Sciences)","email":"d.kuh@ucl.ac.uk","phone":"020 7670 5701","dataAccessCommitteeMember":false,"institution":{"name":[{"lang":"en","value":"UCL School of Life and Medical Sciences"}],"department":[{"lang":"en","value":"MRC Unit for Lifelong Health & Ageing"}],"address":{"street":[{"lang":"en","value":"33 Bedford Place"}],"city":[{"lang":"en","value":"London"}],"zip":"WC1B 5JU","country":{"iso":"GB","name":[{"lang":"en","value":"United Kingdom"}]}}}},{"lastName":"Andrea Piccinin, PhD. (University of Victoria)","email":"piccinin@uvic.ca","phone":"(250) 853-3861","dataAccessCommitteeMember":false,"institution":{"name":[{"lang":"en","value":"University of Victoria"}],"department":[{"lang":"en","value":"Department of Psychology"}],"address":{"street":[{"lang":"en","value":"PO BOX 3050 STN CSC"}],"city":[{"lang":"en","value":"Victioria"}],"zip":"V8W 3P5","state":"BC","country":{"iso":"CA","name":[{"lang":"en","value":"Canada"}]}}}}],"contacts":[{"lastName":"Scott M. Hofer, PhD. (Oregon Health & Science University)","email":"hofer@ohsu.edu","phone":"503-494-7198","dataAccessCommitteeMember":false,"institution":{"name":[{"lang":"en","value":"Oregon Health & Science University"}],"department":[{"lang":"en","value":"Department of Neurology"}],"address":{"street":[{"lang":"en","value":"3181 SW Sam Jackson Park Rd CR131"}],"city":[{"lang":"en","value":"Portland"}],"zip":"97239-3098","state":"OR ","country":{"iso":"US","name":[{"lang":"en","value":"United States"}]}}}},{"lastName":"Andrea Piccinin, PhD. (University of Victoria)","email":"piccinin@uvic.ca","phone":"(250) 853-3861","dataAccessCommitteeMember":false,"institution":{"name":[{"lang":"en","value":"University of Victoria"}],"department":[{"lang":"en","value":"Department of Psychology"}],"address":{"street":[{"lang":"en","value":"PO BOX 3050 STN CSC"}],"city":[{"lang":"en","value":"Victioria"}],"zip":"V8W 3P5","state":"BC","country":{"iso":"CA","name":[{"lang":"en","value":"Canada"}]}}}}],"description":[{"lang":"en","value":"<p>The IALSA collaborative network was formally established in 2005 for the coordination of interdisciplinary, cross-national research aimed at the integrative understanding of within-person aging-related changes in cognitive and physical capabilities, health, personality, and well-being. It is comprised of investigators associated with over 45 longitudinal studies on aging, including the UK Healthy Ageing across the Life Course (HALCyon) network and the Quebec Network for Research on Aging. These population-based and longitudinal studies permit the evaluation of how factors across the lifespan determine and moderate the risk and progression of cognitive impairment and provide a basis for early detection of neurodegenerative disorders such as dementia. Network activities will encourage the examination of cross-cultural and cross-cohort effects and provide a strong basis for synthesizing evidence across longitudinal studies. IALSA is funded through an NIH\/NIA Program Project Grant (P01AG043362; 2013-2018) to Oregon Health &amp; Science University (Program Directors: Scott Hofer, Andrea Piccinin, Jeffrey Kaye, and Diana Kuh) and previously funded by NIH\/NIA (R01AG026453; 2007-2013) and CIHR (103284; 2010-2013).<\/p>\r\n"}],"website":"www.ialsa.org","maelstromAuthorization":{"authorized":true,"authorizer":"Andrea Piccinin","date":"2013-08-20T00:00:00-04:00"},"attachments":[{"id":"eddacc9f-b3e5-4eb0-9e17-2e89e197dc9c","fileName":"logo_r_a.png","type":"logo","description":[{"lang":"en"}],"lang":"en","justUploaded":true}],"studyIds":["c07fb36f-7187-4018-b3c3-1678f020d71e"],"published":false}