{"id":"c07fb36f-7187-4018-b3c3-1678f020d71e","name":[{"lang":"en","value":"Quebec Longitudinal Study on Nutrition and Successful Aging (NuAge)"}],"acronym":[{"lang":"en","value":"NuAge"}],"logo":{"id":"aceed5ac-bd4d-47f3-aeb6-807793884570","fileName":"init_nuage.jpg","type":"logo","description":[{"lang":"en"}],"lang":"en","justUploaded":true},"investigators":[{"lastName":"Dr. H\u00e9l\u00e8ne Payette (Research Center on Aging, Health and Social Services Centre \u2014 University Institute of Geriatrics of Sherbrooke (CSSS-IUGS))","email":"helene.payette@usherbrooke.ca","phone":"1-819-780-2220 ext.45636","dataAccessCommitteeMember":false,"institution":{"name":[{"lang":"en","value":"Research Center on Aging, Health and Social Services Centre \u2014 University Institute of Geriatrics of Sherbrooke (CSSS-IUGS)"}],"address":{"street":[{"lang":"en","value":"1036 Belv\u00e9d\u00e8re Street"}],"city":[{"lang":"en","value":"Sherbrooke"}],"zip":"J1H 4C4","state":"Qu\u00e9bec","country":{"iso":"CA","name":[{"lang":"en","value":"Canada"}]}}}},{"lastName":"Dr. Pierrette Gaudreau (University of Montreal Hospital Research Centre)","email":"pierrette.gaudreau@umontreal.ca","phone":"1-514-890-8000 ext.23613","dataAccessCommitteeMember":false,"institution":{"name":[{"lang":"en","value":"University of Montreal Hospital Research Centre"}],"address":{"street":[{"lang":"en","value":"900 St-Denis, Tour Viger, Bureau R05.436B-02"}],"city":[{"lang":"en","value":"Montreal"}],"zip":"H2X 0A9","state":"Quebec","country":{"iso":"CA","name":[{"lang":"en","value":"Canada"}]}}}},{"lastName":"Dr. Katherine Gray-Donald (McGill University)","email":"","dataAccessCommitteeMember":false,"institution":{"name":[{"lang":"en","value":"McGill University"}],"address":[]}},{"lastName":"Dr. Jos\u00e9 A. Morais (McGill University Health Centre)","email":"","dataAccessCommitteeMember":false,"institution":{"name":[{"lang":"en","value":"McGill University Health Centre"}],"address":[]}},{"lastName":"Dr. Bryna Shatenstein (Institut universitaire de g\u00e9riatrie de Montr\u00e9al Research Centre)","dataAccessCommitteeMember":false,"institution":{"name":[{"lang":"en","value":"Institut universitaire de g\u00e9riatrie de Montr\u00e9al Research Centre"}],"address":[]}}],"contacts":[{"lastName":"Dr. H\u00e9l\u00e8ne Payette (Research Center on Aging, Health and Social Services Centre \u2014 University Institute of Geriatrics of Sherbrooke (CSSS-IUGS))","email":"helene.payette@usherbrooke.ca","phone":"1-819-780-2220 ext.45636","dataAccessCommitteeMember":false,"institution":{"name":[{"lang":"en","value":"Research Center on Aging, Health and Social Services Centre \u2014 University Institute of Geriatrics of Sherbrooke (CSSS-IUGS)"}],"address":{"street":[{"lang":"en","value":"1036 Belv\u00e9d\u00e8re Street"}],"city":[{"lang":"en","value":"Sherbrooke"}],"zip":"J1H 4C4","state":"Qu\u00e9bec","country":{"iso":"CA","name":[{"lang":"en","value":"Canada"}]}}}},{"lastName":"Dr. Pierrette Gaudreau (University of Montreal Hospital Research Centre)","email":"pierrette.gaudreau@umontreal.ca","phone":"1-514-890-8000 ext.23613","dataAccessCommitteeMember":false,"institution":{"name":[{"lang":"en","value":"University of Montreal Hospital Research Centre"}],"address":{"street":[{"lang":"en","value":"900 St-Denis, Tour Viger, Bureau R05.436B-02"}],"city":[{"lang":"en","value":"Montreal"}],"zip":"H2X 0A9","state":"Quebec","country":{"iso":"CA","name":[{"lang":"en","value":"Canada"}]}}}}],"objectives":[{"lang":"en","value":"<p>&nbsp;<\/p>\r\n\r\n<p>&nbsp;<\/p>\r\n\r\n<p>&nbsp;<\/p>\r\n\r\n<p>General objectives of the NuAge Study:<\/p>\r\n\r\n<ol>\r\n\t<li>To assess changes in dietary intakes of ageing men and women (foods, energy, macronutrients, micronutrients) and longterm exposure to functional foods from a qualitative and quantitative perspective;<\/li>\r\n\t<li>To assess the influence of longstanding and current dietary habits and evolving food choices on changes in numerous markers of physical and cognitive status, functional autonomy and social functioning;<\/li>\r\n\t<li>To assess the impact of age-related alterations in energy metabolism (utilisation and expenditure) and body composition, on changes in numerous markers of physical and cognitive status, functional autonomy and social functioning;<\/li>\r\n\t<li>To assess the impact of individual (biological, psychological, health, functional, behavioural) and environmental determinants on dietary intakes.<\/li>\r\n<\/ol>\r\n"}],"specificAuthorization":{"authorized":false,"date":"2012-10-31T00:00:00-04:00"},"maelstromAuthorization":{"authorized":true,"authorizer":"H\u00e9l\u00e8ne Payette","date":"2012-07-31T00:00:00-04:00"},"methods":{"designs":["cohort_study"],"followUpInfo":[{"lang":"en","value":"<p>The study is a 5-year longitudinal observation of healthy men and women with yearly face-to-face comprehensive interview. A telephone interview at 6-month interval is also conducted.<\/p>\r\n"}],"recruitments":["individuals"]},"numberOfParticipants":{"participant":{"noLimit":false,"number":1793},"sample":{"noLimit":false,"number":1657}},"startYear":2004,"endYear":2009,"access":["data","biosamples"],"markerPaper":"Gaudreau P, Morais JA, Shatenstein B et al, Nutrition as a Determinant of Successful Aging: Description of the Quebec Longitudinal Study NuAge and results from cross-sectional pilot studies. Rejuvenation Research (2007) 10 (3): 377-86","pubmedId":"17708689","populations":[{"id":"008abaf6-2891-47d0-8862-9f76862327b4","name":[{"lang":"en","value":"NuAge Population"}],"description":[{"lang":"en","value":"<p>The population is comprised of 1793 healthy men and women, selected from three age groups (68\u201372, 73\u201377, 78\u201382) at recruitment. A total of 82.4% of the population is&nbsp;French speaking participants and a total of 14.3% is&nbsp;English speaking participants.<\/p>\r\n"}],"recruitment":{"dataSources":["general"],"generalPopulationSources":["volunteer","selected_samples"],"info":[{"lang":"en","value":"<p>Volunteer enrolment : n=206; RAMQ database, randomly selected: n=1587<\/p>\r\n"}]},"selectionCriteria":{"ageMin":68,"ageMax":82,"countriesIso":["CAN"],"territory":[{"lang":"en","value":"<p>Laval, Montreal, Sherbrooke<\/p>\r\n"}],"otherCriteria":[{"lang":"en","value":"<p>Participants had to be French or English speaking, willing to commit for a 5-year period, able to walk without help (cane acceptable), free of disabilities in activities of daily living, not cognitively impaired (3MS &gt; 79), able to walk 100 meters or to climb 10 stairs without rest, able to provide written informed consent. Participants with the following conditions were excluded: class II heart failure, chronic obstructive pulmonary disease requiring home oxygen therapy or oral steroids, inflammatory digestive diseases, or cancer treated either by radiation therapy, chemotherapy, or surgery in previous 5 years (with the exception of skin basocellular carcinoma).<\/p>\r\n"}]},"numberOfParticipants":{"participant":{"noLimit":false},"sample":{"noLimit":false}},"dataCollectionEvents":[{"id":"12a3594d-ce46-4176-90a4-647d5b115b12","name":[{"lang":"en","value":"S1"}],"description":[{"lang":"en","value":"<p>Telephone interview conducted at 6-month following T1&nbsp;to ensure follow-up and document health events, health care services utilization, falls, changes in medication, living arrangements, body weight and food intake.&nbsp;<\/p>\r\n"}],"startYear":2004,"startMonth":6,"endYear":2004,"endMonth":6,"dataSources":["questionnaires"]},{"id":"ad609983-7c4c-4d21-8606-9330e35ed4f3","name":[{"lang":"en","value":"S2"}],"description":[{"lang":"en","value":"<p>Telephone interview conducted at 6-month following T2&nbsp;to ensure follow-up and document health events, health care services utilization, falls, changes in medication, living arrangements and body weight<\/p>\r\n"}],"startYear":2005,"startMonth":6,"endYear":2005,"endMonth":6,"dataSources":["questionnaires"]},{"id":"afbc5800-d8f4-4520-897f-f9531432e6e8","name":[{"lang":"en","value":"S3"}],"description":[{"lang":"en","value":"<p>Telephone interview conducted at 6-month following T3&nbsp;to ensure follow-up and document health events, health care services utilization, falls, changes in medication, living arrangements and&nbsp;body weight.<\/p>\r\n"}],"startYear":2006,"startMonth":6,"endYear":2006,"endMonth":6,"dataSources":["questionnaires"]},{"id":"1f771c51-aa86-4596-a38d-cf74cf8cf621","name":[{"lang":"en","value":"S4"}],"description":[{"lang":"en","value":"<p>Telephone interview conducted at 6-month following T4&nbsp;to ensure follow-up and document health events, health care services utilization, falls, changes in medication, living arrangements and&nbsp;body weight.<\/p>\r\n"}],"startYear":2007,"startMonth":6,"endYear":2007,"endMonth":6,"dataSources":["questionnaires"]},{"id":"9ff16ada-c520-411b-92dd-a5a57db8e473","name":[{"lang":"en","value":"T1"}],"description":[{"lang":"en","value":"<p>Face-to-face comprehensive interview conducted&nbsp;at the Research Centres of either Montreal or Sherbrooke Geriatric University Institutes.&nbsp;<\/p>\r\n\r\n<p>n = 1793 participants<\/p>\r\n\r\n<p>Number of participants with biological samples: Blood (n=1657) and Saliva (n=1538)<\/p>\r\n"}],"startYear":2004,"endYear":2004,"dataSources":["questionnaires","physical_measures","biological_samples","administratives_databases","others"],"administrativeDatabases":["health_databases","vital_statisctics_databases"],"otherDataSources":[{"lang":"en","value":"Possibility to consult medical files"}],"bioSamples":["blood","saliva"]},{"id":"0d80ef3b-41fd-4962-85f3-e6097c65a520","name":[{"lang":"en","value":"T2"}],"description":[{"lang":"en","value":"<p>First follow-up of the face-to-face comprehensive interview.<\/p>\r\n\r\n<p>n = 1679 participants<\/p>\r\n\r\n<p>Number of participants with biological samples: &nbsp;Blood (n=1542), Saliva (n=1378) and Urine (n=1006)<\/p>\r\n"}],"startYear":2005,"endYear":2005,"dataSources":["questionnaires","physical_measures","biological_samples","administratives_databases","others"],"administrativeDatabases":["health_databases","vital_statisctics_databases"],"otherDataSources":[{"lang":"en","value":"Possibility to consult medical files"}],"bioSamples":["blood","saliva","urine"]},{"id":"698f0fa0-352e-448f-a5d6-95aa88c96935","name":[{"lang":"en","value":"T3"}],"description":[{"lang":"en","value":"<p>Second follow-up of the face-to-face comprehensive interview.<\/p>\r\n\r\n<p>n = 1623 participants<\/p>\r\n\r\n<p>Number of participants with biological samples: Blood (n=1475), Saliva (n=1328) and Urine (n=1236)<\/p>\r\n"}],"startYear":2006,"endYear":2006,"dataSources":["questionnaires","physical_measures","biological_samples","administratives_databases","others"],"administrativeDatabases":["health_databases","vital_statisctics_databases"],"otherDataSources":[{"lang":"en","value":"Possibility to consult medical files"}],"bioSamples":["blood","saliva","urine"]},{"id":"7ea0298d-a7ff-4bb2-9640-dcafb96ba33e","name":[{"lang":"en","value":"T4"}],"description":[{"lang":"en","value":"<p>Third follow-up of the yearly face-to-face comprehensive interview.<\/p>\r\n\r\n<p>n = 1549 participants<\/p>\r\n\r\n<p>Number of participant with biological samples: Blood (n=1342), Saliva (n=1173) and Urine (n=1115)<\/p>\r\n"}],"startYear":2007,"endYear":2007,"dataSources":["questionnaires","physical_measures","biological_samples","administratives_databases","others"],"administrativeDatabases":["health_databases","vital_statisctics_databases"],"otherDataSources":[{"lang":"en","value":"Possibility to consult medical files"}],"bioSamples":["blood","saliva","urine"]},{"id":"84503441-6531-4c2d-89af-c40d90c8c82e","name":[{"lang":"en","value":"T5"}],"description":[{"lang":"en","value":"<p>Fourth follow-up interview by telephone only (no physical measure&nbsp;taken and no biological sample&nbsp;collected from participants).&nbsp;<\/p>\r\n\r\n<p>n = 1212 participants<\/p>\r\n"}],"startYear":2008,"endYear":2008,"dataSources":["questionnaires","administratives_databases","others"],"administrativeDatabases":["health_databases","vital_statisctics_databases"],"otherDataSources":[{"lang":"en","value":"Possibility to consult medical files"}]}]}],"opal":"https:\/\/opal.maelstrom-research.org:8443"}