{"id":"0ed88983-a30f-4eda-a8c3-c3908d3465dd","name":[{"lang":"en","value":"Visit 3 variables"}],"description":[{"lang":"en","value":"<p>Variables of the MIREC third trimester visit with the mother. The dataset contains 629 variables.<\/p>\r\n"}],"entityType":"Participant","published":false,"obiba.mica.StudyDatasetDto.type":{"studyTable":{"studyId":"a23aaf5a-585b-4bb9-836b-84312b39c04e","populationId":"fa57c93f-3a19-4d85-a2f3-3be90952ee9d","dataCollectionEventId":"74ef287e-a6fe-4c16-978a-e0df8f619428","project":"MIREC","table":"Visit 3 variables"}}}