{"id":"b08cdeef-06f4-48b0-9bb0-183d10fab856","name":[{"lang":"en","value":"Delivery Variables"}],"description":[{"lang":"en","value":"<p>Variables of MIREC at Delivery follow-up. The dataset contains 38 variables.<\/p>\r\n"}],"entityType":"Participant","published":false,"obiba.mica.StudyDatasetDto.type":{"studyTable":{"studyId":"a23aaf5a-585b-4bb9-836b-84312b39c04e","populationId":"fa57c93f-3a19-4d85-a2f3-3be90952ee9d","dataCollectionEventId":"df3e9291-e336-45ad-9ee4-a01aa631045c","project":"MIREC","table":"Delivery Variables"}}}