{"id":"3b717801-c1be-4cbf-b429-c2e03f33e652","name":[{"lang":"en","value":"Visit 1 variables"}],"description":[{"lang":"en","value":"<p>Variables of the MIREC first trimester visit with the mother. The dataset contains 729&nbsp;variables.<\/p>\r\n"}],"entityType":"Participant","published":false,"obiba.mica.StudyDatasetDto.type":{"studyTable":{"studyId":"a23aaf5a-585b-4bb9-836b-84312b39c04e","populationId":"fa57c93f-3a19-4d85-a2f3-3be90952ee9d","dataCollectionEventId":"661d6b8c-da66-4f20-8ddd-ac2f65d4b256","project":"MIREC","table":"Visit 1 variables"}}}