{"id":"27276f46-ae38-409e-bec2-e00ccfeb77f1","name":[{"lang":"en","value":"Post-Partum Variables"}],"description":[{"lang":"en","value":"<p>Variables of MIREC post-Partum follow-up. The dataset contains 276 variables.<\/p>\r\n"}],"entityType":"Participant","published":false,"obiba.mica.StudyDatasetDto.type":{"studyTable":{"studyId":"a23aaf5a-585b-4bb9-836b-84312b39c04e","populationId":"fa57c93f-3a19-4d85-a2f3-3be90952ee9d","dataCollectionEventId":"ae420b5d-2b5f-40b7-ba25-8f175115a37a","project":"MIREC","table":"Post-Partum Variables"}}}