{"id":"af5a1263-293b-41bd-b4bb-ce2b35aa5566","name":[{"lang":"en","value":"Visit 2 variables"}],"description":[{"lang":"en","value":"<p>Variables of the MIREC second trimester visit with the mother. The dataset contains 336&nbsp;variables.<\/p>\r\n"}],"entityType":"Participant","published":false,"obiba.mica.StudyDatasetDto.type":{"studyTable":{"studyId":"a23aaf5a-585b-4bb9-836b-84312b39c04e","populationId":"fa57c93f-3a19-4d85-a2f3-3be90952ee9d","dataCollectionEventId":"3dfad3a1-3d8b-42ba-9cd8-c0b130453683","project":"MIREC","table":"Visit 2 variables"}}}