{"id":"b6ec4922-8462-4fb3-a1cd-1ed1075725e5","name":[{"lang":"en","value":"Milk Collection variables"}],"description":[{"lang":"en","value":"<p>Variables of MIREC at milk collection. The dataset contains 584 variables.<\/p>\r\n"}],"entityType":"Participant","published":false,"obiba.mica.StudyDatasetDto.type":{"studyTable":{"studyId":"a23aaf5a-585b-4bb9-836b-84312b39c04e","populationId":"fa57c93f-3a19-4d85-a2f3-3be90952ee9d","dataCollectionEventId":"113097d5-6512-4922-99e0-b0e1997f417c","project":"MIREC","table":"Milk Collection variables"}}}