{"id":"a23aaf5a-585b-4bb9-836b-84312b39c04e","name":[{"lang":"en","value":"Maternal-Infant Research on Environmental Chemicals (MIREC)"}],"acronym":[{"lang":"en","value":"MIREC"}],"logo":{"id":"0dfaad5e-8fba-4e2c-91cb-2dda9b211699","fileName":"mirec_logo.jpg","type":"logo","description":[{"lang":"en"}],"lang":"en","justUploaded":true},"investigators":[{"lastName":"Dr. Tye Arbuckle (Health Canada)","email":"Tye.Arbuckle@hc-sc.gc.ca","dataAccessCommitteeMember":false,"institution":{"name":[{"lang":"en","value":"Health Canada"}],"address":[]}},{"lastName":"Dr. William Fraser (CHU Sainte-Justine)","email":"william.fraser@umontreal.ca","dataAccessCommitteeMember":false,"institution":{"name":[{"lang":"en","value":"CHU Sainte-Justine"}],"address":[]}}],"contacts":[{"lastName":"Nicole Lupien (CHU Sainte-Justine Research Centre)","email":"nicole.lupien@recherche-ste-justine.qc.ca","phone":"514-345-4931 #4267","dataAccessCommitteeMember":false,"institution":{"name":[{"lang":"en","value":"CHU Sainte-Justine Research Centre"}],"address":{"street":[{"lang":"en","value":"3175, C\u00f4te-Sainte-Catherine, room 6832"}],"city":[{"lang":"en","value":"Montr\u00e9al"}],"zip":"H3T 1C5","state":"Qu\u00e9bec","country":{"iso":"CA","name":[{"lang":"en","value":"Canada"}]}}}}],"objectives":[{"lang":"en","value":"The Maternal-Infant Research on Environmental Chemicals (MIREC) Study is a Canadian national-scale prospective pregnancy cohort study, which recruited 2000 women in the first trimester of pregnancy and followed them through pregnancy and delivery. The MIREC study is co-led by an epidemiologist at Health Canada and an obstetrician at the University of Montreal and CHU Sainte-Justine. Participants were recruited through hospital or midwifery prenatal clinics and informed through the consent process that they would be asked to complete questionnaires and provide biospecimens throughout their pregnancy for analyses of environmental chemicals and susceptibility markers (e.g., nutritional, genetic). Biological markers of environmental chemicals and tobacco smoke exposure were measured in at least one of the following biospecimens:  maternal blood, urine, hair, and breast milk; and umbilical cord blood and meconium (which is the baby's first stool). \r\n\r\nThe primary objectives of the MIREC study are: to assess what pregnancy health risks, if any, are associated with exposure to metals (lead, cadmium, mercury, manganese and arsenic) and to obtain, via biomonitoring, national-level data on maternal and neonatal exposure to priority environmental chemicals."}],"website":"www.mirec-canada.ca","specificAuthorization":{"authorized":false,"date":"1969-12-31T19:00:00-05:00"},"maelstromAuthorization":{"authorized":true,"authorizer":"Nicole Lupien","date":"2013-10-31T00:00:00-04:00"},"methods":{"designs":["cohort_study"],"recruitments":["families"]},"numberOfParticipants":{"participant":{"noLimit":false,"number":2000},"sample":{"noLimit":false,"number":2000}},"startYear":2008,"access":["data","biosamples"],"markerPaper":"Arbuckle TE, Fraser WD, Fisher M et al., Cohort profile: the maternal-infant research on environmental chemicals research platform. Paediatr Perinat Epidemiol. 2013 Jul;27(4):415-25. doi: 10.1111\/ppe.12061.","pubmedId":"23772943","attachments":[{"id":"21be0cfe-21b9-4b79-82f7-2435a7ce76da","fileName":"MAELSTROM - MIREC follow-up waves.pdf","type":"document","description":[{"lang":"en","value":"Maternal-Infant Research on Environmental Chemicals follow-up studies timelines"}],"lang":"en","justUploaded":true}],"populations":[{"id":"fa57c93f-3a19-4d85-a2f3-3be90952ee9d","name":[{"lang":"en","value":"MIREC Mothers and Infants"}],"description":[{"lang":"en","value":"<p>The MIREC study population is composed of mothers and their infants. A total of 2000 pregnant women from general population who were attending prenatal clinics (ultrasound, midwife and\/or doctor's clinics) during the first trimester of pregnancy were recruited for the study. The women recruited must be 18 years of age or older and 6 to 13 weeks pregnant to be eligible for the study. The women who agreed to participate in the MIREC study tended to smoke less (5.9% vs. 10.5%) be older (mean 32.2 vs. 29.4 years) and have a higher education (62.3% vs. 35.1% with a university degree) than the average women giving birth in Canada.<\/p>\r\n"}],"recruitment":{"dataSources":["specific_population"],"specificPopulationSources":["clinic_patients"]},"selectionCriteria":{"gender":1,"ageMin":18,"countriesIso":["CAN"],"territory":[{"lang":"en","value":"<p>Vancouver, Edmonton, Winnipeg, Sudbury, Ottawa, Kingston, Hamilton, Toronto, Montreal and Halifax.<\/p>\r\n"}],"criteria":["gravidity"],"healthStatus":[{"localizedStrings":[{"lang":"en","value":"Free of known fetal abnormalities (e.g. hydratidiform mole), or known fetal chromosomal or major malformations in the current pregnancy. Free of a history of medical complications"}]},{"localizedStrings":[{"lang":"en","value":"including the following: renal disease with altered renal function, epilepsy, any collagen disease such as lupus erythematosus and scleroderma, active and chronic liver disease (hepatitis)"}]},{"localizedStrings":[{"lang":"en","value":"haematological disorder (patient with anaemia or thombophilias will be included), threatened spontaneous abortion (women with previous bleeding in the first trimester were included if the site documented a viable fetus at the time of recruitment)"}]},{"localizedStrings":[{"lang":"en","value":"cancer, heart disease and illicit drugs use."}]}]},"numberOfParticipants":{"participant":{"noLimit":false,"number":2000},"sample":{"noLimit":false,"number":2000}},"dataCollectionEvents":[{"id":"df3e9291-e336-45ad-9ee4-a01aa631045c","name":[{"lang":"en","value":"MIREC Delivery"}],"description":[{"lang":"en","value":"<p><span>MIREC at delivery follow-up.&nbsp;Visit with the mother at delivery to collect biospecimens.&nbsp;<\/span><\/p>\r\n"}],"startYear":2008,"startMonth":9,"endYear":2011,"endMonth":10,"dataSources":["biological_samples"],"bioSamples":["blood","urine","others"],"otherBioSamples":[{"lang":"en","value":"<p>Cord blood<\/p>\r\n"}]},{"id":"113097d5-6512-4922-99e0-b0e1997f417c","name":[{"lang":"en","value":"MIREC Milk Collection"}],"description":[{"lang":"en","value":"<p>MIREC post delivery (2 to 10 weeks) follow-up. Data collected include information on home environment, sunlight exposure, nutrient supplements, food frequency and eating habits. Personal question about the mother's life style were asked for the interpretation of the hair sample collected. Anthropometric measurements were also taken and the mothers were asked to fill a questionnaire about their babies.<\/p>\r\n"}],"startYear":2008,"startMonth":10,"endYear":2012,"endMonth":4,"dataSources":["questionnaires","biological_samples"],"bioSamples":["hair","others"],"otherBioSamples":[{"lang":"en","value":"<p>Breast milk<\/p>\r\n"}]},{"id":"ae420b5d-2b5f-40b7-ba25-8f175115a37a","name":[{"lang":"en","value":"MIREC Post-Partum"}],"description":[{"lang":"en","value":"<p>MIREC post-partum (day 1 or 2) follow-up. A chart review questionnaire for pregnancies and a post-partum questionnaire were administered. Data collected include information on drug or medication intake, maternal condition after admission, labour and delivery and also glucose tolerance, blood pressure and corticosteroids during pregnancy. Neonatal information of the babies and anthropometric measurements of the mother prior delivery were also collected. Urine and blood samples were collected if not done at delivery and hair collection was done for women who are not participating in the milk component.<\/p>\r\n"}],"startYear":2008,"startMonth":9,"endYear":2011,"endMonth":10,"dataSources":["questionnaires","biological_samples"],"bioSamples":["hair","others"],"otherBioSamples":[{"lang":"en","value":"<p>Meconium<\/p>\r\n"}]},{"id":"661d6b8c-da66-4f20-8ddd-ac2f65d4b256","name":[{"lang":"en","value":"MIREC Prenatal Visit 1"}],"description":[{"lang":"en","value":"<p>MIREC first trimester (between 6 to 13 weeks gestation) visit with the mother. A questionnaire was administered by trained research staff to participants. Data collected included information on familial and individual obstetrical history, sociodemographic characteristics, employment, diet during pregnancy, smoking and alcohol consumption behaviours, residence, sunlight exposure, environmental exposures and drugs or medication taken during pregnancy. Self-administered questionnaire was used to collect nutrient supplements taken by the mother. Anthropometric measurements were also collected.<\/p>\r\n"}],"startYear":2008,"startMonth":2,"endYear":2011,"endMonth":3,"dataSources":["questionnaires","physical_measures","biological_samples"],"bioSamples":["blood","urine"]},{"id":"3dfad3a1-3d8b-42ba-9cd8-c0b130453683","name":[{"lang":"en","value":"MIREC Prenatal Visit 2"}],"description":[{"lang":"en","value":"<p>MIREC second trimester (between 16 to 21 weeks gestation) visit with the mother. A validated food frequency questionnaire was administered, along with anthropometric measurements and information collection on medication or drug intake during pregnancy.<\/p>\r\n"}],"startYear":2008,"startMonth":5,"endYear":2011,"endMonth":6,"dataSources":["questionnaires","physical_measures","biological_samples"],"bioSamples":["blood","urine"]},{"id":"74ef287e-a6fe-4c16-978a-e0df8f619428","name":[{"lang":"en","value":"MIREC Prenatal Visit 3"}],"description":[{"lang":"en","value":"<p>MIREC third trimester (between 32 to 34 weeks gestation) visit with the mother. A questionnaire was administered by trained research staff to participants. Data collected include information on the evolution of pregnancy, employment, environmental exposures, smoking and alcohol consumption behaviours, residence, sunlight exposure, diet and drugs or medication taken during pregnancy. Anthropometric measurements were also collected.<\/p>\r\n"}],"startYear":2008,"startMonth":7,"endYear":2011,"endMonth":9,"dataSources":["questionnaires","physical_measures","biological_samples"],"bioSamples":["blood","urine"]},{"id":"f6c6eca0-2302-48e6-898f-73dd22dc1e12","name":[{"lang":"en","value":"MIREC-CD Plus Biomonitoring"}],"description":[{"lang":"en","value":"<p>MIREC-CD PLUS Biomonitoring visit (children aged 15 to 35 months). Anthropometric measurements for the biological parents and the children have been taken. Blood samples were also collected, to measure heavy metal exposure in children under the age of 3. Blood samples from older children as well as urine samples from all the children were stored in the MIREC Biobank for future research aimed at understanding the potential role, if any, of environmental chemicals on child health.<\/p>\r\n"}],"startYear":2013,"startMonth":3,"endYear":2015,"endMonth":3,"dataSources":["physical_measures","biological_samples"],"bioSamples":["blood","urine"]},{"id":"2f2f413b-1985-4fe4-a426-fd3711e913c0","name":[{"lang":"en","value":"MIREC-CD Plus Neurodevelopment"}],"description":[{"lang":"en","value":"<p><span>MIREC-CD PLUS Neurodevelopment visit (Children aged 36 to 47 months). Intellectual and learning skills of the child have been evaluated by standardized tests.&nbsp;Anthropometric measurements for the biological parents and the child have been taken to measure the physical growth&nbsp;of the child if not already taken during the biomonitoring visit. A series of questions on the&nbsp;development of the child, including behaviour&nbsp;and language,&nbsp;communications and learning skills are&nbsp;collected in the mother's self-administered questionnaire. The questionnaire also entails general questions on the parent's occupation, household, parent's&nbsp;level of stress and well-being, day care and on the child's health.<\/span><\/p>\r\n"}],"startYear":2013,"startMonth":4,"endYear":2015,"endMonth":3,"dataSources":["questionnaires","physical_measures"]},{"id":"b69db617-45d8-4f27-a04b-6ae78b197ea9","name":[{"lang":"en","value":"MIREC-CD3"}],"description":[{"lang":"en","value":"<p>MIREC-CD3 (MIREC: child development at age 3) is a parental survey for children between 36-47 months of age that is designed to examine potential effects of prenatal exposure to phthalates, Bisphenol A (BPA) and organophosphate pesticides on child neurobehaviour,&nbsp;e.g. subscales of the Behavior Rating Inventory of Executive Function (BRIEF-P).<\/p>\r\n"}],"startYear":2012,"startMonth":8,"endYear":2014,"endMonth":3,"dataSources":["questionnaires"]},{"id":"9601d88a-eecb-41f9-9bb5-a2094f48bc3d","name":[{"lang":"en","value":"MIREC-ID 6 months"}],"description":[{"lang":"en","value":"<p>MIREC-ID (MIREC: infant development to 6 months) follow-up at 6 months of age. Assessments were performed to take anthropometric measurements, to measure the sexual development and to test auditory, visual and cardiac functions of the child. An arm restraint test has been performed to evaluate the baby\u2019s frustration behaviours and coping strategies. An interview with the mother collected information on sociodemographic characteristics, environmental exposures, smoking, alcohol cunsumption and drug use behaviours, breast-feeding and nutritional habits. Information on the child's sleep behavior, general development, health and hospitalisation, child care, life events during pregnancy and after the birth of the baby as well as neighbourghood and financial support have been collected during the interview with the mother.<\/p>\r\n"}],"startYear":2010,"startMonth":8,"endYear":2012,"endMonth":5,"dataSources":["questionnaires","physical_measures"]},{"id":"802a7374-6bae-4970-b073-96d95971011a","name":[{"lang":"en","value":"MIREC-ID Birth"}],"description":[{"lang":"en","value":"<p>MIREC-ID (MIREC: infant development to 6 months)follow-up at birth. Assessments were performed to take anthropometric measurements and to measure the sexual development of the child. A medical chart review has been filled by the research nurse pertaining to sexual development. A self-administered questionnaire filled by the mother gave information about maternal well-being, relationship between the mother and the baby and the child's behavior. An interview with the father has been done to collect sociodemographic characteristics and to take anthropometric measurements.<\/p>\r\n"}],"startYear":2010,"startMonth":1,"endYear":2011,"endMonth":12,"dataSources":["questionnaires","physical_measures","biological_samples"],"bioSamples":["blood","others"],"otherBioSamples":[{"lang":"en","value":"<p>Vaginal cytology<\/p>\r\n"}]}]}]}