{"id":"c5f7eaa1-4608-4dd4-8d54-2633820f44a5","name":[{"lang":"en","value":"Victoria Longitudinal Study (VLS)"}],"acronym":[{"lang":"en","value":"VLS"}],"logo":{"id":"fb8d0a77-9a6c-4a78-a709-d4efcfe17a52","fileName":"Banner2.gif","type":"logo","description":[{"lang":"en"}],"lang":"en","justUploaded":true},"investigators":[{"lastName":"Dr. Roger A. Dixon (University of Alberta)","dataAccessCommitteeMember":false,"institution":{"name":[{"lang":"en","value":"University of Alberta"}],"department":[{"lang":"en","value":"Canada Research Chair, Professor of Psychology"}],"address":{"city":[{"lang":"en","value":"Edmonton"}],"state":"Alberta","country":{"iso":"CA","name":[{"lang":"en","value":"Canada"}]}}}},{"lastName":"Dr. Stuart W.S. MacDonald (University of Victoria)","email":"smacd@uvic.ca","dataAccessCommitteeMember":false,"institution":{"name":[{"lang":"en","value":"University of Victoria"}],"department":[{"lang":"en","value":"Associate Professor"}],"address":{"city":[{"lang":"en","value":"Victoria"}],"state":"British Columbia","country":{"iso":"CA","name":[{"lang":"en","value":"Canada"}]}}}}],"contacts":[{"lastName":"Dr. Stuart W.S. MacDonald (University of Victoria)","email":"smacd@uvic.ca","dataAccessCommitteeMember":false,"institution":{"name":[{"lang":"en","value":"University of Victoria"}],"department":[{"lang":"en","value":"Associate Professor"}],"address":{"city":[{"lang":"en","value":"Victoria"}],"state":"British Columbia","country":{"iso":"CA","name":[{"lang":"en","value":"Canada"}]}}}}],"objectives":[{"lang":"en","value":"<p>A 20-year prospective study, the VLS operates in two coordinated labs: the main scientific headquarters at the University of Alberta (UAlberta) and a satellite data collection lab at the University of Victoria (UVic).<\/p>\r\n\r\n<p>The general objective of the VLS is to examine actual short- and long-term changes in (and relationships among) multiple aspects of health, functionality, cognition, and neuropsychological status in middle-aged and older adults. Accordingly, we collect comprehensive data on participants (initially aged 55-85 years; now ranging from about 63-103 years) through repeated observations at regular intervals (3-4 years). Three sequential cohorts are followed longitudinally, including VLS Sample 1 (begun in the 1980s), VLS Sample 2 (begun in the 1990s), and VLS Sample 3 (begun in the 2000s). Multiple comparison and control groups are developed as needed.<\/p>\r\n\r\n<p>The continuing <strong>general aim <\/strong>of the VLS is to follow successive, large, and well-characterized cohorts of initially healthy (physically, cognitively, psychologically) middle-aged and older adults as they experience a variety of normal and pathological changes related to cognition.<\/p>\r\n\r\n<p>The <strong>descriptive goal <\/strong>is to chart multiple cognitive differences and changes over selected periods (or age ranges).<\/p>\r\n\r\n<p>The <strong>explanatory goal <\/strong>is to identify interrelationships, covariates, modulators, and protection\/risk factors as they pertain to cognitive differences, changes, and sequelae.<\/p>\r\n\r\n<p>The <strong>public health goal <\/strong>is to pursue descriptive and explanatory research not only in typical aging but in response to:<\/p>\r\n\r\n<p>(a) changing health status of VLS participants,<\/p>\r\n\r\n<p>(b) evolving public health concerns and priorities, and<\/p>\r\n\r\n<p>(c) emerging issues of public and personal health relevance (e.g., diabetes and cognitive aging).<\/p>\r\n\r\n<p><strong>Target conditions <\/strong>include:<\/p>\r\n\r\n<p>(a) healthy cognitive changes with aging (e.g., successful aging),<\/p>\r\n\r\n<p>(b) normal cognitive decline,<\/p>\r\n\r\n<p>(c) preclinical and neurodegenerative decline (e.g., mild cognitive impairment), and<\/p>\r\n\r\n<p>(d) variable and differential cases and trajectories.<\/p>\r\n"}],"website":"http:\/\/www.ualberta.ca\/~vlslab\/index.html","specificAuthorization":{"authorized":true,"authorizer":"Dr. Stuart MacDonald","date":"2014-04-01T00:00:00-04:00"},"maelstromAuthorization":{"authorized":true,"authorizer":"Dr. Stuart MacDonald","date":"2014-04-01T00:00:00-04:00"},"methods":{"designs":["other"],"otherDesign":[{"lang":"en","value":"<p>Longitudinal sequential design<\/p>\r\n"}],"followUpInfo":[{"lang":"en","value":"<p>There are 3 sequential cohorts of participants (Sample 1 first tested in 1986, n=487; Sample 2 first tested in 1992, n=534; Sample 3 first tested in 2000, n=577).&nbsp; Longitudinal follow-up testing is conducted at three year intervals from a participant's original start date.<\/p>\r\n"}],"recruitments":["individuals"],"info":[{"lang":"en","value":"<p>The Victoria Longitudinal Study follows a Longitudinal Sequential design. It began in the late 1980s with the first sample. The second independent sample began in the 1990s. The third independent sample began in the early 2000s. Each sample is tested repeatedly and regularly (3-4-year intervals). Thus, Sample 1 has been tested on eight different occasions (over about 24 years), Sample 2 has been tested on five different occasions (over about 15 years), and Sample 3 has been tested on three occasions (over about 8 years). Each occasion of testing involves about 12 hours of contact time (plus homework!) with each participant. All participants in the three samples are initially between the ages of 55 and 85 years. Multiple comparison groups (e.g., younger, middle-aged, special populations) of adults have been assembled. Whereas the VLS static N is about 2000, the dynamic n is about 6000.<\/p>\r\n"}]},"numberOfParticipants":{"participant":{"noLimit":false,"number":1598},"sample":{"noLimit":false,"number":705}},"startYear":1986,"access":["data"],"markerPaper":"http:\/\/www.ualberta.ca\/~vlslab","info":[{"lang":"en","value":"<p>Biological samples are currently being processed; access to biosamples will be considered in the future.<\/p>\r\n"}],"populations":[{"id":"c380532d-6f82-4cb0-87a0-085b32d64749","name":[{"lang":"en","value":"VLS Sample 1"}],"description":[{"lang":"en"}],"recruitment":{"dataSources":["general"],"generalPopulationSources":["volunteer"]},"selectionCriteria":{"ageMin":55,"ageMax":85,"countriesIso":["CAN"],"territory":[{"lang":"en","value":"<p>Victoria, British Columbia<\/p>\r\n"}]},"numberOfParticipants":{"participant":{"noLimit":false,"number":484},"sample":{"noLimit":false},"info":[{"lang":"en","value":"<p>Wave 1: 484 participants<\/p>\r\n\r\n<p>Wave 2: 333 participants<\/p>\r\n\r\n<p>Wave 3: 250 participants<\/p>\r\n\r\n<p>Wave 4: 177 participants<\/p>\r\n\r\n<p>Wave 5: 129 participants<\/p>\r\n"}]},"dataCollectionEvents":[{"id":"ed4ec6d6-351d-43bc-8b0e-396070a6b59d","name":[{"lang":"en","value":"VLS - S1 - Wave 1"}],"description":[{"lang":"en","value":"<p><span>Each occasion of testing involves about 12 hours of contact time&nbsp;with each participant.<\/span><\/p>\r\n\r\n<p><span>A wide range of information is collected during VLS testing sessions. These include multiple indicators:&nbsp;memory, other cognitive measures, neuropsychological battery, neurocognitive speed and resources, biological vitality, health status, psychosocial aspects and lifestyle environment.<\/span><\/p>\r\n"}],"startYear":1986,"endYear":1987,"dataSources":["questionnaires","physical_measures"]},{"id":"a203f9e9-e730-42d3-8bfc-bddede05dbf8","name":[{"lang":"en","value":"VLS - S1 - Wave 2"}],"description":[{"lang":"en","value":"<p>Each occasion of testing involves about 12 hours of contact time&nbsp;with each participant.<\/p>\r\n\r\n<p>A wide range of information is collected during VLS testing sessions. These include multiple indicators:&nbsp;memory, other cognitive measures, neuropsychological battery, neurocognitive speed and resources, biological vitality, health status, psychosocial aspects and lifestyle environment.<\/p>\r\n"}],"startYear":1989,"endYear":1990,"dataSources":["questionnaires","physical_measures"]},{"id":"71a7e733-789b-4b69-b9ef-51508096a2a6","name":[{"lang":"en","value":"VLS - S1 - Wave 3"}],"description":[{"lang":"en","value":"<p>Each occasion of testing involves about 12 hours of contact time&nbsp;with each participant.<\/p>\r\n\r\n<p>A wide range of information is collected during VLS testing sessions. These include multiple indicators:&nbsp;memory, other cognitive measures, neuropsychological battery, neurocognitive speed and resources, biological vitality, health status, psychosocial aspects and lifestyle environment.<\/p>\r\n"}],"startYear":1992,"endYear":1993,"dataSources":["questionnaires","physical_measures"]},{"id":"67a1f1a8-6a35-40b8-bb5e-0d7c8f0726f4","name":[{"lang":"en","value":"VLS - S1 - Wave 4"}],"description":[{"lang":"en","value":"<p>Each occasion of testing involves about 12 hours of contact time&nbsp;with each participant.<\/p>\r\n\r\n<p>A wide range of information is collected during VLS testing sessions. These include multiple indicators:&nbsp;memory, other cognitive measures, neuropsychological battery, neurocognitive speed and resources, biological vitality, health status, psychosocial aspects and lifestyle environment.<\/p>\r\n"}],"startYear":1995,"endYear":1995,"dataSources":["questionnaires","physical_measures"]},{"id":"b59c890e-0a1c-4d3f-8ce0-a77c18d4ae1b","name":[{"lang":"en","value":"VLS - S1 - Wave 5"}],"description":[{"lang":"en","value":"<p>Each occasion of testing involves about 12 hours of contact time&nbsp;with each participant.<\/p>\r\n\r\n<p>A wide range of information is collected during VLS testing sessions. These include multiple indicators:&nbsp;memory, other cognitive measures, neuropsychological battery, neurocognitive speed and resources, biological vitality, health status, psychosocial aspects and lifestyle environment.<\/p>\r\n"}],"startYear":1998,"endYear":1999,"dataSources":["questionnaires","physical_measures"]},{"id":"ab549c91-d753-4899-bca9-c16eef898586","name":[{"lang":"en","value":"VLS - S1 - Wave 6"}],"description":[{"lang":"en","value":"<p>Each occasion of testing involves about 12 hours of contact time&nbsp;with each participant.<\/p>\r\n\r\n<p>A wide range of information is collected during VLS testing sessions. These include multiple indicators:&nbsp;memory, other cognitive measures, neuropsychological battery, neurocognitive speed and resources, biological vitality, health status, psychosocial aspects and lifestyle environment.<\/p>\r\n"}],"startYear":2002,"endYear":2003,"dataSources":["questionnaires","physical_measures"]},{"id":"44faa356-fb11-4e7a-9d72-bde0e3866056","name":[{"lang":"en","value":"VLS - S1 - Wave 7"}],"description":[{"lang":"en","value":"<p>Each occasion of testing involves about 12 hours of contact time&nbsp;with each participant.<\/p>\r\n\r\n<p>A wide range of information is collected during VLS testing sessions. These include multiple indicators:&nbsp;memory, other cognitive measures, neuropsychological battery, neurocognitive speed and resources, biological vitality, health status, psychosocial aspects and lifestyle environment.<\/p>\r\n"}],"startYear":2005,"endYear":2006,"dataSources":["questionnaires","physical_measures"]},{"id":"41ab1ea5-5b3a-46f2-b23a-088812a27058","name":[{"lang":"en","value":"VLS - S1 - Wave 8"}],"description":[{"lang":"en","value":"<p>Each occasion of testing involves about 12 hours of contact time&nbsp;with each participant.<\/p>\r\n\r\n<p>A wide range of information is collected during VLS testing sessions. These include multiple indicators:&nbsp;memory, other cognitive measures, neuropsychological battery, neurocognitive speed and resources, biological vitality, health status, psychosocial aspects and lifestyle environment.<\/p>\r\n"}],"startYear":2008,"endYear":2009,"dataSources":["questionnaires","physical_measures"]}]},{"id":"3054031b-ad09-4c5f-a974-833adf08f293","name":[{"lang":"en","value":"VLS Sample 2"}],"description":[{"lang":"en"}],"recruitment":{"dataSources":["general"],"generalPopulationSources":["volunteer"]},"selectionCriteria":{"ageMin":55,"ageMax":85,"countriesIso":["CAN"],"territory":[{"lang":"en","value":"<p>Victoria, British Columbia<\/p>\r\n"}]},"numberOfParticipants":{"participant":{"noLimit":false,"number":530},"sample":{"noLimit":false},"info":[{"lang":"en","value":"<p>Wave 1: 530 participants<\/p>\r\n\r\n<p>Wave 2: 405 participants<\/p>\r\n\r\n<p>Wave 3: 336 participants<\/p>\r\n"}]},"dataCollectionEvents":[{"id":"6dfccf51-7859-43d9-a79c-0c00317cb2c5","name":[{"lang":"en","value":"VLS - S2 - Wave 1"}],"description":[{"lang":"en","value":"<p>Each occasion of testing involves about 12 hours of contact time&nbsp;with each participant.<\/p>\r\n\r\n<p>A wide range of information is collected during VLS testing sessions. These include multiple indicators:&nbsp;memory, other cognitive measures, neuropsychological battery, neurocognitive speed and resources, biological vitality, health status, psychosocial aspects and lifestyle environment.<\/p>\r\n"}],"startYear":1993,"endYear":1993,"dataSources":["questionnaires","physical_measures"]},{"id":"b1c7f131-fe5e-46b7-82d7-32b98a3219b1","name":[{"lang":"en","value":"VLS - S2 - Wave 2"}],"description":[{"lang":"en","value":"<p>Each occasion of testing involves about 12 hours of contact time&nbsp;with each participant.<\/p>\r\n\r\n<p>A wide range of information is collected during VLS testing sessions. These include multiple indicators:&nbsp;memory, other cognitive measures, neuropsychological battery, neurocognitive speed and resources, biological vitality, health status, psychosocial aspects and lifestyle environment.<\/p>\r\n"}],"startYear":1996,"endYear":1996,"dataSources":["questionnaires","physical_measures"]},{"id":"4cb7ba93-3145-4820-bece-c5c02d335bd6","name":[{"lang":"en","value":"VLS - S2 - Wave 3"}],"description":[{"lang":"en","value":"<p>Each occasion of testing involves about 12 hours of contact time&nbsp;with each participant.<\/p>\r\n\r\n<p>A wide range of information is collected during VLS testing sessions. These include multiple indicators:&nbsp;memory, other cognitive measures, neuropsychological battery, neurocognitive speed and resources, biological vitality, health status, psychosocial aspects and lifestyle environment.<\/p>\r\n"}],"startYear":1999,"endYear":2000,"dataSources":["questionnaires","physical_measures"]},{"id":"bf761da1-cbc6-4dd2-8f32-7ea54990356f","name":[{"lang":"en","value":"VLS - S2 - Wave 4"}],"description":[{"lang":"en","value":"<p>Each occasion of testing involves about 12 hours of contact time&nbsp;with each participant.<\/p>\r\n\r\n<p>A wide range of information is collected during VLS testing sessions. These include multiple indicators:&nbsp;memory, other cognitive measures, neuropsychological battery, neurocognitive speed and resources, biological vitality, health status, psychosocial aspects and lifestyle environment.<\/p>\r\n"}],"startYear":2003,"endYear":2004,"dataSources":["questionnaires","physical_measures"]},{"id":"147a9394-0d8b-45c7-bd7b-c192b274e37a","name":[{"lang":"en","value":"VLS - S2 - Wave 5"}],"description":[{"lang":"en","value":"<p>Each occasion of testing involves about 12 hours of contact time&nbsp;with each participant.<\/p>\r\n\r\n<p>A wide range of information is collected during VLS testing sessions. These include multiple indicators:&nbsp;memory, other cognitive measures, neuropsychological battery, neurocognitive speed and resources, biological vitality, health status, psychosocial aspects and lifestyle environment.<\/p>\r\n"}],"startYear":2006,"endYear":2007,"dataSources":["questionnaires","physical_measures"]}]},{"id":"c590c882-9ce8-4d4a-8901-be4f9328f797","name":[{"lang":"en","value":"VLS - Sample 3"}],"description":[{"lang":"en","value":"<p>&nbsp;<\/p>\r\n\r\n<p>&nbsp;<\/p>\r\n"}],"recruitment":{"dataSources":["general"],"generalPopulationSources":["volunteer"]},"selectionCriteria":{"ageMin":55,"ageMax":85,"countriesIso":["CAN"],"territory":[{"lang":"en","value":"<p>Victoria, British Columbia<\/p>\r\n"}]},"numberOfParticipants":{"participant":{"noLimit":false,"number":580},"sample":{"noLimit":false},"info":[{"lang":"en","value":"<p>Wave 1: 580 participants<\/p>\r\n"}]},"dataCollectionEvents":[{"id":"d028fbd5-a362-4783-aba6-d72d31d4868d","name":[{"lang":"en","value":"VLS - S3 - Wave 1"}],"description":[{"lang":"en","value":"<p>Each occasion of testing involves about 12 hours of contact time&nbsp;with each participant.<\/p>\r\n\r\n<p>A wide range of information is collected during VLS testing sessions. These include multiple indicators:&nbsp;memory, other cognitive measures, neuropsychological battery, neurocognitive speed and resources, biological vitality, health status, psychosocial aspects and lifestyle environment.<\/p>\r\n"}],"startYear":2001,"endYear":2002,"dataSources":["questionnaires","physical_measures"]},{"id":"69d72d8b-9607-456a-b61f-9db6bbc4ab29","name":[{"lang":"en","value":"VLS - S3 - Wave 2"}],"description":[{"lang":"en","value":"<p>Each occasion of testing involves about 12 hours of contact time&nbsp;with each participant.<\/p>\r\n\r\n<p>A wide range of information is collected during VLS testing sessions. These include multiple indicators:&nbsp;memory, other cognitive measures, neuropsychological battery, neurocognitive speed and resources, biological vitality, health status, psychosocial aspects and lifestyle environment.<\/p>\r\n"}],"startYear":2004,"endYear":2005,"dataSources":["questionnaires","physical_measures"]},{"id":"d97098c3-ead2-425d-8a8a-3600f24f8502","name":[{"lang":"en","value":"VLS - S3 - Wave 3"}],"description":[{"lang":"en","value":"<p>Each occasion of testing involves about 12 hours of contact time&nbsp;with each participant.<\/p>\r\n\r\n<p>A wide range of information is collected during VLS testing sessions. These include multiple indicators:&nbsp;memory, other cognitive measures, neuropsychological battery, neurocognitive speed and resources, biological vitality, health status, psychosocial aspects and lifestyle environment.<\/p>\r\n\r\n<p>&nbsp;<\/p>\r\n"}],"startYear":2007,"endYear":2008,"dataSources":["questionnaires","physical_measures"]}]}]}