{"id":"9e8f92dd-09cf-460d-a35e-d2ca675114df","name":[{"lang":"en","value":"Tomorrow Project (The)"}],"acronym":[{"lang":"en","value":"TTP"}],"logo":{"id":"3615644f-e072-4c02-9c48-9802b54e7e7a","fileName":"in4_logo_2.png","type":"logo","description":[{"lang":"en"}],"lang":"en","justUploaded":true},"contacts":[{"title":"Dr.","firstName":"Paula ","lastName":"Robson","email":"paula.robson@albertahealthservices.ca","dataAccessCommitteeMember":false,"institution":{"name":[{"lang":"en","value":"Alberta Health Services - CancerControl"}],"department":[{"lang":"en","value":"Richmond Road Diagnostic & Treatment Centre"}],"address":{"street":[{"lang":"en","value":"1820 Richmond Road SW"}],"city":[{"lang":"en","value":"Calgary"}],"zip":"T2T 5C7","state":"Alberta","country":{"iso":"CA","name":[{"lang":"en","value":"Canada"}]}}}},{"firstName":"Amanda","lastName":"Wasney","email":"amanda.wasney@albertahealthservices.ca","dataAccessCommitteeMember":false,"institution":{"name":[{"lang":"en","value":"Alberta Health Services - CancerControl"}],"department":[{"lang":"en","value":"Richmond Road Diagnostic & Treatment Centre"}],"address":{"street":[{"lang":"en","value":"1820 Richmond Road SW"}],"city":[{"lang":"en","value":"Calgary"}],"zip":"T2T 5C7","state":"Alberta","country":{"iso":"CA","name":[{"lang":"en","value":"Canada"}]}}}},{"firstName":"Heather ","lastName":"Whelan","email":"heather.whelan@albertahealthservices.ca","phone":"+1 (877) 919-9292","dataAccessCommitteeMember":false,"institution":{"name":[{"lang":"en","value":"Alberta Health Services - CancerControl"}],"department":[{"lang":"en","value":"Richmond Road Diagnostic & Treatment Centre"}],"address":{"street":[{"lang":"en","value":"1820 Richmond Road SW"}],"city":[{"lang":"en","value":"Calgary"}],"zip":"T2T 5C7","state":"Alberta","country":{"iso":"CA","name":[{"lang":"en","value":"Canada"}]}}}}],"objectives":[{"lang":"en","value":"<p><span>The principal objective of The Tomorrow Project is to develop a long-term cohort study that will act as a research platform to facilitate research into how various aspects of lifestyle, modifiable behaviours, environmental and genetic factors interact to influence risk of cancer, and potentially, other chronic diseases.<\/span><\/p>\r\n"}],"website":"http:\/\/www.in4tomorrow.ca\/","specificAuthorization":{"authorized":false,"date":"1969-12-31T19:00:00-05:00"},"maelstromAuthorization":{"authorized":true,"date":"1969-12-31T19:00:00-05:00"},"methods":{"designs":["cohort_study"],"followUpInfo":[{"lang":"en","value":"<p>Follow-up of the participants until 2064.<\/p>\r\n"}],"recruitments":["individuals"]},"numberOfParticipants":{"participant":{"noLimit":false,"number":50000},"sample":{"noLimit":false,"number":40000},"info":[{"lang":"en","value":"<p>34 807&nbsp;participants recruited and 23&nbsp;981&nbsp;participants with blood&nbsp;samples (On January&nbsp;2014). 7 849&nbsp;participants with Oragene saliva kits samples (On January 2014).<\/p>\r\n"}]},"startYear":2000,"endYear":2064,"access":["data","biosamples"],"populations":[{"id":"04b1c5ef-e56f-4789-8e5f-921425f4779b","name":[{"lang":"en","value":"TTP Population"}],"description":[{"lang":"en","value":"<p>The TTP&nbsp;cohort consists of men and women aged between 35 and 69 years residing in the Province of Alberta.<\/p>\r\n"}],"recruitment":{"dataSources":["general"]},"selectionCriteria":{"ageMin":35,"ageMax":69,"countriesIso":["CAN"],"healthStatus":[{"localizedStrings":[{"lang":"en","value":"Participants should have no known history of cancer other than non-melanoma skin cancer."}]}]},"numberOfParticipants":{"participant":{"noLimit":false},"sample":{"noLimit":false}},"dataCollectionEvents":[{"id":"5648f5dc-2374-45b0-8326-4aef99d97196","name":[{"lang":"en","value":"Baseline Recruitment"}],"description":[{"lang":"en","value":"<p>Recruitment and sample collection is ongoing.<\/p>\r\n\r\n<p>From 2008: &nbsp;Develop&nbsp;and implement protocols to obtain biological samples and direct physical measures from as many participants as possible as part of CPT Project;&nbsp;increase number of participants to 50,000.&nbsp;<\/p>\r\n"}],"startYear":2000,"endYear":2014,"dataSources":["questionnaires","physical_measures","biological_samples","others"],"otherDataSources":[{"lang":"en","value":"Oragene saliva collection kit for participants who are unable\/ineligible to provide blood."}],"bioSamples":["blood","saliva","urine"]},{"id":"0fcb19f3-ecfe-4c6f-a067-fe276525d35e","name":[{"lang":"en","value":"Follow-up"}],"description":[{"lang":"en","value":"<p>Participants will be followed until 2064.&nbsp;<\/p>\r\n\r\n<p>2004-2005: Survey 2004 implemented, assessing feasibility of follow up for 1st phase participants;<\/p>\r\n\r\n<p><span>2008-2009: Survey 2008 i<\/span><span>mplemented, 2nd follow-up survey<\/span><\/p>\r\n"}],"startYear":2004,"endYear":2014,"dataSources":["questionnaires","physical_measures","biological_samples"],"bioSamples":["blood","urine","others"],"otherBioSamples":[{"lang":"en","value":"<p>Oragene saliva collection kit for participants who are unable\/ineligible to provide blood.<\/p>\r\n"}]},{"id":"f83d3af2-2f22-4a47-8e5d-dcedec9b6fff","name":[{"lang":"en","value":"Pilot Phase"}],"description":[{"lang":"en","value":"<p>2000-2003: 1st phase, assessing feasibility of recruiting and enrolling participants; setting up databases, establishing study protocols;<\/p>\r\n\r\n<p>2001-2002: Pilot phase to test feasibility of collecting and banking blood samples (samples from 769 participants banked)<\/p>\r\n"}],"startYear":2000,"endYear":2003,"dataSources":["questionnaires","biological_samples"],"bioSamples":["blood"]}]}]}