{"id":"dc2056e7-9e86-4ad3-8d13-2e3cfda2b2d3","name":[{"lang":"en","value":"Personality and Total Health (PATH) through life"}],"acronym":[{"lang":"en","value":"PATH"}],"investigators":[{"lastName":"Prof. Kaarin Anstey (ANU College of Medicine, Biology and Environment)","email":"kaarin.anstey@anu.edu.au","phone":"+61 2 6125 8410","dataAccessCommitteeMember":false,"institution":{"name":[{"lang":"en","value":"ANU College of Medicine, Biology and Environment"}],"department":[{"lang":"en","value":" Centre for Research on Ageing, Health and Wellbeing"}],"address":{"city":[{"lang":"en","value":"Canberra"}],"country":{"iso":"AU","name":[{"lang":"en","value":"Australia"}]}}}},{"lastName":"Prof. Peter Butterworth (ANU College of Medicine, Biology and Environment)","email":"peter.butterworth@anu.edu.au","phone":"+61 2 6125 8097","dataAccessCommitteeMember":false,"institution":{"name":[{"lang":"en","value":"ANU College of Medicine, Biology and Environment"}],"department":[{"lang":"en","value":"Centre for Research on Ageing, Health and Wellbeing"}],"address":{"city":[{"lang":"en","value":"Canberra"}],"country":{"iso":"AU","name":[{"lang":"en","value":"Australia"}]}}}},{"lastName":"Dr. Nicolas Cherbuin (ANU College of Medicine, Biology and Environment)","email":"nicolas.cherbuin@anu.edu.au","phone":"+61 2 6125 3858","dataAccessCommitteeMember":false,"institution":{"name":[{"lang":"en","value":"ANU College of Medicine, Biology and Environment"}],"department":[{"lang":"en","value":"Centre for Research on Ageing, Health and Wellbeing"}],"address":{"city":[{"lang":"en","value":"Canberra"}],"country":{"iso":"AU","name":[{"lang":"en","value":"Australia"}]}}}}],"contacts":[{"lastName":"Prof. Kaarin Anstey (ANU College of Medicine, Biology and Environment)","email":"kaarin.anstey@anu.edu.au","phone":"+61 2 6125 8410","dataAccessCommitteeMember":false,"institution":{"name":[{"lang":"en","value":"ANU College of Medicine, Biology and Environment"}],"department":[{"lang":"en","value":" Centre for Research on Ageing, Health and Wellbeing"}],"address":{"city":[{"lang":"en","value":"Canberra"}],"country":{"iso":"AU","name":[{"lang":"en","value":"Australia"}]}}}}],"objectives":[{"lang":"en","value":"<p>The Personality and Total Health (PATH) through life project is a large, on-going, population-based, longitudinal cohort study comprising approximately 7500 participants ranging from early to late adulthood.<\/p>\r\n\r\n<p><span>The original aims of the study were<\/span><\/p>\r\n\r\n<p>(a) to delineate the course of depression, anxiety, substance use and cognitive ability with increasing age across the adult life span;<\/p>\r\n\r\n<p>(b) to identify environmental and genetic risk factors influencing individual differences in the courses of these characteristics; and<\/p>\r\n\r\n<p>(c) to investigate inter-relationships over time between the three domains of depression and anxiety, substance use, and cognitive ability and dementia.<\/p>\r\n\r\n<p>The study aims to follow participants for 20 years, thus spanning the ages from 20 to 84 years.<\/p>\r\n\r\n<p>&nbsp;<\/p>\r\n\r\n<p>Magnetic Resonance Imaging substudy:<\/p>\r\n\r\n<p>The aim of the neuroimaging substudy is to study brain ageing in a non-clinical sample; the factors that predict accelerated brain atrophy, white matter hyperintensities and other neuropathology; and neural correlates of mental disorders, personality and cognitive function.<\/p>\r\n\r\n<p>&nbsp;<\/p>\r\n\r\n<p>Health and Memory substudy:<\/p>\r\n\r\n<p>This study aim to provide clinical diagnoses of dementia or pre-clinical dementia syndromes such as mild cognitive impairment (MCI) in participants who performed poorly on selected cognitive tests.<\/p>\r\n\r\n<p>&nbsp;<\/p>\r\n\r\n<p>Cardiovascular substudy:&nbsp;<\/p>\r\n\r\n<p>This study aim to investigate associations between more sensitive markers of cardiovascular function&nbsp;and cognition. This study may also identify cardiac biomarkers particularly predictive of cognitive decline and dementia.<\/p>\r\n\r\n<p>&nbsp;<\/p>\r\n"}],"website":"http:\/\/crahw.anu.edu.au\/research\/projects\/personality-total-health-path-through-life","specificAuthorization":{"authorized":true,"authorizer":"Kaarin Anstey","date":"2014-08-13T00:00:00-04:00"},"maelstromAuthorization":{"authorized":true,"authorizer":"Kaarin Anstey","date":"2014-08-13T00:00:00-04:00"},"methods":{"designs":["cohort_study"],"followUpInfo":[{"lang":"en","value":"<p>By the end of 2010, three waves of data were collected for all three cohorts with 4-year intervals between interviews. Each cohort was interviewed over one year starting with the cohort aged 20-24 years old.<\/p>\r\n"}],"recruitments":["individuals"]},"numberOfParticipants":{"participant":{"noLimit":false,"number":7485},"sample":{"noLimit":false}},"startYear":1999,"access":["data","biosamples","other"],"markerPaper":"Anstey KJ et al. (2011). Cohort profile: the PATH through life project. Int J Epidemiol. 2012 Aug;41(4):951-60. doi: 10.1093\/ije\/dyr025. Epub 2011 Feb 24.","pubmedId":"21349904","info":[{"lang":"en","value":"<p>Access to data is via collaboration on a joint publication\/manuscript,<\/p>\r\n"}],"populations":[{"id":"7895cd41-db6a-4b91-8c95-ecf7ef32d42d","name":[{"lang":"en","value":"PATH - 20+"}],"description":[{"lang":"en","value":"<p>At the start of the study, this cohort was aged 20-24 years (birth years 1975-79).<\/p>\r\n"}],"recruitment":{"dataSources":["general"],"generalPopulationSources":["selected_samples"],"info":[{"lang":"en","value":"<p>The sample was drawn from the electoral rolls of the three federal electorates that make up the Australian Capital Territory and the electorate containing Queanbeyan.<\/p>\r\n"}]},"selectionCriteria":{"ageMin":20,"ageMax":24,"countriesIso":["AUS"],"territory":[{"lang":"en","value":"<p>The project is being conducted in the Australian Capital Territory and the neighbouring town of Queanbeyan in the adjoining state of New South Wales.<\/p>\r\n"}]},"numberOfParticipants":{"participant":{"noLimit":false,"number":2404},"sample":{"noLimit":false},"info":[{"lang":"en","value":"<p>Wave 1: 2404 participants&nbsp;<\/p>\r\n\r\n<p>Wave 2: 2139 participants&nbsp;<\/p>\r\n\r\n<p>Wave 3: 1978 participants&nbsp;<\/p>\r\n"}]},"dataCollectionEvents":[{"id":"5f55408b-b327-4110-a852-84496067f4db","name":[{"lang":"en","value":"PATH - 20+ - Wave 1"}],"description":[{"lang":"en","value":"<p>Each cohort was interviewed over 1 year. A broad range of fixed and time-varying risk factors and moderators have been collected in the interviews. These include information on demographics, health, stressors, social aspects, physical measures, cognitive measures, self-reported mental health, psychological scales and self-reported general health.<\/p>\r\n\r\n<p>The participants were aged 20-24 years.<\/p>\r\n"}],"startYear":1999,"endYear":2000,"dataSources":["questionnaires","physical_measures"]},{"id":"b0a6b90c-ebae-432c-9b3f-6d398181fc1a","name":[{"lang":"en","value":"PATH - 20+ - Wave 2"}],"description":[{"lang":"en","value":"<p>Each cohort was interviewed over 1 year. A broad range of fixed and time-varying risk factors and moderators have been collected in the interviews. These include information on demographics, health, stressors, social aspects, physical measures, cognitive measures, self-reported mental health, psychological scales and self-reported general health.<\/p>\r\n\r\n<p>The participants were aged 24-28&nbsp;years.<\/p>\r\n"}],"startYear":2003,"endYear":2004,"dataSources":["questionnaires","physical_measures"]},{"id":"c311d12d-0ad1-4778-be78-d43099177640","name":[{"lang":"en","value":"PATH - 20+ - Wave 3"}],"description":[{"lang":"en","value":"<p>Each cohort was interviewed over 1 year. A broad range of fixed and time-varying risk factors and moderators have been collected in the interviews. These include information on demographics, health, stressors, social aspects, physical measures, cognitive measures, self-reported mental health, psychological scales and self-reported general health.<\/p>\r\n\r\n<p>The participants were aged 28-32&nbsp;years.<\/p>\r\n"}],"startYear":2007,"endYear":2008,"dataSources":["questionnaires","physical_measures"]}]},{"id":"a384d826-42c1-4c91-977e-125dc126355e","name":[{"lang":"en","value":"PATH - 40+"}],"description":[{"lang":"en","value":"<p>At the start of the study, this cohort was aged 40-44 years (birth years 1956-60).<\/p>\r\n"}],"recruitment":{"dataSources":["general"],"generalPopulationSources":["selected_samples"],"info":[{"lang":"en","value":"<p>The sample was drawn from the electoral rolls of the three federal electorates that make up the Australian Capital Territory and the electorate containing Queanbeyan.<\/p>\r\n"}]},"selectionCriteria":{"ageMin":40,"ageMax":44,"countriesIso":["AUS"],"territory":[{"lang":"en","value":"<p>The project is being conducted in the Australian Capital Territory and the neighbouring town of Queanbeyan in the adjoining state of New South Wales.<\/p>\r\n"}]},"numberOfParticipants":{"participant":{"noLimit":false,"number":2530},"sample":{"noLimit":false},"info":[{"lang":"en","value":"<p>Wave 1: 2530 participants<\/p>\r\n\r\n<p>Wave 2: 2354 participants<\/p>\r\n\r\n<p>Wave 3: 2182 participants<\/p>\r\n\r\n<p>Magnetic Resonance Imaging (MRI) substudy:<\/p>\r\n\r\n<p>Wave 2: 431 participants<\/p>\r\n\r\n<p>Cardiovascular substudy:<\/p>\r\n\r\n<p>Wave 3: 373 participants<\/p>\r\n"}]},"dataCollectionEvents":[{"id":"7d87c2e6-178e-46ea-8620-add5342ef2c3","name":[{"lang":"en","value":"PATH - 40+ - Wave 1"}],"description":[{"lang":"en","value":"<p>Each cohort was interviewed over 1 year. A broad range of fixed and time-varying risk factors and moderators have been collected in the interviews. These include information on demographics, health, stressors, social aspects, physical measures, cognitive measures, self-reported mental health, psychological scales and self-reported general health.<\/p>\r\n\r\n<p>The participants were aged 40-44 years.<\/p>\r\n"}],"startYear":2000,"endYear":2001,"dataSources":["questionnaires","physical_measures"]},{"id":"ae98859a-472b-459f-9b43-9c4de7f1267b","name":[{"lang":"en","value":"PATH - 40+ - Wave 2"}],"description":[{"lang":"en","value":"<p>Each cohort was interviewed over 1 year. A broad range of fixed and time-varying risk factors and moderators have been collected in the interviews. These include information on demographics, health, stressors, social aspects, physical measures, cognitive measures, self-reported mental health, psychological scales and self-reported general health.<\/p>\r\n\r\n<p>The participants were aged 44-48&nbsp;years.<\/p>\r\n\r\n<p>Magnetic Resonance Imaging (MRI) substudy: At wave 2, a subsample of the 40+ cohort received a brain MRI and blood tests.<\/p>\r\n"}],"startYear":2004,"endYear":2005,"dataSources":["questionnaires","physical_measures","biological_samples"],"bioSamples":["blood"]},{"id":"d0296b5f-a6c7-4a70-a8dd-e0b3db514225","name":[{"lang":"en","value":"PATH - 40+ - Wave 3"}],"description":[{"lang":"en","value":"<p>Each cohort was interviewed over 1 year. A broad range of fixed and time-varying risk factors and moderators have been collected in the interviews. These include information on demographics, health, stressors, social aspects, physical measures, cognitive measures, self-reported mental health, psychological scales and self-reported general health.<\/p>\r\n\r\n<p>The participants were aged 48-52&nbsp;years.<\/p>\r\n\r\n<p>Cardiovascular substudy: At wave 3, a subsample of the 40+ cohort had measures of arterial stiffness, left ventricular function and conventional blood pressure taken.<\/p>\r\n"}],"startYear":2008,"endYear":2009,"dataSources":["questionnaires","physical_measures"]}]},{"id":"62a34316-e37f-46a4-98ec-f54518938a8b","name":[{"lang":"en","value":"PATH - 60+"}],"description":[{"lang":"en","value":"<p>At the start of the study, this cohort was aged 60-64 years (birth years 1937-41).<\/p>\r\n"}],"recruitment":{"dataSources":["general"],"generalPopulationSources":["selected_samples"],"info":[{"lang":"en","value":"<p>The sample was drawn from the electoral rolls of the three federal electorates that make up the Australian Capital Territory and the electorate containing Queanbeyan.<\/p>\r\n"}]},"selectionCriteria":{"ageMin":60,"ageMax":64,"countriesIso":["AUS"],"territory":[{"lang":"en","value":"<p>The project is being conducted in the Australian Capital Territory and the neighbouring town of Queanbeyan in the adjoining state of New South Wales.<\/p>\r\n"}]},"numberOfParticipants":{"participant":{"noLimit":false,"number":2551},"sample":{"noLimit":false},"info":[{"lang":"en","value":"<p>Wave 1: 2551 participants<\/p>\r\n\r\n<p>Wave 2: 2222 participants<\/p>\r\n\r\n<p>Wave 3: 1973 participants<\/p>\r\n\r\n<p>Magnetic Resonance substudy:<\/p>\r\n\r\n<p>Wave 1: 544 participants<\/p>\r\n\r\n<p>Wave 2: 421 participants<\/p>\r\n\r\n<p>Wave 3: 321&nbsp;participants<\/p>\r\n\r\n<p>Health and Memory substudy:<\/p>\r\n\r\n<p>Wave 1: 117 participants<\/p>\r\n\r\n<p>Wave 2: 137 participants<\/p>\r\n\r\n<p>Wave 3: 165&nbsp;participants<\/p>\r\n"}]},"dataCollectionEvents":[{"id":"05f8475c-b461-4d07-b3b7-49763e252785","name":[{"lang":"en","value":"PATH - 60+ - Wave 1"}],"description":[{"lang":"en","value":"<p>Each cohort was interviewed over 1 year. A broad range of fixed and time-varying risk factors and moderators have been collected in the interviews. These include information on demographics, health, stressors, social aspects, physical measures, cognitive measures, self-reported mental health, psychological scales and self-reported general health.<\/p>\r\n\r\n<p>The participants were aged 60-64 years.<\/p>\r\n\r\n<p>Magnetic Resonance Imaging (MRI) substudy: At wave 1, a subsample of the 60+ cohort received a brain MRI and blood tests.<\/p>\r\n\r\n<p>Health and Memory substudy: Participants in the 60+ cohort who performed poorly on selected cognitive tests were asked to complete a detailed neurocognitive assessment and to undergo an MRI scan and blood test.<\/p>\r\n"}],"startYear":2001,"endYear":2002,"dataSources":["questionnaires","physical_measures","biological_samples"],"bioSamples":["blood"]},{"id":"bbcf293d-4c79-429a-974e-c0482f8ebf5f","name":[{"lang":"en","value":"PATH - 60+ - Wave 2"}],"description":[{"lang":"en","value":"<p>Each cohort was interviewed over 1 year. A broad range of fixed and time-varying risk factors and moderators have been collected in the interviews. These include information on demographics, health, stressors, social aspects, physical measures, cognitive measures, self-reported mental health, psychological scales and self-reported general health.<\/p>\r\n\r\n<p>The participants were aged 64-68&nbsp;years.<\/p>\r\n\r\n<p>Magnetic Resonance Imaging (MRI) substudy: At wave 2, the subsample of the 60+ cohort who received a brain MRI and blood tests at wave 1 was rescanned.<\/p>\r\n\r\n<p>Health and Memory substudy: Participants in the 60+ cohort who performed poorly on selected cognitive tests were asked to complete a detailed neurocognitive assessment and to undergo an MRI scan and blood test.<\/p>\r\n"}],"startYear":2005,"endYear":2006,"dataSources":["questionnaires","physical_measures","biological_samples"],"bioSamples":["blood"]},{"id":"75ca10de-ba5f-4959-aca2-013c2e6e7c7e","name":[{"lang":"en","value":"PATH - 60+ - Wave 3"}],"description":[{"lang":"en","value":"<p>Each cohort was interviewed over 1 year. A broad range of fixed and time-varying risk factors and moderators have been collected in the interviews. These include information on demographics, health, stressors, social aspects, physical measures, cognitive measures, self-reported mental health, psychological scales and self-reported general health.<\/p>\r\n\r\n<p>The participants were aged 68-72&nbsp;years.<\/p>\r\n\r\n<p>Magnetic Resonance Imaging (MRI) substudy: &nbsp;At wave 3, the subsample of the 60+ cohort who received a brain MRI and blood tests at wave 1 and 2 was rescanned.<\/p>\r\n\r\n<p>Health and Memory substudy: Participants in the 60+ cohort who performed poorly on selected cognitive tests were asked to complete a detailed neurocognitive assessment and to undergo an MRI scan and blood test.<\/p>\r\n"}],"startYear":2009,"endYear":2010,"dataSources":["questionnaires","physical_measures","biological_samples"],"bioSamples":["blood"]}]}]}