<variables>
  <variable name="age[year]" valueType="integer" entityType="Participant" unit="" mimeType="" referencedEntityType="" index="0">
    <attributes>
      <attribute name="Target" namespace="Mlstr_target" valueType="text">Participant</attribute>
      <attribute name="description/question" valueType="text">age of subject at testing</attribute>
      <attribute name="Sociodemographic_economic_characteristics" namespace="Mlstr_area" valueType="text">Age</attribute>
      <attribute name="Source" namespace="Mlstr_source" valueType="text">Questionnaire</attribute>
      <attribute name="label" valueType="text" locale="en">Demographic</attribute>
    </attributes>
  </variable>
  <variable name="BDATE_DY" valueType="integer" entityType="Participant" unit="" mimeType="" referencedEntityType="" index="0">
    <attributes>
      <attribute name="Target" namespace="Mlstr_target" valueType="text">Participant</attribute>
      <attribute name="description/question" valueType="text">birth day</attribute>
      <attribute name="Sociodemographic_economic_characteristics" namespace="Mlstr_area" valueType="text">Age</attribute>
      <attribute name="Source" namespace="Mlstr_source" valueType="text">Questionnaire</attribute>
      <attribute name="label" valueType="text" locale="en">Demographic</attribute>
    </attributes>
  </variable>
  <variable name="BDATE_MO" valueType="integer" entityType="Participant" unit="" mimeType="" referencedEntityType="" index="0">
    <attributes>
      <attribute name="Target" namespace="Mlstr_target" valueType="text">Participant</attribute>
      <attribute name="description/question" valueType="text">birth month</attribute>
      <attribute name="Sociodemographic_economic_characteristics" namespace="Mlstr_area" valueType="text">Age</attribute>
      <attribute name="Source" namespace="Mlstr_source" valueType="text">Questionnaire</attribute>
      <attribute name="label" valueType="text" locale="en">Demographic</attribute>
    </attributes>
  </variable>
  <variable name="BDATE_YR" valueType="integer" entityType="Participant" unit="" mimeType="" referencedEntityType="" index="0">
    <attributes>
      <attribute name="Target" namespace="Mlstr_target" valueType="text">Participant</attribute>
      <attribute name="description/question" valueType="text">birth Year</attribute>
      <attribute name="Sociodemographic_economic_characteristics" namespace="Mlstr_area" valueType="text">Age</attribute>
      <attribute name="Source" namespace="Mlstr_source" valueType="text">Questionnaire</attribute>
      <attribute name="label" valueType="text" locale="en">Demographic</attribute>
    </attributes>
  </variable>
  <variable name="educ" valueType="integer" entityType="Participant" unit="" mimeType="" referencedEntityType="" index="0">
    <attributes>
      <attribute name="Target" namespace="Mlstr_target" valueType="text">Participant</attribute>
      <attribute name="description/question" valueType="text">number of years of education</attribute>
      <attribute name="Sociodemographic_economic_characteristics" namespace="Mlstr_area" valueType="text">Education</attribute>
      <attribute name="Source" namespace="Mlstr_source" valueType="text">Questionnaire</attribute>
      <attribute name="label" valueType="text" locale="en">Demographic</attribute>
    </attributes>
  </variable>
  <variable name="eth[year]" valueType="integer" entityType="Participant" unit="" mimeType="" referencedEntityType="" index="0">
    <attributes>
      <attribute name="Target" namespace="Mlstr_target" valueType="text">Participant</attribute>
      <attribute name="description/question" valueType="text">ethnicity of subject</attribute>
      <attribute name="Sociodemographic_economic_characteristics" namespace="Mlstr_area" valueType="text">Ethnic_race_religion</attribute>
      <attribute name="Source" namespace="Mlstr_source" valueType="text">Questionnaire</attribute>
      <attribute name="label" valueType="text" locale="en">Demographic</attribute>
    </attributes>
  </variable>
  <variable name="fratt[year]" valueType="integer" entityType="Participant" unit="" mimeType="" referencedEntityType="" index="0">
    <attributes>
      <attribute name="Scale" valueType="text"> Schaie-Thurstone Adult Mental Abilities Test (figure rotation)</attribute>
      <attribute name="Target" namespace="Mlstr_target" valueType="text">Participant</attribute>
      <attribute name="Cognitive_psychological_measures" namespace="Mlstr_area" valueType="text">Cognitive_functioning</attribute>
      <attribute name="description/question" valueType="text">Figure Rotation: Number Attempted (STAMAT; Schaie, 1985)</attribute>
      <attribute name="Source" namespace="Mlstr_source" valueType="text">Other</attribute>
      <attribute name="label" valueType="text" locale="en">spatial abilities</attribute>
    </attributes>
  </variable>
  <variable name="frcr[year]" valueType="integer" entityType="Participant" unit="" mimeType="" referencedEntityType="" index="0">
    <attributes>
      <attribute name="Scale" valueType="text"> Schaie-Thurstone Adult Mental Abilities Test (figure rotation)</attribute>
      <attribute name="Target" namespace="Mlstr_target" valueType="text">Participant</attribute>
      <attribute name="Cognitive_psychological_measures" namespace="Mlstr_area" valueType="text">Cognitive_functioning</attribute>
      <attribute name="description/question" valueType="text">Figure Rotation: Number Correct (STAMAT; Schaie, 1985)</attribute>
      <attribute name="Source" namespace="Mlstr_source" valueType="text">Other</attribute>
      <attribute name="label" valueType="text" locale="en">spatial abilities</attribute>
    </attributes>
  </variable>
  <variable name="fromt[year]" valueType="integer" entityType="Participant" unit="" mimeType="" referencedEntityType="" index="0">
    <attributes>
      <attribute name="Scale" valueType="text"> Schaie-Thurstone Adult Mental Abilities Test (figure rotation)</attribute>
      <attribute name="Target" namespace="Mlstr_target" valueType="text">Participant</attribute>
      <attribute name="Cognitive_psychological_measures" namespace="Mlstr_area" valueType="text">Cognitive_functioning</attribute>
      <attribute name="description/question" valueType="text">Figure Rotation: Number Omitted (STAMAT; Schaie, 1985)</attribute>
      <attribute name="Source" namespace="Mlstr_source" valueType="text">Other</attribute>
      <attribute name="label" valueType="text" locale="en">spatial abilities</attribute>
    </attributes>
  </variable>
  <variable name="frwg[year]" valueType="integer" entityType="Participant" unit="" mimeType="" referencedEntityType="" index="0">
    <attributes>
      <attribute name="Scale" valueType="text"> Schaie-Thurstone Adult Mental Abilities Test (figure rotation)</attribute>
      <attribute name="Target" namespace="Mlstr_target" valueType="text">Participant</attribute>
      <attribute name="Cognitive_psychological_measures" namespace="Mlstr_area" valueType="text">Cognitive_functioning</attribute>
      <attribute name="description/question" valueType="text">Figure Rotation: Number Wrong (STAMAT; Schaie, 1985)</attribute>
      <attribute name="Source" namespace="Mlstr_source" valueType="text">Other</attribute>
      <attribute name="label" valueType="text" locale="en">spatial abilities</attribute>
    </attributes>
  </variable>
  <variable name="gdstot[year]" valueType="integer" entityType="Participant" unit="" mimeType="" referencedEntityType="" index="0">
    <attributes>
      <attribute name="Scale" valueType="text">Geriatric Depression Scale (GDS)</attribute>
      <attribute name="Target" namespace="Mlstr_target" valueType="text">Participant</attribute>
      <attribute name="Cognitive_psychological_measures" namespace="Mlstr_area" valueType="text">Psychological_emotional_distress</attribute>
      <attribute name="description/question" valueType="text">Geriatric depression score (range 0-30) (Yesavage, et. Al., 1983)</attribute>
      <attribute name="Source" namespace="Mlstr_source" valueType="text">Questionnaire</attribute>
      <attribute name="label" valueType="text" locale="en">Mental health</attribute>
    </attributes>
  </variable>
  <variable name="id" valueType="integer" entityType="Participant" unit="" mimeType="" referencedEntityType="" index="0">
    <attributes>
      <attribute name="Target" namespace="Mlstr_target" valueType="text">Participant</attribute>
      <attribute name="description/question" valueType="text">Subject number</attribute>
      <attribute name="Source" namespace="Mlstr_source" valueType="text">Questionnaire</attribute>
      <attribute name="label" valueType="text" locale="en">identifier</attribute>
      <attribute name="Administrative_information" namespace="Mlstr_area" valueType="text">Identifiers</attribute>
    </attributes>
  </variable>
  <variable name="ir[year]a1 - ir[year]a20" valueType="integer" entityType="Participant" unit="" mimeType="" referencedEntityType="" index="0">
    <attributes>
      <attribute name="Scale" valueType="text">Word list recall test</attribute>
      <attribute name="Target" namespace="Mlstr_target" valueType="text">Participant</attribute>
      <attribute name="Cognitive_psychological_measures" namespace="Mlstr_area" valueType="text">Cognitive_functioning</attribute>
      <attribute name="description/question" valueType="text">immediate recall item for 1st list</attribute>
      <attribute name="Source" namespace="Mlstr_source" valueType="text">Other</attribute>
      <attribute name="label" valueType="text" locale="en">episodic memory</attribute>
    </attributes>
    <categories>
      <category name="0">
        <attributes>
          <attribute name="label" valueType="text" locale="en">incorrect</attribute>
        </attributes>
      </category>
      <category name="1">
        <attributes>
          <attribute name="label" valueType="text" locale="en">correct</attribute>
        </attributes>
      </category>
    </categories>
  </variable>
  <variable name="ir[year]b1 - ir[year]b20" valueType="integer" entityType="Participant" unit="" mimeType="" referencedEntityType="" index="0">
    <attributes>
      <attribute name="Scale" valueType="text">Word list recall test</attribute>
      <attribute name="Target" namespace="Mlstr_target" valueType="text">Participant</attribute>
      <attribute name="Cognitive_psychological_measures" namespace="Mlstr_area" valueType="text">Cognitive_functioning</attribute>
      <attribute name="description/question" valueType="text">immediate recall item for 2nd list</attribute>
      <attribute name="Source" namespace="Mlstr_source" valueType="text">Other</attribute>
      <attribute name="label" valueType="text" locale="en">episodic memory</attribute>
    </attributes>
    <categories>
      <category name="0">
        <attributes>
          <attribute name="label" valueType="text" locale="en">incorrect</attribute>
        </attributes>
      </category>
      <category name="1">
        <attributes>
          <attribute name="label" valueType="text" locale="en">correct</attribute>
        </attributes>
      </category>
    </categories>
  </variable>
  <variable name="nfr[year]" valueType="integer" entityType="Participant" unit="" mimeType="" referencedEntityType="" index="0">
    <attributes>
      <attribute name="Scale" valueType="text"> Schaie-Thurstone Adult Mental Abilities Test (figure rotation)</attribute>
      <attribute name="Target" namespace="Mlstr_target" valueType="text">Participant</attribute>
      <attribute name="Cognitive_psychological_measures" namespace="Mlstr_area" valueType="text">Cognitive_functioning</attribute>
      <attribute name="description/question" valueType="text">Figure Rotation Score (STAMAT; Schaie, 1985)</attribute>
      <attribute name="Source" namespace="Mlstr_source" valueType="text">Other</attribute>
      <attribute name="label" valueType="text" locale="en">spatial abilities</attribute>
    </attributes>
  </variable>
  <variable name="nor[year]" valueType="integer" entityType="Participant" unit="" mimeType="" referencedEntityType="" index="0">
    <attributes>
      <attribute name="Scale" valueType="text"> Schaie-Thurstone Adult Mental Abilities Test (object rotation)</attribute>
      <attribute name="Target" namespace="Mlstr_target" valueType="text">Participant</attribute>
      <attribute name="Cognitive_psychological_measures" namespace="Mlstr_area" valueType="text">Cognitive_functioning</attribute>
      <attribute name="description/question" valueType="text">Object Rotation Score (STAMAT; Schaie, 1985)</attribute>
      <attribute name="Source" namespace="Mlstr_source" valueType="text">Other</attribute>
      <attribute name="label" valueType="text" locale="en">spatial abilities</attribute>
    </attributes>
  </variable>
  <variable name="norcr[year]" valueType="integer" entityType="Participant" unit="" mimeType="" referencedEntityType="" index="0">
    <attributes>
      <attribute name="Scale" valueType="text"> Schaie-Thurstone Adult Mental Abilities Test (object rotation)</attribute>
      <attribute name="Target" namespace="Mlstr_target" valueType="text">Participant</attribute>
      <attribute name="Cognitive_psychological_measures" namespace="Mlstr_area" valueType="text">Cognitive_functioning</attribute>
      <attribute name="description/question" valueType="text">Object Rotation: Number Correct (STAMAT; Schaie, 1985)</attribute>
      <attribute name="Source" namespace="Mlstr_source" valueType="text">Other</attribute>
      <attribute name="label" valueType="text" locale="en">spatial abilities</attribute>
    </attributes>
  </variable>
  <variable name="nsp08" valueType="integer" entityType="Participant" unit="" mimeType="" referencedEntityType="" index="0">
    <attributes>
      <attribute name="Scale" valueType="text"> Schaie-Thurstone Adult Mental Abilities Test</attribute>
      <attribute name="Target" namespace="Mlstr_target" valueType="text">Participant</attribute>
      <attribute name="Cognitive_psychological_measures" namespace="Mlstr_area" valueType="text">Cognitive_functioning</attribute>
      <attribute name="description/question" valueType="text">STAMAT Spatial Ability Score: (STAMAT; Schaie, 1985)</attribute>
      <attribute name="Source" namespace="Mlstr_source" valueType="text">Other</attribute>
      <attribute name="label" valueType="text" locale="en">spatial abilities</attribute>
    </attributes>
  </variable>
  <variable name="oratt[year]" valueType="integer" entityType="Participant" unit="" mimeType="" referencedEntityType="" index="0">
    <attributes>
      <attribute name="Scale" valueType="text"> Schaie-Thurstone Adult Mental Abilities Test (object rotation)</attribute>
      <attribute name="Target" namespace="Mlstr_target" valueType="text">Participant</attribute>
      <attribute name="Cognitive_psychological_measures" namespace="Mlstr_area" valueType="text">Cognitive_functioning</attribute>
      <attribute name="description/question" valueType="text">Object Rotation: Number Attempted (STAMAT; Schaie, 1985)</attribute>
      <attribute name="Source" namespace="Mlstr_source" valueType="text">Other</attribute>
      <attribute name="label" valueType="text" locale="en">spatial abilities</attribute>
    </attributes>
  </variable>
  <variable name="oromt[year]" valueType="integer" entityType="Participant" unit="" mimeType="" referencedEntityType="" index="0">
    <attributes>
      <attribute name="Scale" valueType="text"> Schaie-Thurstone Adult Mental Abilities Test (object rotation)</attribute>
      <attribute name="Target" namespace="Mlstr_target" valueType="text">Participant</attribute>
      <attribute name="Cognitive_psychological_measures" namespace="Mlstr_area" valueType="text">Cognitive_functioning</attribute>
      <attribute name="description/question" valueType="text">Object Rotation: Number Omitted (STAMAT; Schaie, 1985)</attribute>
      <attribute name="Source" namespace="Mlstr_source" valueType="text">Other</attribute>
      <attribute name="label" valueType="text" locale="en">spatial abilities</attribute>
    </attributes>
  </variable>
  <variable name="orwg[year]" valueType="integer" entityType="Participant" unit="" mimeType="" referencedEntityType="" index="0">
    <attributes>
      <attribute name="Scale" valueType="text"> Schaie-Thurstone Adult Mental Abilities Test (object rotation)</attribute>
      <attribute name="Target" namespace="Mlstr_target" valueType="text">Participant</attribute>
      <attribute name="Cognitive_psychological_measures" namespace="Mlstr_area" valueType="text">Cognitive_functioning</attribute>
      <attribute name="description/question" valueType="text">Object Rotation: Number Wrong (STAMAT; Schaie, 1985)</attribute>
      <attribute name="Source" namespace="Mlstr_source" valueType="text">Other</attribute>
      <attribute name="label" valueType="text" locale="en">spatial abilities</attribute>
    </attributes>
  </variable>
  <variable name="pirr1[year]" valueType="integer" entityType="Participant" unit="" mimeType="" referencedEntityType="" index="0">
    <attributes>
      <attribute name="Scale" valueType="text">Word list recall test</attribute>
      <attribute name="Target" namespace="Mlstr_target" valueType="text">Participant</attribute>
      <attribute name="Cognitive_psychological_measures" namespace="Mlstr_area" valueType="text">Cognitive_functioning</attribute>
      <attribute name="description/question" valueType="text">immediate recall list 1</attribute>
      <attribute name="Source" namespace="Mlstr_source" valueType="text">Other</attribute>
      <attribute name="label" valueType="text" locale="en">episodic memory</attribute>
    </attributes>
  </variable>
  <variable name="pirr2[year]" valueType="integer" entityType="Participant" unit="" mimeType="" referencedEntityType="" index="0">
    <attributes>
      <attribute name="Scale" valueType="text">Word list recall test</attribute>
      <attribute name="Target" namespace="Mlstr_target" valueType="text">Participant</attribute>
      <attribute name="Cognitive_psychological_measures" namespace="Mlstr_area" valueType="text">Cognitive_functioning</attribute>
      <attribute name="description/question" valueType="text">immediate recall list 2</attribute>
      <attribute name="Source" namespace="Mlstr_source" valueType="text">Other</attribute>
      <attribute name="label" valueType="text" locale="en">episodic memory</attribute>
    </attributes>
  </variable>
  <variable name="sex" valueType="integer" entityType="Participant" unit="" mimeType="" referencedEntityType="" index="0">
    <attributes>
      <attribute name="Target" namespace="Mlstr_target" valueType="text">Participant</attribute>
      <attribute name="description/question" valueType="text">sex of subject</attribute>
      <attribute name="Sociodemographic_economic_characteristics" namespace="Mlstr_area" valueType="text">Sex</attribute>
      <attribute name="Source" namespace="Mlstr_source" valueType="text">Questionnaire</attribute>
      <attribute name="label" valueType="text" locale="en">Demographic</attribute>
    </attributes>
    <categories>
      <category name="0">
        <attributes>
          <attribute name="label" valueType="text" locale="en">f</attribute>
        </attributes>
      </category>
      <category name="1">
        <attributes>
          <attribute name="label" valueType="text" locale="en">m</attribute>
        </attributes>
      </category>
    </categories>
  </variable>
  <variable name="srh[year]" valueType="integer" entityType="Participant" unit="" mimeType="" referencedEntityType="" index="0">
    <attributes>
      <attribute name="Target" namespace="Mlstr_target" valueType="text">Participant</attribute>
      <attribute name="Health_status_functional_limitations" namespace="Mlstr_area" valueType="text">Perc_health</attribute>
      <attribute name="description/question" valueType="text">self-reported health</attribute>
      <attribute name="Source" namespace="Mlstr_source" valueType="text">Questionnaire</attribute>
      <attribute name="label" valueType="text" locale="en">Health</attribute>
    </attributes>
    <categories>
      <category name="1">
        <attributes>
          <attribute name="label" valueType="text" locale="en">very good</attribute>
        </attributes>
      </category>
      <category name="2">
        <attributes>
          <attribute name="label" valueType="text" locale="en">good</attribute>
        </attributes>
      </category>
      <category name="3">
        <attributes>
          <attribute name="label" valueType="text" locale="en">moderately good</attribute>
        </attributes>
      </category>
      <category name="4">
        <attributes>
          <attribute name="label" valueType="text" locale="en">moderately poor</attribute>
        </attributes>
      </category>
      <category name="5">
        <attributes>
          <attribute name="label" valueType="text" locale="en">poor</attribute>
        </attributes>
      </category>
      <category name="6">
        <attributes>
          <attribute name="label" valueType="text" locale="en">very poor</attribute>
        </attributes>
      </category>
    </categories>
  </variable>
</variables>