{"id":"94b9e8bc-988b-4096-a9aa-3e11026391e2","name":[{"lang":"en","value":"Cooperative Health Research in South Tyrol Study"}],"acronym":[{"lang":"en","value":"CHRIS"}],"logo":{"id":"9d402c29-9109-4574-b47f-17c0fa821864","fileName":"Logo_CHRIS.jpg","type":"logo","description":[{"lang":"en"}],"lang":"en","justUploaded":true},"investigators":[{"lastName":"Prof. Peter P. Pramstaller (Center for Biomedicine)","email":"peter.pramstaller@eurac.edu","phone":"+39 0471 055 501","dataAccessCommitteeMember":false,"institution":{"name":[{"lang":"en","value":"Center for Biomedicine"}],"address":{"country":{"iso":"IT","name":[{"lang":"en","value":"Italy"}]}}}}],"contacts":[{"lastName":"Dr. Cristian Pattaro (EURAC research)","email":"cristian.pattaro@eurac.edu","phone":"+39 0471 055 527","dataAccessCommitteeMember":false,"institution":{"name":[{"lang":"en","value":"EURAC research"}],"address":{"street":[{"lang":"en","value":"Viale Druso 1"}],"city":[{"lang":"en","value":"Bolzano"}],"zip":"39100","state":"Italy"}}}],"objectives":[{"lang":"en","value":"The main objective of CHRIS is to identify genetic and environmental effects on a number of common chronic diseases and relevant intermediate phenotypes. The final aim is to provide a long-term platform for population-based research in South Tyrol."}],"website":"http:\/\/www.eurac.edu\/en\/research\/institutes\/centerofbiomedicine\/CHRISstudy\/defau...","specificAuthorization":{"authorized":false,"date":"1969-12-31T19:00:00-05:00"},"maelstromAuthorization":{"authorized":true,"authorizer":"Peter Pramstaller","date":"2013-10-21T00:00:00-04:00"},"methods":{"designs":["cohort_study"],"followUpInfo":[{"lang":"en","value":"<p>5-year follow-up of all participants is foreseen<\/p>\r\n"}],"recruitments":["individuals"],"info":[{"lang":"en","value":"<p>The study is focused on individual participation. However, since the whole 18+ year old population is invited, the study is collecting participation of entire families<\/p>\r\n"}]},"numberOfParticipants":{"participant":{"noLimit":false,"number":10000},"sample":{"noLimit":false,"number":10000}},"startYear":2011,"endYear":2021,"access":["data","biosamples"],"info":[{"lang":"en","value":"<p>The CHRIS study is a joint project of EURAC\u2019s Center for Biomedicine and the South Tyrolean Healthcare System. The study is financed by the Autonomous Province of Bolzano-South Tyrol.<\/p>\r\n"}],"populations":[{"id":"f4f17a74-15bc-403b-8418-b6aae299e980","name":[{"lang":"en","value":"Vingshau population"}],"description":[{"lang":"en","value":"<p>CHRIS participants are healthy people living in Vingshau\/Val Venosta, South Tyrol, Italy<\/p>\r\n"}],"recruitment":{"dataSources":["general"],"generalPopulationSources":["volunteer"]},"selectionCriteria":{"ageMin":18,"countriesIso":["ITA"],"territory":[{"lang":"en","value":"<p>Vinschgau, South Tyol<\/p>\r\n"}]},"numberOfParticipants":{"participant":{"noLimit":false,"number":10000},"sample":{"noLimit":false,"number":10000}},"dataCollectionEvents":[{"id":"cd422f7a-566f-4201-8f03-cff26a866d57","name":[{"lang":"en","value":"Baseline recrutment\/ Initial data collection"}],"description":[{"lang":"en","value":"<p>Standardized questionnaires are interviewer-administered or self-administered to the participants. Clinical measurements, blood and urine samples are collected.<\/p>\r\n"}],"startYear":2011,"endYear":2016,"dataSources":["questionnaires","physical_measures","biological_samples","others"],"otherDataSources":[{"lang":"en","value":"Genealogical records"}],"bioSamples":["blood","urine"]},{"id":"b770aa12-c5a3-4c69-a24d-2418b01d9832","name":[{"lang":"en","value":"Follow-up of participants"}],"description":[{"lang":"en","value":"<p>Follow-up of participants.<\/p>\r\n"}],"startYear":2016,"endYear":2021,"dataSources":["questionnaires","physical_measures","biological_samples","others"],"otherDataSources":[{"lang":"en","value":"Genealogical records"}],"bioSamples":["blood","urine"]}]}]}