{"id":"072b8428-db96-43cf-a1f5-7f6452b2a44c","name":[{"lang":"en","value":"Canberra Longitudinal Study (CLS)"}],"acronym":[{"lang":"en","value":"CLS"}],"investigators":[{"lastName":"Helen Christensen (Centre for Mental Health Research, Australian National University)","dataAccessCommitteeMember":false,"institution":{"name":[{"lang":"en","value":"Centre for Mental Health Research, Australian National University"}],"address":[]}},{"lastName":"Andrew MacKinnon (Centre for Mental Health Research, Australian National University)","dataAccessCommitteeMember":false,"institution":{"name":[{"lang":"en","value":"Centre for Mental Health Research, Australian National University"}],"address":[]}},{"lastName":"Scott Henderson (Centre for Mental Health Research, Australian National University)","dataAccessCommitteeMember":false,"institution":{"name":[{"lang":"en","value":"Centre for Mental Health Research, Australian National University"}],"address":[]}},{"lastName":"Anthony Jorm (Centre for Mental Health Research, Australian National University)","dataAccessCommitteeMember":false,"institution":{"name":[{"lang":"en","value":"Centre for Mental Health Research, Australian National University"}],"address":[]}},{"lastName":"Ailsa Korten (Centre for Mental Health Research, Australian National University)","dataAccessCommitteeMember":false,"institution":{"name":[{"lang":"en","value":"Centre for Mental Health Research, Australian National University"}],"address":[]}},{"lastName":"Ruth Scott (Centre for Mental Health Research, Australian National University)","dataAccessCommitteeMember":false,"institution":{"name":[{"lang":"en","value":"Centre for Mental Health Research, Australian National University"}],"address":[]}},{"lastName":"Colleen Doyle (Centre for Mental Health Research, Australian National University)","dataAccessCommitteeMember":false,"institution":{"name":[{"lang":"en","value":"Centre for Mental Health Research, Australian National University"}],"address":[]}}],"contacts":[{"lastName":"Phil Batterham (Centre for Mental Health Research, Australian National University)","email":"philip.batterham@anu.edu.au","dataAccessCommitteeMember":false,"institution":{"name":[{"lang":"en","value":"Centre for Mental Health Research, Australian National University"}],"address":[]}}],"objectives":[{"lang":"en","value":"<p>The Canberra Longitudinal Study is a large epidemiological survey of mental health and cognitive functioning in a community based sample living in or near Canberra, Australia.&nbsp;<span>The study aimed to investigate the epidemiology of cognitive decline, dementia and depressive disorders\/symptoms over time and to identify factors influencing the course of cogni<\/span><span>tive decline and depression.<\/span><\/p>\r\n"}],"website":"http:\/\/cmhr.anu.edu.au\/research\/projects\/canberra-longitudinal-study","specificAuthorization":{"authorized":false,"date":"1969-12-31T19:00:00-05:00"},"maelstromAuthorization":{"authorized":true,"authorizer":"Dr Phil Batterham","date":"2014-04-04T00:00:00-04:00"},"methods":{"designs":["cohort_study"],"followUpInfo":[{"lang":"en","value":"<p>The study commenced in 1990, with subsequent waves in 1994, 1998 and 2002.<\/p>\r\n"}],"recruitments":["individuals"]},"numberOfParticipants":{"participant":{"noLimit":false,"number":1045},"sample":{"noLimit":false,"number":0}},"startYear":1990,"endYear":2002,"markerPaper":"Christensen, H., Mackinnon, A., Jorm, A. F., et al., (2004). The Canberra Longitudinal Study: Design, aims, methodology, outcomes, and recent empirical investigations. Aging, Neuropsychology, and Cognition, 11, 169\u2011195.","populations":[{"id":"d69724e9-b26c-4c6f-bf3b-3206851858ee","name":[{"lang":"en","value":"CLS Community sample"}],"description":[{"lang":"en","value":"<p>CLS population consist of people aged 70 and over,&nbsp;living in the community and residential care facilities of&nbsp;the Canberra\/Queanbeyan region in 1990.<\/p>\r\n"}],"recruitment":{"dataSources":["general"],"generalPopulationSources":["selected_samples"],"info":[{"lang":"en","value":"<p>Participants were randomly selected from the Canberra and Queanbeyan electoral rolls.<\/p>\r\n"}]},"selectionCriteria":{"ageMin":70,"countriesIso":["AUS"],"territory":[{"lang":"en","value":"<p>Canberra\/Queanbeyan region<\/p>\r\n"}]},"numberOfParticipants":{"participant":{"noLimit":false,"number":896},"sample":{"noLimit":false}},"dataCollectionEvents":[{"id":"124d90bb-ec38-4406-a9e6-072c9b1b209e","name":[{"lang":"en","value":"CLS wave 1"}],"description":[{"lang":"en","value":"<p>Baseline assessments comprised of The Canberra Interview for the Elderly (CIE)&nbsp;<span>which records diagnoses of dementia and contains the MMSE, National Adult Reading Test (a test of crystallised intelligence that relies on the reading of words that are not pronounced phonetically), Symbol-Letter Modalities Test (a measure of cognitive speed), Episodic Memory Test (four short memory tasks) and the Informant q<\/span><span>uestionnaire on Cognitive Decline.<\/span><\/p>\r\n"}],"startYear":1990,"startMonth":7,"endYear":1990,"endMonth":9,"dataSources":["questionnaires","physical_measures"],"attachments":[{"id":"58331688-082d-4823-9a89-755f7ed49ac7","fileName":"Wave 1 informant interview.pdf","type":"questionnaire","description":[{"lang":"en","value":""}],"lang":"en","justUploaded":true},{"id":"d9b4ff42-7e12-4a05-b118-6c294848010b","fileName":"Wave 1 informant self-completion.pdf","type":"questionnaire","description":[{"lang":"en","value":""}],"lang":"en","justUploaded":true},{"id":"9e4aa3ce-6dff-4a40-8fbd-542cb72a7b04","fileName":"Wave 1 subject interview.pdf","type":"questionnaire","description":[{"lang":"en","value":""}],"lang":"en","justUploaded":true},{"id":"472791d8-3236-4846-9aea-6b769cd811f6","fileName":"Wave 1 subject self-completion.pdf","type":"questionnaire","description":[{"lang":"en","value":""}],"lang":"en","justUploaded":true}]},{"id":"a9b76cc8-8079-4b48-b1af-5290b6ec52b3","name":[{"lang":"en","value":"CLS wave 2"}],"description":[{"lang":"en","value":"<p>First follow-up of participants. Same methods as the baseline assessments.<\/p>\r\n"}],"startYear":1994,"startMonth":6,"endYear":1995,"endMonth":1,"dataSources":["questionnaires","physical_measures"],"attachments":[{"id":"8ac7297d-0ba4-4bcb-a0b2-3300e975431b","fileName":"Wave 2 informant interview.pdf","type":"questionnaire","description":[{"lang":"en","value":""}],"lang":"en","justUploaded":true},{"id":"94b13b7d-a67a-4df4-b0fc-7c38b902a8a1","fileName":"Wave 2 informant of deceased interview.pdf","type":"questionnaire","description":[{"lang":"en","value":""}],"lang":"en","justUploaded":true},{"id":"005da92f-39de-4b69-b75e-93ebf736e967","fileName":"Wave 2 informant self-completion.pdf","type":"questionnaire","description":[{"lang":"en","value":""}],"lang":"en","justUploaded":true},{"id":"d9776533-3258-4ce0-be1c-8ed6df78cc94","fileName":"Wave 2 subject interview.pdf","type":"questionnaire","description":[{"lang":"en","value":""}],"lang":"en","justUploaded":true},{"id":"2020d921-171c-4ddb-9496-5f0964b674ea","fileName":"Wave 2 subject self-completion.pdf","type":"questionnaire","description":[{"lang":"en","value":""}],"lang":"en","justUploaded":true}]},{"id":"c5426c96-67a0-400f-a5ea-ad756af8655a","name":[{"lang":"en","value":"CLS wave 3"}],"description":[{"lang":"en","value":"<p>Second follow-up of participants. Same methods as the baseline assessments.<\/p>\r\n"}],"startYear":1998,"startMonth":7,"endYear":1998,"endMonth":12,"dataSources":["questionnaires","physical_measures"],"attachments":[{"id":"5cecc7be-f4f0-46bc-9e06-d9f58568d487","fileName":"Wave 3 informant interview.pdf","type":"questionnaire","description":[{"lang":"en","value":""}],"lang":"en","justUploaded":true},{"id":"c1a88dab-534a-4147-a704-a0b173d3fd9d","fileName":"Wave 3 subject interview.pdf","type":"questionnaire","description":[{"lang":"en","value":""}],"lang":"en","justUploaded":true}]},{"id":"89804a68-4ef5-43aa-bf87-65aa7e1b824d","name":[{"lang":"en","value":"CLS wave 4"}],"description":[{"lang":"en","value":"<p>Third follow-up of participants. Same methods as the baseline assessments.<\/p>\r\n"}],"startYear":2002,"endYear":2002,"dataSources":["questionnaires","physical_measures"],"attachments":[{"id":"34356722-6cff-4010-98b5-a3219ec88abc","fileName":"Wave 4 informant interview.pdf","type":"questionnaire","description":[{"lang":"en","value":""}],"lang":"en","justUploaded":true},{"id":"60c2de69-a60c-4f7b-8216-70dd7997b374","fileName":"Wave 4 subject interview.pdf","type":"questionnaire","description":[{"lang":"en","value":""}],"lang":"en","justUploaded":true}]}]},{"id":"2517bc38-1a19-46c4-99f5-49cd2332b3d6","name":[{"lang":"en","value":"CLS nursing homes' sample"}],"description":[{"lang":"en","value":"<p>The sample consist of&nbsp;Individuals living in nursing homes and oversampled individuals aged 90 years of age and over.<\/p>\r\n"}],"recruitment":{"dataSources":["specific_population"],"specificPopulationSources":["other"],"otherSpecificPopulationSource":[{"lang":"en","value":"<p>Living in nursing homes<\/p>\r\n"}]},"selectionCriteria":{"ageMin":70,"countriesIso":["AUS"],"territory":[{"lang":"en","value":"<p>Canberra\/Queanbeyan region<\/p>\r\n"}]},"numberOfParticipants":{"participant":{"noLimit":false,"number":100},"sample":{"noLimit":false}},"dataCollectionEvents":[{"id":"124d90bb-ec38-4406-a9e6-072c9b1b209e","name":[{"lang":"en","value":"CLS wave 1"}],"description":[{"lang":"en","value":"<p>Baseline assessments comprised of The Canberra Interview for the Elderly (CIE)&nbsp;<span>which records diagnoses of dementia and contains the MMSE, National Adult Reading Test (a test of crystallised intelligence that relies on the reading of words that are not pronounced phonetically), Symbol-Letter Modalities Test (a measure of cognitive speed), Episodic Memory Test (four short memory tasks) and the Informant q<\/span><span>uestionnaire on Cognitive Decline.<\/span><\/p>\r\n"}],"startYear":1990,"startMonth":7,"endYear":1990,"endMonth":9,"dataSources":["questionnaires","physical_measures"],"attachments":[{"id":"58331688-082d-4823-9a89-755f7ed49ac7","fileName":"Wave 1 informant interview.pdf","type":"questionnaire","description":[{"lang":"en","value":""}],"lang":"en","justUploaded":true},{"id":"d9b4ff42-7e12-4a05-b118-6c294848010b","fileName":"Wave 1 informant self-completion.pdf","type":"questionnaire","description":[{"lang":"en","value":""}],"lang":"en","justUploaded":true},{"id":"9e4aa3ce-6dff-4a40-8fbd-542cb72a7b04","fileName":"Wave 1 subject interview.pdf","type":"questionnaire","description":[{"lang":"en","value":""}],"lang":"en","justUploaded":true},{"id":"472791d8-3236-4846-9aea-6b769cd811f6","fileName":"Wave 1 subject self-completion.pdf","type":"questionnaire","description":[{"lang":"en","value":""}],"lang":"en","justUploaded":true}]},{"id":"a9b76cc8-8079-4b48-b1af-5290b6ec52b3","name":[{"lang":"en","value":"CLS wave 2"}],"description":[{"lang":"en","value":"<p>First follow-up of participants. Same methods as the baseline assessments.<\/p>\r\n"}],"startYear":1994,"startMonth":6,"endYear":1995,"endMonth":1,"dataSources":["questionnaires","physical_measures"],"attachments":[{"id":"8ac7297d-0ba4-4bcb-a0b2-3300e975431b","fileName":"Wave 2 informant interview.pdf","type":"questionnaire","description":[{"lang":"en","value":""}],"lang":"en","justUploaded":true},{"id":"94b13b7d-a67a-4df4-b0fc-7c38b902a8a1","fileName":"Wave 2 informant of deceased interview.pdf","type":"questionnaire","description":[{"lang":"en","value":""}],"lang":"en","justUploaded":true},{"id":"005da92f-39de-4b69-b75e-93ebf736e967","fileName":"Wave 2 informant self-completion.pdf","type":"questionnaire","description":[{"lang":"en","value":""}],"lang":"en","justUploaded":true},{"id":"d9776533-3258-4ce0-be1c-8ed6df78cc94","fileName":"Wave 2 subject interview.pdf","type":"questionnaire","description":[{"lang":"en","value":""}],"lang":"en","justUploaded":true},{"id":"2020d921-171c-4ddb-9496-5f0964b674ea","fileName":"Wave 2 subject self-completion.pdf","type":"questionnaire","description":[{"lang":"en","value":""}],"lang":"en","justUploaded":true}]},{"id":"c5426c96-67a0-400f-a5ea-ad756af8655a","name":[{"lang":"en","value":"CLS wave 3"}],"description":[{"lang":"en","value":"<p>Second follow-up of participants. Same methods as the baseline assessments.<\/p>\r\n"}],"startYear":1998,"startMonth":7,"endYear":1998,"endMonth":12,"dataSources":["questionnaires","physical_measures"],"attachments":[{"id":"5cecc7be-f4f0-46bc-9e06-d9f58568d487","fileName":"Wave 3 informant interview.pdf","type":"questionnaire","description":[{"lang":"en","value":""}],"lang":"en","justUploaded":true},{"id":"c1a88dab-534a-4147-a704-a0b173d3fd9d","fileName":"Wave 3 subject interview.pdf","type":"questionnaire","description":[{"lang":"en","value":""}],"lang":"en","justUploaded":true}]},{"id":"89804a68-4ef5-43aa-bf87-65aa7e1b824d","name":[{"lang":"en","value":"CLS wave 4"}],"description":[{"lang":"en","value":"<p>Third follow-up of participants. Same methods as the baseline assessments.<\/p>\r\n"}],"startYear":2002,"endYear":2002,"dataSources":["questionnaires","physical_measures"],"attachments":[{"id":"34356722-6cff-4010-98b5-a3219ec88abc","fileName":"Wave 4 informant interview.pdf","type":"questionnaire","description":[{"lang":"en","value":""}],"lang":"en","justUploaded":true},{"id":"60c2de69-a60c-4f7b-8216-70dd7997b374","fileName":"Wave 4 subject interview.pdf","type":"questionnaire","description":[{"lang":"en","value":""}],"lang":"en","justUploaded":true}]}]}]}