<variables>
  <variable name="K555" valueType="integer" entityType="Participant" unit="" mimeType="" referencedEntityType="" index="0">
    <attributes>
      <attribute name="Target" namespace="Mlstr_target" valueType="text">Participant</attribute>
      <attribute name="Cognitive_psychological_measures" namespace="Mlstr_area" valueType="text">Cognitive_functioning</attribute>
      <attribute name="Source" namespace="Mlstr_source" valueType="text">Cognitive measure</attribute>
      <attribute name="label" valueType="text" locale="en">7 min screen (clock drawing)</attribute>
      <attribute name="Psychological scale" valueType="text">7 minute screen test (7MS) (clock drawing)</attribute>
    </attributes>
  </variable>
  <variable name="K556s" valueType="integer" entityType="Participant" unit="" mimeType="" referencedEntityType="" index="0">
    <attributes>
      <attribute name="Target" namespace="Mlstr_target" valueType="text">Participant</attribute>
      <attribute name="Cognitive_psychological_measures" namespace="Mlstr_area" valueType="text">Cognitive_functioning</attribute>
      <attribute name="Source" namespace="Mlstr_source" valueType="text">Cognitive measure</attribute>
      <attribute name="label" valueType="text" locale="en">7 min screen (enhanced cued recall spontaneous)</attribute>
      <attribute name="Psychological scale" valueType="text">7 minute screen test (7MS) (enhanced cued recall spontaneous)</attribute>
    </attributes>
  </variable>
  <variable name="K556" valueType="integer" entityType="Participant" unit="" mimeType="" referencedEntityType="" index="0">
    <attributes>
      <attribute name="Target" namespace="Mlstr_target" valueType="text">Participant</attribute>
      <attribute name="Cognitive_psychological_measures" namespace="Mlstr_area" valueType="text">Cognitive_functioning</attribute>
      <attribute name="Source" namespace="Mlstr_source" valueType="text">Cognitive measure</attribute>
      <attribute name="label" valueType="text" locale="en">7 min screen (enhanced cued recall total)</attribute>
      <attribute name="Psychological scale" valueType="text">7 minute screen test (7MS) (enhanced cued recall total)</attribute>
    </attributes>
  </variable>
  <variable name="K558" valueType="integer" entityType="Participant" unit="" mimeType="" referencedEntityType="" index="0">
    <attributes>
      <attribute name="Target" namespace="Mlstr_target" valueType="text">Participant</attribute>
      <attribute name="Cognitive_psychological_measures" namespace="Mlstr_area" valueType="text">Cognitive_functioning</attribute>
      <attribute name="Source" namespace="Mlstr_source" valueType="text">Cognitive measure</attribute>
      <attribute name="label" valueType="text" locale="en">7 min screen (temporal orientation)</attribute>
      <attribute name="Psychological scale" valueType="text">7 minute screen test (7MS) (Benton temporal orientation)</attribute>
    </attributes>
  </variable>
  <variable name="K557" valueType="integer" entityType="Participant" unit="" mimeType="" referencedEntityType="" index="0">
    <attributes>
      <attribute name="Target" namespace="Mlstr_target" valueType="text">Participant</attribute>
      <attribute name="Cognitive_psychological_measures" namespace="Mlstr_area" valueType="text">Cognitive_functioning</attribute>
      <attribute name="Source" namespace="Mlstr_source" valueType="text">Cognitive measure</attribute>
      <attribute name="label" valueType="text" locale="en">7 min screen (verbal fluency)</attribute>
      <attribute name="Psychological scale" valueType="text">7 minute screen test (7MS) (verbal fluency, animals naming)</attribute>
    </attributes>
  </variable>
  <variable name="AGE88" valueType="integer" entityType="Participant" unit="years" mimeType="" referencedEntityType="" index="0">
    <attributes>
      <attribute name="Target" namespace="Mlstr_target" valueType="text">Participant</attribute>
      <attribute name="Sociodemographic_economic_characteristics" namespace="Mlstr_area" valueType="text">Age</attribute>
      <attribute name="Source" namespace="Mlstr_source" valueType="text">Questionnaire</attribute>
      <attribute name="label" valueType="text" locale="en">Age</attribute>
    </attributes>
  </variable>
  <variable name="K731" valueType="integer" entityType="Participant" unit="" mimeType="" referencedEntityType="" index="0">
    <attributes>
      <attribute name="Physical_measures" namespace="Mlstr_area" valueType="text">Circulation_respiration</attribute>
      <attribute name="Target" namespace="Mlstr_target" valueType="text">Participant</attribute>
      <attribute name="Source" namespace="Mlstr_source" valueType="text">Physical measure</attribute>
      <attribute name="label" valueType="text" locale="en">Arrythmias (8.X)</attribute>
    </attributes>
    <categories>
      <category name="0">
        <attributes>
          <attribute name="label" valueType="text" locale="en">No</attribute>
        </attributes>
      </category>
      <category name="1">
        <attributes>
          <attribute name="label" valueType="text" locale="en">Yes</attribute>
        </attributes>
      </category>
    </categories>
  </variable>
  <variable name="K733" valueType="integer" entityType="Participant" unit="" mimeType="" referencedEntityType="" index="0">
    <attributes>
      <attribute name="Target" namespace="Mlstr_target" valueType="text">Participant</attribute>
      <attribute name="Health_status_functional_limitations" namespace="Mlstr_area" valueType="text">Use_devices</attribute>
      <attribute name="Source" namespace="Mlstr_source" valueType="text">Questionnaire</attribute>
      <attribute name="label" valueType="text" locale="en">Artificial pacemaker (6.8)</attribute>
    </attributes>
    <categories>
      <category name="0">
        <attributes>
          <attribute name="label" valueType="text" locale="en">No</attribute>
        </attributes>
      </category>
      <category name="1">
        <attributes>
          <attribute name="label" valueType="text" locale="en">Yes</attribute>
        </attributes>
      </category>
    </categories>
  </variable>
  <variable name="K730" valueType="integer" entityType="Participant" unit="" mimeType="" referencedEntityType="" index="0">
    <attributes>
      <attribute name="Physical_measures" namespace="Mlstr_area" valueType="text">Circulation_respiration</attribute>
      <attribute name="Target" namespace="Mlstr_target" valueType="text">Participant</attribute>
      <attribute name="Source" namespace="Mlstr_source" valueType="text">Physical measure</attribute>
      <attribute name="label" valueType="text" locale="en">Atrial fibrillation/ flutter (8.3)</attribute>
    </attributes>
    <categories>
      <category name="0">
        <attributes>
          <attribute name="label" valueType="text" locale="en">No</attribute>
        </attributes>
      </category>
      <category name="1">
        <attributes>
          <attribute name="label" valueType="text" locale="en">Yes</attribute>
        </attributes>
      </category>
    </categories>
  </variable>
  <variable name="K727" valueType="integer" entityType="Participant" unit="" mimeType="" referencedEntityType="" index="0">
    <attributes>
      <attribute name="Physical_measures" namespace="Mlstr_area" valueType="text">Circulation_respiration</attribute>
      <attribute name="Target" namespace="Mlstr_target" valueType="text">Participant</attribute>
      <attribute name="Source" namespace="Mlstr_source" valueType="text">Physical measure</attribute>
      <attribute name="label" valueType="text" locale="en">AV conduction defects (6.X)</attribute>
    </attributes>
    <categories>
      <category name="0">
        <attributes>
          <attribute name="label" valueType="text" locale="en">No</attribute>
        </attributes>
      </category>
      <category name="1">
        <attributes>
          <attribute name="label" valueType="text" locale="en">Yes</attribute>
        </attributes>
      </category>
    </categories>
  </variable>
  <variable name="K298" valueType="integer" entityType="Participant" unit="%" mimeType="" referencedEntityType="" index="0">
    <attributes>
      <attribute name="Laboratory_measures" namespace="Mlstr_area" valueType="text">Biochemistry</attribute>
      <attribute name="Target" namespace="Mlstr_target" valueType="text">Participant</attribute>
      <attribute name="Source" namespace="Mlstr_source" valueType="text">Biosample</attribute>
      <attribute name="label" valueType="text" locale="en">B-HbA1c</attribute>
    </attributes>
  </variable>
  <variable name="K290" valueType="integer" entityType="Participant" unit="kg/m2" mimeType="" referencedEntityType="" index="0">
    <attributes>
      <attribute name="Physical_measures" namespace="Mlstr_area" valueType="text">Anthropo_measures</attribute>
      <attribute name="Target" namespace="Mlstr_target" valueType="text">Participant</attribute>
      <attribute name="Source" namespace="Mlstr_source" valueType="text">Physical measure</attribute>
      <attribute name="label" valueType="text" locale="en">BMI</attribute>
    </attributes>
  </variable>
  <variable name="K977" valueType="integer" entityType="Participant" unit="cm" mimeType="" referencedEntityType="" index="0">
    <attributes>
      <attribute name="Physical_measures" namespace="Mlstr_area" valueType="text">Anthropo_measures</attribute>
      <attribute name="Target" namespace="Mlstr_target" valueType="text">Participant</attribute>
      <attribute name="Source" namespace="Mlstr_source" valueType="text">Physical measure</attribute>
      <attribute name="label" valueType="text" locale="en">Calf circumf.</attribute>
    </attributes>
  </variable>
  <variable name="K367" valueType="integer" entityType="Participant" unit="seconds" mimeType="" referencedEntityType="" index="0">
    <attributes>
      <attribute name="Physical_measures" namespace="Mlstr_area" valueType="text">Muscles_skeleton_mobility</attribute>
      <attribute name="Target" namespace="Mlstr_target" valueType="text">Participant</attribute>
      <attribute name="Source" namespace="Mlstr_source" valueType="text">Physical measure</attribute>
      <attribute name="label" valueType="text" locale="en">Chair stand</attribute>
    </attributes>
  </variable>
  <variable name="K018" valueType="integer" entityType="Participant" unit="mmHg" mimeType="" referencedEntityType="" index="0">
    <attributes>
      <attribute name="Physical_measures" namespace="Mlstr_area" valueType="text">Circulation_respiration</attribute>
      <attribute name="Target" namespace="Mlstr_target" valueType="text">Participant</attribute>
      <attribute name="Source" namespace="Mlstr_source" valueType="text">Physical measure</attribute>
      <attribute name="label" valueType="text" locale="en">DBP standing</attribute>
    </attributes>
  </variable>
  <variable name="K014" valueType="integer" entityType="Participant" unit="mmHg" mimeType="" referencedEntityType="" index="0">
    <attributes>
      <attribute name="Physical_measures" namespace="Mlstr_area" valueType="text">Circulation_respiration</attribute>
      <attribute name="Target" namespace="Mlstr_target" valueType="text">Participant</attribute>
      <attribute name="Source" namespace="Mlstr_source" valueType="text">Physical measure</attribute>
      <attribute name="label" valueType="text" locale="en">DBP supine</attribute>
    </attributes>
  </variable>
  <variable name="K369" valueType="integer" entityType="Participant" unit="" mimeType="" referencedEntityType="" index="0">
    <attributes>
      <attribute name="Physical_measures" namespace="Mlstr_area" valueType="text">Physical_characteristics</attribute>
      <attribute name="Target" namespace="Mlstr_target" valueType="text">Participant</attribute>
      <attribute name="Source" namespace="Mlstr_source" valueType="text">Questionnaire</attribute>
      <attribute name="label" valueType="text" locale="en">Dominant hand</attribute>
    </attributes>
    <categories>
      <category name="1">
        <attributes>
          <attribute name="label" valueType="text" locale="en">Right</attribute>
        </attributes>
      </category>
      <category name="2">
        <attributes>
          <attribute name="label" valueType="text" locale="en">Left</attribute>
        </attributes>
      </category>
      <category name="3">
        <attributes>
          <attribute name="label" valueType="text" locale="en">Both</attribute>
        </attributes>
      </category>
    </categories>
  </variable>
  <variable name="K399" valueType="integer" entityType="Participant" unit="" mimeType="" referencedEntityType="" index="0">
    <attributes>
      <attribute name="Physical_measures" namespace="Mlstr_area" valueType="text">Circulation_respiration</attribute>
      <attribute name="Target" namespace="Mlstr_target" valueType="text">Participant</attribute>
      <attribute name="Source" namespace="Mlstr_source" valueType="text">Physical measure</attribute>
      <attribute name="label" valueType="text" locale="en">ECG status</attribute>
    </attributes>
    <categories>
      <category name="0">
        <attributes>
          <attribute name="label" valueType="text" locale="en">Abnormal ECG</attribute>
        </attributes>
      </category>
      <category name="1">
        <attributes>
          <attribute name="label" valueType="text" locale="en">Normal</attribute>
        </attributes>
      </category>
    </categories>
  </variable>
  <variable name="DAT88" valueType="date" entityType="Participant" unit="" mimeType="" referencedEntityType="" index="0">
    <attributes>
      <attribute name="Target" namespace="Mlstr_target" valueType="text">Participant</attribute>
      <attribute name="Source" namespace="Mlstr_source" valueType="text">Questionnaire</attribute>
      <attribute name="label" valueType="text" locale="en">Examination date</attribute>
      <attribute name="Administrative_information" namespace="Mlstr_area" valueType="text">Date_time_related_info</attribute>
    </attributes>
  </variable>
  <variable name="K371" valueType="integer" entityType="Participant" unit="liter" mimeType="" referencedEntityType="" index="0">
    <attributes>
      <attribute name="Physical_measures" namespace="Mlstr_area" valueType="text">Circulation_respiration</attribute>
      <attribute name="Target" namespace="Mlstr_target" valueType="text">Participant</attribute>
      <attribute name="Source" namespace="Mlstr_source" valueType="text">Physical measure</attribute>
      <attribute name="label" valueType="text" locale="en">Forced expiratory volume 1</attribute>
    </attributes>
  </variable>
  <variable name="K366f" valueType="integer" entityType="Participant" unit="seconds" mimeType="" referencedEntityType="" index="0">
    <attributes>
      <attribute name="Physical_measures" namespace="Mlstr_area" valueType="text">Muscles_skeleton_mobility</attribute>
      <attribute name="Target" namespace="Mlstr_target" valueType="text">Participant</attribute>
      <attribute name="Source" namespace="Mlstr_source" valueType="text">Physical measure</attribute>
      <attribute name="label" valueType="text" locale="en">Gait speed fast</attribute>
    </attributes>
  </variable>
  <variable name="K366n" valueType="integer" entityType="Participant" unit="seconds" mimeType="" referencedEntityType="" index="0">
    <attributes>
      <attribute name="Physical_measures" namespace="Mlstr_area" valueType="text">Muscles_skeleton_mobility</attribute>
      <attribute name="Target" namespace="Mlstr_target" valueType="text">Participant</attribute>
      <attribute name="Source" namespace="Mlstr_source" valueType="text">Physical measure</attribute>
      <attribute name="label" valueType="text" locale="en">Gait speed normal</attribute>
    </attributes>
  </variable>
  <variable name="K362" valueType="integer" entityType="Participant" unit="" mimeType="" referencedEntityType="" index="0">
    <attributes>
      <attribute name="Target" namespace="Mlstr_target" valueType="text">Participant</attribute>
      <attribute name="Cognitive_psychological_measures" namespace="Mlstr_area" valueType="text">Psychological_emotional_distress</attribute>
      <attribute name="Source" namespace="Mlstr_source" valueType="text">Questionnaire</attribute>
      <attribute name="label" valueType="text" locale="en">Geriatric depression scale-20</attribute>
      <attribute name="Psychological scale" valueType="text">Geriatric depression scale (GDS)</attribute>
    </attributes>
  </variable>
  <variable name="K368l" valueType="integer" entityType="Participant" unit="kg" mimeType="" referencedEntityType="" index="0">
    <attributes>
      <attribute name="Physical_measures" namespace="Mlstr_area" valueType="text">Muscles_skeleton_mobility</attribute>
      <attribute name="Target" namespace="Mlstr_target" valueType="text">Participant</attribute>
      <attribute name="Source" namespace="Mlstr_source" valueType="text">Physical measure</attribute>
      <attribute name="label" valueType="text" locale="en">Handgrip strength left</attribute>
    </attributes>
  </variable>
  <variable name="K368r" valueType="integer" entityType="Participant" unit="kg" mimeType="" referencedEntityType="" index="0">
    <attributes>
      <attribute name="Physical_measures" namespace="Mlstr_area" valueType="text">Muscles_skeleton_mobility</attribute>
      <attribute name="Target" namespace="Mlstr_target" valueType="text">Participant</attribute>
      <attribute name="Source" namespace="Mlstr_source" valueType="text">Physical measure</attribute>
      <attribute name="label" valueType="text" locale="en">Handgrip strength right</attribute>
    </attributes>
  </variable>
  <variable name="K746" valueType="integer" entityType="Participant" unit="" mimeType="" referencedEntityType="" index="0">
    <attributes>
      <attribute name="Physical_measures" namespace="Mlstr_area" valueType="text">Circulation_respiration</attribute>
      <attribute name="Target" namespace="Mlstr_target" valueType="text">Participant</attribute>
      <attribute name="Source" namespace="Mlstr_source" valueType="text">Physical measure</attribute>
      <attribute name="label" valueType="text" locale="en">Heard rate</attribute>
    </attributes>
  </variable>
  <variable name="K010" valueType="integer" entityType="Participant" unit="cm" mimeType="" referencedEntityType="" index="0">
    <attributes>
      <attribute name="Physical_measures" namespace="Mlstr_area" valueType="text">Anthropo_measures</attribute>
      <attribute name="Target" namespace="Mlstr_target" valueType="text">Participant</attribute>
      <attribute name="Source" namespace="Mlstr_source" valueType="text">Physical measure</attribute>
      <attribute name="label" valueType="text" locale="en">Height</attribute>
    </attributes>
  </variable>
  <variable name="K973" valueType="integer" entityType="Participant" unit="cm" mimeType="" referencedEntityType="" index="0">
    <attributes>
      <attribute name="Physical_measures" namespace="Mlstr_area" valueType="text">Anthropo_measures</attribute>
      <attribute name="Target" namespace="Mlstr_target" valueType="text">Participant</attribute>
      <attribute name="Source" namespace="Mlstr_source" valueType="text">Physical measure</attribute>
      <attribute name="label" valueType="text" locale="en">Hip circumf.</attribute>
    </attributes>
  </variable>
  <variable name="K363" valueType="integer" entityType="Participant" unit="" mimeType="" referencedEntityType="" index="0">
    <attributes>
      <attribute name="Target" namespace="Mlstr_target" valueType="text">Participant</attribute>
      <attribute name="Health_status_functional_limitations" namespace="Mlstr_area" valueType="text">Act_daily_living</attribute>
      <attribute name="Source" namespace="Mlstr_source" valueType="text">Questionnaire</attribute>
      <attribute name="label" valueType="text" locale="en">Instrumental activities of daily living scale</attribute>
    </attributes>
  </variable>
  <variable name="K728" valueType="integer" entityType="Participant" unit="" mimeType="" referencedEntityType="" index="0">
    <attributes>
      <attribute name="Physical_measures" namespace="Mlstr_area" valueType="text">Circulation_respiration</attribute>
      <attribute name="Target" namespace="Mlstr_target" valueType="text">Participant</attribute>
      <attribute name="Source" namespace="Mlstr_source" valueType="text">Physical measure</attribute>
      <attribute name="label" valueType="text" locale="en">Left bundle branch block (7.1)</attribute>
    </attributes>
    <categories>
      <category name="0">
        <attributes>
          <attribute name="label" valueType="text" locale="en">No</attribute>
        </attributes>
      </category>
      <category name="1">
        <attributes>
          <attribute name="label" valueType="text" locale="en">Yes</attribute>
        </attributes>
      </category>
    </categories>
  </variable>
  <variable name="K747" valueType="integer" entityType="Participant" unit="" mimeType="" referencedEntityType="" index="0">
    <attributes>
      <attribute name="Physical_measures" namespace="Mlstr_area" valueType="text">Circulation_respiration</attribute>
      <attribute name="Target" namespace="Mlstr_target" valueType="text">Participant</attribute>
      <attribute name="Source" namespace="Mlstr_source" valueType="text">Physical measure</attribute>
      <attribute name="label" valueType="text" locale="en">LV strain</attribute>
    </attributes>
    <categories>
      <category name="0">
        <attributes>
          <attribute name="label" valueType="text" locale="en">No</attribute>
        </attributes>
      </category>
      <category name="1">
        <attributes>
          <attribute name="label" valueType="text" locale="en">Yes</attribute>
        </attributes>
      </category>
    </categories>
  </variable>
  <variable name="K553" valueType="integer" entityType="Participant" unit="" mimeType="" referencedEntityType="" index="0">
    <attributes>
      <attribute name="Target" namespace="Mlstr_target" valueType="text">Participant</attribute>
      <attribute name="Cognitive_psychological_measures" namespace="Mlstr_area" valueType="text">Cognitive_functioning</attribute>
      <attribute name="Source" namespace="Mlstr_source" valueType="text">Cognitive measure</attribute>
      <attribute name="label" valueType="text" locale="en">Mini mental state examination</attribute>
      <attribute name="Psychological scale" valueType="text">Mini Mental State Examamination</attribute>
    </attributes>
  </variable>
  <variable name="K361" valueType="integer" entityType="Participant" unit="" mimeType="" referencedEntityType="" index="0">
    <attributes>
      <attribute name="Lifestyle_behaviours" namespace="Mlstr_area" valueType="text">Nutrition</attribute>
      <attribute name="Target" namespace="Mlstr_target" valueType="text">Participant</attribute>
      <attribute name="Source" namespace="Mlstr_source" valueType="text">Questionnaire</attribute>
      <attribute name="label" valueType="text" locale="en">Mini nutritional assessment</attribute>
      <attribute name="Psychological scale" valueType="text">Mini nutritional assessment</attribute>
    </attributes>
  </variable>
  <variable name="K976" valueType="integer" entityType="Participant" unit="cm" mimeType="" referencedEntityType="" index="0">
    <attributes>
      <attribute name="Physical_measures" namespace="Mlstr_area" valueType="text">Anthropo_measures</attribute>
      <attribute name="Target" namespace="Mlstr_target" valueType="text">Participant</attribute>
      <attribute name="Source" namespace="Mlstr_source" valueType="text">Physical measure</attribute>
      <attribute name="label" valueType="text" locale="en">Overarm circumf.</attribute>
    </attributes>
  </variable>
  <variable name="K370" valueType="integer" entityType="Participant" unit="l/min" mimeType="" referencedEntityType="" index="0">
    <attributes>
      <attribute name="Physical_measures" namespace="Mlstr_area" valueType="text">Circulation_respiration</attribute>
      <attribute name="Target" namespace="Mlstr_target" valueType="text">Participant</attribute>
      <attribute name="Source" namespace="Mlstr_source" valueType="text">Physical measure</attribute>
      <attribute name="label" valueType="text" locale="en">Peak expiratory flow</attribute>
    </attributes>
  </variable>
  <variable name="K319" valueType="integer" entityType="Participant" unit="mmol/L" mimeType="" referencedEntityType="" index="0">
    <attributes>
      <attribute name="Laboratory_measures" namespace="Mlstr_area" valueType="text">Biochemistry</attribute>
      <attribute name="Target" namespace="Mlstr_target" valueType="text">Participant</attribute>
      <attribute name="Source" namespace="Mlstr_source" valueType="text">Biosample</attribute>
      <attribute name="label" valueType="text" locale="en">P-Glukos 0 min</attribute>
    </attributes>
  </variable>
  <variable name="K323" valueType="integer" entityType="Participant" unit="mmol/L" mimeType="" referencedEntityType="" index="0">
    <attributes>
      <attribute name="Laboratory_measures" namespace="Mlstr_area" valueType="text">Biochemistry</attribute>
      <attribute name="Target" namespace="Mlstr_target" valueType="text">Participant</attribute>
      <attribute name="Source" namespace="Mlstr_source" valueType="text">Biosample</attribute>
      <attribute name="label" valueType="text" locale="en">P-Glukos 120 min</attribute>
    </attributes>
  </variable>
  <variable name="K320" valueType="integer" entityType="Participant" unit="mmol/L" mimeType="" referencedEntityType="" index="0">
    <attributes>
      <attribute name="Laboratory_measures" namespace="Mlstr_area" valueType="text">Biochemistry</attribute>
      <attribute name="Target" namespace="Mlstr_target" valueType="text">Participant</attribute>
      <attribute name="Source" namespace="Mlstr_source" valueType="text">Biosample</attribute>
      <attribute name="label" valueType="text" locale="en">P-Glukos 30 min</attribute>
    </attributes>
  </variable>
  <variable name="K021" valueType="integer" entityType="Participant" unit="beats/min" mimeType="" referencedEntityType="" index="0">
    <attributes>
      <attribute name="Physical_measures" namespace="Mlstr_area" valueType="text">Circulation_respiration</attribute>
      <attribute name="Target" namespace="Mlstr_target" valueType="text">Participant</attribute>
      <attribute name="Source" namespace="Mlstr_source" valueType="text">Physical measure</attribute>
      <attribute name="label" valueType="text" locale="en">Pulse rate standing</attribute>
    </attributes>
  </variable>
  <variable name="K019" valueType="integer" entityType="Participant" unit="beats/min" mimeType="" referencedEntityType="" index="0">
    <attributes>
      <attribute name="Physical_measures" namespace="Mlstr_area" valueType="text">Circulation_respiration</attribute>
      <attribute name="Target" namespace="Mlstr_target" valueType="text">Participant</attribute>
      <attribute name="Source" namespace="Mlstr_source" valueType="text">Physical measure</attribute>
      <attribute name="label" valueType="text" locale="en">Pulse rate supine</attribute>
    </attributes>
  </variable>
  <variable name="K720" valueType="integer" entityType="Participant" unit="" mimeType="" referencedEntityType="" index="0">
    <attributes>
      <attribute name="Physical_measures" namespace="Mlstr_area" valueType="text">Circulation_respiration</attribute>
      <attribute name="Target" namespace="Mlstr_target" valueType="text">Participant</attribute>
      <attribute name="Source" namespace="Mlstr_source" valueType="text">Physical measure</attribute>
      <attribute name="label" valueType="text" locale="en">Q OR QS pattern (1.1)</attribute>
    </attributes>
    <categories>
      <category name="0">
        <attributes>
          <attribute name="label" valueType="text" locale="en">No</attribute>
        </attributes>
      </category>
      <category name="1">
        <attributes>
          <attribute name="label" valueType="text" locale="en">Yes</attribute>
        </attributes>
      </category>
    </categories>
  </variable>
  <variable name="K721X" valueType="integer" entityType="Participant" unit="" mimeType="" referencedEntityType="" index="0">
    <attributes>
      <attribute name="Physical_measures" namespace="Mlstr_area" valueType="text">Circulation_respiration</attribute>
      <attribute name="Target" namespace="Mlstr_target" valueType="text">Participant</attribute>
      <attribute name="Source" namespace="Mlstr_source" valueType="text">Physical measure</attribute>
      <attribute name="label" valueType="text" locale="en">Q OR QS pattern (1.2)</attribute>
    </attributes>
    <categories>
      <category name="0">
        <attributes>
          <attribute name="label" valueType="text" locale="en">No</attribute>
        </attributes>
      </category>
      <category name="1">
        <attributes>
          <attribute name="label" valueType="text" locale="en">Yes</attribute>
        </attributes>
      </category>
    </categories>
  </variable>
  <variable name="K360" valueType="integer" entityType="Participant" unit="" mimeType="" referencedEntityType="" index="0">
    <attributes>
      <attribute name="Target" namespace="Mlstr_target" valueType="text">Participant</attribute>
      <attribute name="Health_status_functional_limitations" namespace="Mlstr_area" valueType="text">Qual_life</attribute>
      <attribute name="Source" namespace="Mlstr_source" valueType="text">Questionnaire</attribute>
      <attribute name="label" valueType="text" locale="en">Quality of life scale</attribute>
      <attribute name="Psychological scale" valueType="text">Quality of life scale</attribute>
    </attributes>
  </variable>
  <variable name="K975" valueType="integer" entityType="Participant" unit="cm" mimeType="" referencedEntityType="" index="0">
    <attributes>
      <attribute name="Physical_measures" namespace="Mlstr_area" valueType="text">Anthropo_measures</attribute>
      <attribute name="Target" namespace="Mlstr_target" valueType="text">Participant</attribute>
      <attribute name="Source" namespace="Mlstr_source" valueType="text">Physical measure</attribute>
      <attribute name="label" valueType="text" locale="en">Sagittal abdomen diameter</attribute>
    </attributes>
  </variable>
  <variable name="K017" valueType="integer" entityType="Participant" unit="mmHg" mimeType="" referencedEntityType="" index="0">
    <attributes>
      <attribute name="Physical_measures" namespace="Mlstr_area" valueType="text">Circulation_respiration</attribute>
      <attribute name="Target" namespace="Mlstr_target" valueType="text">Participant</attribute>
      <attribute name="Source" namespace="Mlstr_source" valueType="text">Physical measure</attribute>
      <attribute name="label" valueType="text" locale="en">SBP standing</attribute>
    </attributes>
  </variable>
  <variable name="K013" valueType="integer" entityType="Participant" unit="mmHg" mimeType="" referencedEntityType="" index="0">
    <attributes>
      <attribute name="Physical_measures" namespace="Mlstr_area" valueType="text">Circulation_respiration</attribute>
      <attribute name="Target" namespace="Mlstr_target" valueType="text">Participant</attribute>
      <attribute name="Source" namespace="Mlstr_source" valueType="text">Physical measure</attribute>
      <attribute name="label" valueType="text" locale="en">SBP supine</attribute>
    </attributes>
  </variable>
  <variable name="K735" valueType="integer" entityType="Participant" unit="" mimeType="" referencedEntityType="" index="0">
    <attributes>
      <attribute name="Physical_measures" namespace="Mlstr_area" valueType="text">Circulation_respiration</attribute>
      <attribute name="Target" namespace="Mlstr_target" valueType="text">Participant</attribute>
      <attribute name="Source" namespace="Mlstr_source" valueType="text">Physical measure</attribute>
      <attribute name="label" valueType="text" locale="en">Sinus bradycardi (under 50 per min)</attribute>
    </attributes>
    <categories>
      <category name="0">
        <attributes>
          <attribute name="label" valueType="text" locale="en">No</attribute>
        </attributes>
      </category>
      <category name="1">
        <attributes>
          <attribute name="label" valueType="text" locale="en">Yes</attribute>
        </attributes>
      </category>
    </categories>
  </variable>
  <variable name="K734" valueType="integer" entityType="Participant" unit="" mimeType="" referencedEntityType="" index="0">
    <attributes>
      <attribute name="Physical_measures" namespace="Mlstr_area" valueType="text">Circulation_respiration</attribute>
      <attribute name="Target" namespace="Mlstr_target" valueType="text">Participant</attribute>
      <attribute name="Source" namespace="Mlstr_source" valueType="text">Physical measure</attribute>
      <attribute name="label" valueType="text" locale="en">Sinus tachycardi (over 100 per min)</attribute>
    </attributes>
    <categories>
      <category name="0">
        <attributes>
          <attribute name="label" valueType="text" locale="en">No</attribute>
        </attributes>
      </category>
      <category name="1">
        <attributes>
          <attribute name="label" valueType="text" locale="en">Yes</attribute>
        </attributes>
      </category>
    </categories>
  </variable>
  <variable name="K364" valueType="integer" entityType="Participant" unit="" mimeType="" referencedEntityType="" index="0">
    <attributes>
      <attribute name="Physical_measures" namespace="Mlstr_area" valueType="text">Muscles_skeleton_mobility</attribute>
      <attribute name="Target" namespace="Mlstr_target" valueType="text">Participant</attribute>
      <attribute name="Source" namespace="Mlstr_source" valueType="text">Physical measure</attribute>
      <attribute name="label" valueType="text" locale="en">Stand balance</attribute>
    </attributes>
  </variable>
  <variable name="K725X" valueType="integer" entityType="Participant" unit="" mimeType="" referencedEntityType="" index="0">
    <attributes>
      <attribute name="Physical_measures" namespace="Mlstr_area" valueType="text">Circulation_respiration</attribute>
      <attribute name="Target" namespace="Mlstr_target" valueType="text">Participant</attribute>
      <attribute name="Source" namespace="Mlstr_source" valueType="text">Physical measure</attribute>
      <attribute name="label" valueType="text" locale="en">ST-segment depression (4.1)</attribute>
    </attributes>
    <categories>
      <category name="0">
        <attributes>
          <attribute name="label" valueType="text" locale="en">No</attribute>
        </attributes>
      </category>
      <category name="1">
        <attributes>
          <attribute name="label" valueType="text" locale="en">Yes</attribute>
        </attributes>
      </category>
    </categories>
  </variable>
  <variable name="K365" valueType="integer" entityType="Participant" unit="seconds" mimeType="" referencedEntityType="" index="0">
    <attributes>
      <attribute name="Physical_measures" namespace="Mlstr_area" valueType="text">Muscles_skeleton_mobility</attribute>
      <attribute name="Target" namespace="Mlstr_target" valueType="text">Participant</attribute>
      <attribute name="Source" namespace="Mlstr_source" valueType="text">Physical measure</attribute>
      <attribute name="label" valueType="text" locale="en">Time up and go</attribute>
    </attributes>
  </variable>
  <variable name="K726X" valueType="integer" entityType="Participant" unit="" mimeType="" referencedEntityType="" index="0">
    <attributes>
      <attribute name="Physical_measures" namespace="Mlstr_area" valueType="text">Circulation_respiration</attribute>
      <attribute name="Target" namespace="Mlstr_target" valueType="text">Participant</attribute>
      <attribute name="Source" namespace="Mlstr_source" valueType="text">Physical measure</attribute>
      <attribute name="label" valueType="text" locale="en">T-wave items (5.1)</attribute>
    </attributes>
    <categories>
      <category name="0">
        <attributes>
          <attribute name="label" valueType="text" locale="en">No</attribute>
        </attributes>
      </category>
      <category name="1">
        <attributes>
          <attribute name="label" valueType="text" locale="en">Yes</attribute>
        </attributes>
      </category>
    </categories>
  </variable>
  <variable name="K729" valueType="integer" entityType="Participant" unit="" mimeType="" referencedEntityType="" index="0">
    <attributes>
      <attribute name="Physical_measures" namespace="Mlstr_area" valueType="text">Circulation_respiration</attribute>
      <attribute name="Target" namespace="Mlstr_target" valueType="text">Participant</attribute>
      <attribute name="Source" namespace="Mlstr_source" valueType="text">Physical measure</attribute>
      <attribute name="label" valueType="text" locale="en">Ventr. conduction defects (7.X)</attribute>
    </attributes>
    <categories>
      <category name="0">
        <attributes>
          <attribute name="label" valueType="text" locale="en">No</attribute>
        </attributes>
      </category>
      <category name="1">
        <attributes>
          <attribute name="label" valueType="text" locale="en">Yes</attribute>
        </attributes>
      </category>
    </categories>
  </variable>
  <variable name="K974" valueType="integer" entityType="Participant" unit="" mimeType="" referencedEntityType="" index="0">
    <attributes>
      <attribute name="Physical_measures" namespace="Mlstr_area" valueType="text">Anthropo_measures</attribute>
      <attribute name="Target" namespace="Mlstr_target" valueType="text">Participant</attribute>
      <attribute name="Source" namespace="Mlstr_source" valueType="text">Physical measure</attribute>
      <attribute name="label" valueType="text" locale="en">Waist / Hip ratio</attribute>
    </attributes>
  </variable>
  <variable name="K020" valueType="integer" entityType="Participant" unit="cm" mimeType="" referencedEntityType="" index="0">
    <attributes>
      <attribute name="Physical_measures" namespace="Mlstr_area" valueType="text">Anthropo_measures</attribute>
      <attribute name="Target" namespace="Mlstr_target" valueType="text">Participant</attribute>
      <attribute name="Source" namespace="Mlstr_source" valueType="text">Physical measure</attribute>
      <attribute name="label" valueType="text" locale="en">Waist circumf.</attribute>
    </attributes>
  </variable>
  <variable name="K011" valueType="integer" entityType="Participant" unit="kg" mimeType="" referencedEntityType="" index="0">
    <attributes>
      <attribute name="Physical_measures" namespace="Mlstr_area" valueType="text">Anthropo_measures</attribute>
      <attribute name="Target" namespace="Mlstr_target" valueType="text">Participant</attribute>
      <attribute name="Source" namespace="Mlstr_source" valueType="text">Physical measure</attribute>
      <attribute name="label" valueType="text" locale="en">Weight</attribute>
    </attributes>
  </variable>
</variables>