{"id":"07b0aec3-07e2-42c3-b2ef-12f252ea5e2a","name":[{"lang":"en","value":"Canadian Multicentre Osteoporosis Study (The)"}],"acronym":[{"lang":"en","value":"CaMos"}],"logo":{"id":"269afab6-93c0-4618-bbe7-c6ea42cb8bc1","fileName":"camos_logo.jpg","type":"logo","description":[{"lang":"en"}],"lang":"en","justUploaded":true},"investigators":[{"lastName":"Dr. David Goltzman (McGill University)","email":"david.goltzman@mcgill.ca","phone":"(514) 843-1632","dataAccessCommitteeMember":false,"institution":{"name":[{"lang":"en","value":"McGill University"}],"department":[{"lang":"en","value":"Department of Medicine"}],"address":[]}},{"lastName":"Prof. Nancy Kreiger (University of Toronto)","email":"Nancy.Kreiger@cancercare.on.ca","phone":"(416) 978-7523","dataAccessCommitteeMember":false,"institution":{"name":[{"lang":"en","value":"University of Toronto"}],"address":[]}}],"contacts":[{"lastName":"Claudie Berger (McGill University)","email":"claudie.berger@mail.mcgill.ca","dataAccessCommitteeMember":false,"institution":{"name":[{"lang":"en","value":"McGill University"}],"address":[]}}],"objectives":[{"lang":"en","value":"<div>&nbsp;<\/div>\r\n\r\n<div>&nbsp;<\/div>\r\n\r\n<div><span>The o<\/span><span>verarching objectives of CaMos are:<\/span><\/div>\r\n\r\n<ul>\r\n\t<li>\r\n\t<div>to examine the development and demographics of osteoporosis;<\/div>\r\n\t<\/li>\r\n\t<li>to identify risk factors for osteoporotic fractures (e.g. genetic risk factors, calcium and vitamin D intake and serum levels, proton pump inhibitors, physical activities) and their associations with BMD, fractures, and\/or mortality; and<\/li>\r\n\t<li>to assess outcomes of osteoporosis and treatment.<\/li>\r\n<\/ul>\r\n"}],"website":"www.camos.org","specificAuthorization":{"authorized":false,"date":"1969-12-31T19:00:00-05:00"},"maelstromAuthorization":{"authorized":true,"authorizer":"Claudie Berger for David Goltzman","date":"2013-11-22T00:00:00-05:00"},"methods":{"designs":["cohort_study"],"followUpInfo":[{"lang":"en","value":"<p>Participants were followed annually by postal questionnaire to obtain medication and fracture history. Details regarding reported fractures were obtained through a telephone interview. The data collection at Year 3 (participants aged 40-60 years), Year 5 (all participants), Year 10 (all participants) and Year 16 (women aged 60-75 years) follow-ups&nbsp;included an extensive interviewer-administered questionnaire and a clinical assessment (bone mineral density, X-rays, ultrasounds, height and weight measurements). Participants not selected to do a full interview at Year 3 and 16 follow-ups, received a short postal follow-up questionnaire on fractures.&nbsp;<\/p>\r\n"}],"recruitments":["individuals"],"info":[{"lang":"en","value":"<p>The Canadian Multicentre Osteoporosis Study (CaMos) is an ongoing population-based longitudinal study of community-dwelling adults (ages&nbsp;25 years and older) recruited from 1995 to 1997. Between 2004 and 2006, a cohort of young women and men 16-24 years old was also recruited. Both cohorts have been drawn from a random population-based sample of non-institutionalized men and women living within 50 km of one of nine Canadian cities (St John\u2019s, Halifax, Quebec City, Kingston, Toronto, Hamilton, Saskatoon, Calgary and Vancouver), referred to as centres, encompassing roughly 40% of the Canadian population. Households were randomly selected from residential phone numbers; participants were then selected from households by an age-stratified protocol. In the adult cohort (ages&nbsp;25 years and older), this protocol weighted to older adults with two thirds women.<\/p>\r\n"}]},"numberOfParticipants":{"participant":{"noLimit":false,"number":10424},"sample":{"noLimit":true},"info":[{"lang":"en","value":"<p>6539 women and 2884 men aged&nbsp;25 years and older; 527 young women and 474 young men aged&nbsp;16-24 years.<\/p>\r\n"}]},"startYear":1995,"access":["data","biosamples","other"],"otherAccess":[{"lang":"en","value":"<p>All CaMos data are accessible to external researchers as long as they collaborate with one of the CaMos investigators.<\/p>\r\n"}],"markerPaper":"Kreiger N, Tenenhouse A, Joseph L, Mackenzie T, Poliquin S, Brown JP, Prior JC, Rittmaster RS. (1999)  The Canadian Multicentre Osteoporosis Study (CaMos): Background, rationale, methods. Can J Aging 18(3):376-87","populations":[{"id":"c8c4da41-cf55-4a04-a2a4-85d92aaf474c","name":[{"lang":"en","value":"Adult Cohort (25 years and older)"}],"description":[{"lang":"en","value":"<p>The adult cohort includes non-institutionalized men and women aged 25 years or older living within 50 km of one of nine Canadian cities.<\/p>\r\n"}],"recruitment":{"dataSources":["general","other"]},"selectionCriteria":{"ageMin":25,"countriesIso":["CAN"],"territory":[{"lang":"en","value":"<p>Living within 50 km of one of nine Canadian cities (St John\u2019s, Halifax, Quebec City, Kingston, Toronto, Hamilton, Saskatoon, Calgary and Vancouver)<\/p>\r\n"}],"otherCriteria":[{"lang":"en","value":"<p>Random selection of non-institutionalized adults<\/p>\r\n"}]},"numberOfParticipants":{"participant":{"noLimit":false,"number":9423},"sample":{"noLimit":true},"info":[{"lang":"en","value":"<p>6539 women and 2884 men<\/p>\r\n"}]},"dataCollectionEvents":[{"id":"a3d1beba-1b1e-4cd2-8450-282fe3f2f585","name":[{"lang":"en","value":"Baseline"}],"description":[{"lang":"en","value":"<p>Baseline recruitment. Full interview with bone mineral density, X-ray, ultrasound, height, weight, blood &amp; urine (Quebec only).<\/p>\r\n"}],"startYear":1995,"startMonth":7,"endYear":1997,"endMonth":9,"dataSources":["questionnaires","physical_measures","biological_samples"],"bioSamples":["blood","urine"]},{"id":"15239686-ab97-4fc3-9efa-6434786f7368","name":[{"lang":"en","value":"Year 3 Follow-up"}],"description":[{"lang":"en","value":"<p>Full interview with bone mineral density, height and weight for participants&nbsp;aged 40-60 years&nbsp;old.<\/p>\r\n"}],"startYear":1998,"startMonth":7,"endYear":2001,"endMonth":1,"dataSources":["questionnaires","physical_measures"]},{"id":"e776de90-b694-43c3-b22b-0bb5dbd726a0","name":[{"lang":"en","value":"Annual Follow-up"}],"description":[{"lang":"en","value":"<p>Short follow-up on fractures and medications related to osteoporosis.<\/p>\r\n\r\n<div>Timeline for the annual follow-up visit are as follow:<\/div>\r\n\r\n<div>1. Aug 1996 to Dec 1998<\/div>\r\n\r\n<div>2. July 1997 to Feb 2000<\/div>\r\n\r\n<div>3. July 1998 to Jan 2001 (for participants not selected to do a full interview)<\/div>\r\n\r\n<div>4. Jan 1999 to Dec 2001<\/div>\r\n\r\n<div>5. Dec 2001 to Jan 2004<\/div>\r\n\r\n<div>6. Aug 2002 to Dec 2004<\/div>\r\n\r\n<div>7. Nov 2003 to Feb 2006<\/div>\r\n\r\n<div>8. Oct 2004 to Jan 2007<\/div>\r\n\r\n<div>9. Sept 2006 to Jan 2009<\/div>\r\n\r\n<div>10. July 2007 to Jan 2010<\/div>\r\n\r\n<div>11. Sept 2008 to April 2011<\/div>\r\n\r\n<div>12. Aug 2009 to Nov 2011<\/div>\r\n\r\n<div>13. March 2011 to Sept 2012<\/div>\r\n\r\n<div>14. Jan 2012 - Dec 2013 (for participants not selected to do a full interview)<\/div>\r\n\r\n<div>15. Jan 2013 - ongoing<\/div>\r\n\r\n<div>16. Jan 2014 planned<\/div>\r\n\r\n<div>17. Jan 2015 planned<\/div>\r\n"}],"startYear":1996,"startMonth":8,"endYear":2015,"endMonth":1,"dataSources":["questionnaires"]},{"id":"f6f30463-fc1d-4cfc-8182-8dfa4c3b09b4","name":[{"lang":"en","value":"Year 5 Follow-up"}],"description":[{"lang":"en","value":"<p>Full interview with bone mineral density, X-ray, ultrasound, height, weight, blood &amp; urine (Quebec, Calgary and Hamilton)<\/p>\r\n"}],"startYear":2000,"startMonth":7,"endYear":2003,"endMonth":3,"dataSources":["questionnaires","physical_measures","biological_samples"],"bioSamples":["blood","urine"]},{"id":"cced169a-e02d-42d8-b2e8-f88327a9a5ea","name":[{"lang":"en","value":"Year 10 Follow-up"}],"description":[{"lang":"en","value":"<p>Full interview with bone mineral density, X-ray, ultrasound, height, weight, blood &amp; urine, DNA (all centers)<\/p>\r\n"}],"startYear":2005,"startMonth":9,"endYear":2008,"endMonth":4,"dataSources":["questionnaires","physical_measures","biological_samples"],"bioSamples":["blood","urine"]},{"id":"429ec5eb-7d4e-4dd0-b227-6242c10f7377","name":[{"lang":"en","value":"Year 16 Follow-up"}],"description":[{"lang":"en","value":"<p>Full interview (in women 60-75\/85) with bone mineral density, X-ray, ultrasound, height, weight, blood &amp; urine (all centers), peripheral quantitative computed tomography (pQCT) (in some centers).<\/p>\r\n"}],"startYear":2012,"startMonth":1,"endYear":2013,"endMonth":12,"dataSources":["questionnaires","physical_measures","biological_samples"],"bioSamples":["blood","urine"]}]},{"id":"979a3040-da82-4c10-9f2d-894766f2eba2","name":[{"lang":"en","value":"Youth Cohort (16-24 years old)"}],"description":[{"lang":"en","value":"<p>The youth cohort includes young men and women aged 16-24 years living within 50 km of one of nine Canadian cities. The same recruitment method as with the adult cohort was used. However, there were no oversampling.<\/p>\r\n"}],"recruitment":{"dataSources":["general","other"]},"selectionCriteria":{"ageMin":16,"ageMax":24,"countriesIso":["CAN"],"territory":[{"lang":"en","value":"<p>Living within 50 km of one of nine Canadian cities (St John\u2019s, Halifax, Quebec City, Kingston, Toronto, Hamilton, Saskatoon, Calgary and Vancouver)<\/p>\r\n"}],"otherCriteria":[{"lang":"en","value":"<p>Random selection through phone directory<\/p>\r\n"}]},"numberOfParticipants":{"participant":{"noLimit":false,"number":1001},"sample":{"noLimit":true},"info":[{"lang":"en","value":"<p>527 women and 474 men<\/p>\r\n"}]},"dataCollectionEvents":[{"id":"926f581f-d21d-4c45-a17d-1d585744548a","name":[{"lang":"en","value":"Baseline"}],"description":[{"lang":"en","value":"<p>Baseline recruitment. Full interview with bone mineral density, ultrasound, height, weight, blood &amp; urine (Calgary only)<\/p>\r\n"}],"startYear":2004,"startMonth":7,"endYear":2006,"endMonth":6,"dataSources":["questionnaires","physical_measures","biological_samples"],"bioSamples":["blood","saliva","urine"]},{"id":"dfc55a27-f053-4291-9737-59c24153d4ee","name":[{"lang":"en","value":"Year 1 Follow-up"}],"description":[{"lang":"en","value":"<p>Short follow-up on fractures and medications, blood &amp; urine (Quebec only)<\/p>\r\n"}],"startYear":2005,"startMonth":9,"endYear":2008,"endMonth":2,"dataSources":["questionnaires","biological_samples"],"bioSamples":["blood","urine"]},{"id":"fa4ad10f-c493-4b00-9a83-f8423dfd08a1","name":[{"lang":"en","value":"Year 2 Follow-up"}],"description":[{"lang":"en","value":"<p>Full interview with bone mineral density, ultrasound, height, weight, blood &amp; urine (6 centers), DNA (all)<\/p>\r\n"}],"startYear":2006,"startMonth":8,"endYear":2008,"endMonth":12,"dataSources":["questionnaires","physical_measures","biological_samples"],"bioSamples":["blood","urine"]}]}]}