{"id":"a64cf0d3-65db-4918-a76b-1fbfedcd3b53","name":[{"lang":"en","value":"Wisconsin Longitudinal Study (WLS)"}],"acronym":[{"lang":"en","value":"WLS"}],"logo":{"id":"a6537949-b52c-4783-b9b1-ac1be24a2b95","fileName":"wls_logo.gif","type":"logo","description":[{"lang":"en"}],"lang":"en","justUploaded":true},"investigators":[{"lastName":"Dr. Pamela Herd (University of Wisconsin - Madison)","email":"pherd@lafollette.wisc.edu","phone":"608-262-9451","dataAccessCommitteeMember":false,"institution":{"name":[{"lang":"en","value":"University of Wisconsin - Madison"}],"department":[{"lang":"en","value":"Department of Sociology"}],"address":{"street":[{"lang":"en","value":"1180 Observatory Drive"}],"city":[{"lang":"en","value":"Madison"}],"zip":"WI 53706","country":{"iso":"US","name":[{"lang":"en","value":"United States"}]}}}}],"contacts":[{"lastName":"Dr. Carol L Roan (University of Wisconsin-Madison)","email":"roan@ssc.wisc.edu","phone":"(608) 265-6196 ","dataAccessCommitteeMember":false,"institution":{"name":[{"lang":"en","value":"University of Wisconsin-Madison"}],"address":{"street":[{"lang":"en","value":"1180 Observatory Drive"}],"city":[{"lang":"en","value":"Madison"}],"zip":"53706","state":"Wisconsin","country":{"iso":"US","name":[{"lang":"en","value":"United States"}]}}}}],"objectives":[{"lang":"en","value":"<p>The WLS follows a cohort of male and female high school graduates, born primarily in 1939, from adolescence through their early 70s (to date). In addition, WLS also follows a randomly selected brother or sister of the original high school graduate panel member. The WLS includes measures of intergenerational transfers and relationships, family characteristics and events, physical and mental health and well-being, social background, youthful aspirations, schooling, employment, military service, labor market experiences, social participation, psychological characteristics, retirement, and morbidity and mortality. The content of the study changed as the life-course stage of the participants advanced. For example, early measures concentrated on education&nbsp;and occupational attainment, while more recent measures include a focus on health and cognition.&nbsp;These rich data allow users to link early-life characteristics to later life outcomes. &nbsp;<\/p>\r\n\r\n<p>Genetic data, collected via saliva samples, are available for many of the graduate and sibling participants. &nbsp;Current measures include 95 SNPs for 4,600 members of the graduate panel and 2,500 members of the sibling panel. &nbsp;Future plans will allow qualified researchers to access GWAS data for 6,000 graduate panel members and 3,400 sibling panel members. &nbsp;Researchers also have the potential to link to complete Social Security Earnings and Benefits File as well as Medicare records.<\/p>\r\n\r\n<p>As examples, the study allows researchers to:<\/p>\r\n\r\n<ol>\r\n\t<li>Extend models of occupation and earnings and to elaborate the roles of aspirations in adolescence and at mid-life, of previous achievements, and of familial responsibilities in current economic and social standing, subjective well-being, mental and physical health, disability, and wealth;<\/li>\r\n\t<li>Identify and measure local effects on opportunity, that is, specific characteristics of a person, firm, or economic sector that directly influence the chances of obtaining a job or a limited range of jobs;<\/li>\r\n\t<li>Extend and elaborate models of sibling resemblance that will elucidate influences of the family of origin on the life course;<\/li>\r\n\t<li>Investigate self-assessments of well-being in the context of aspirations, accomplishments, and social relationships with significant others; and<\/li>\r\n\t<li>Measure social and economic exchange relationships with parents, children, and siblings and assess the consequences of those relationships for well-being.<\/li>\r\n<\/ol>\r\n"}],"website":"http:\/\/www.ssc.wisc.edu\/wlsresearch\/","specificAuthorization":{"authorized":true,"authorizer":"Dr. Pamela Herd","date":"2014-09-17T00:00:00-04:00"},"maelstromAuthorization":{"authorized":true,"authorizer":"Dr. Pamela Herd","date":"2014-09-17T00:00:00-04:00"},"methods":{"designs":["cohort_study"],"followUpInfo":[{"lang":"en","value":"<p>In the spring of 1957, a state-sponsored questionnaire was administered to all Wisconsin High School seniors. In 1964, a randomly selected one-third of the members of the class of 1957 were followed up with a brief questionnaire to parents asking about their child\u2019s post high-school education and occupation. Direct contact with the graduate began with a telephone interview in 1975, and subsequent telephone and mail surveys in 1993 and 2004. In 1977 a subset of graduate\u2019s siblings were interviewed by phone and in 1995 and 2005 interviews were conducted with one sibling from each family whenever possible. Spouses of Graduates and Siblings who were married at the time of the 2004\/2005 interview were also interviewed by phone. Most recently in-person interviews with a leave-behind questionnaire were administered in 2011 to both the graduate and sibling panels. Saliva was collected from both graduate and sibling participants via a mail-effort in 2008 and during the in-person 2011 interview.<\/p>\r\n"}],"recruitments":["individuals","families"],"info":[{"lang":"en","value":"<p>Additionally the WLS has collected a variety of administrative data including tax records, information from high-school yearbooks, voting records, and information on school district resources.<\/p>\r\n"}]},"numberOfParticipants":{"participant":{"noLimit":false,"number":22334},"sample":{"noLimit":false,"number":9407},"info":[{"lang":"en","value":"<p>Saliva samples from 5967 graduates and 3440 siblings.<\/p>\r\n"}]},"startYear":1957,"access":["data"],"markerPaper":"Herd P, Carr D, Roan C. Cohort Profile: Wisconsin longitudinal study (WLS). Int J Epidemiol. 2014 Feb;43(1):34-41. doi: 10.1093\/ije\/dys194.","pubmedId":"24585852","populations":[{"id":"94f01934-f992-4f8a-b98b-8e9cb81bd237","name":[{"lang":"en","value":"WLS Graduate sample"}],"description":[{"lang":"en","value":"<p>The population consists of a random sample of all Wisconsin high school graduates in 1957, born between 1938 and 1940.<\/p>\r\n"}],"recruitment":{"dataSources":["specific_population"],"specificPopulationSources":["other"],"otherSpecificPopulationSource":[{"lang":"en","value":"<p>Wisconsin high school graduates.<\/p>\r\n"}]},"selectionCriteria":{"countriesIso":["USA"],"territory":[{"lang":"en","value":"<p>Wisconsin<\/p>\r\n"}]},"numberOfParticipants":{"participant":{"noLimit":false,"number":10317},"sample":{"noLimit":false,"number":5967},"info":[{"lang":"en","value":"<p>1957 Survey: 10317 participants<\/p>\r\n\r\n<p>1964 Mail survey: 8922 participants<\/p>\r\n\r\n<p>1975 Mail survey: 9138 participants<\/p>\r\n\r\n<p><span>1993 Phone and&nbsp;mail survey: 8493 participants<\/span><\/p>\r\n\r\n<p><span>2004 <\/span><span>P<\/span><span>hone or mail survey<\/span><span>: 7732 participants<\/span><\/p>\r\n\r\n<p><span>2011 In-person or mail survey: 5968 participants<\/span><\/p>\r\n"}]},"dataCollectionEvents":[{"id":"bed5123a-6ba6-409f-8a8b-123249689fbc","name":[{"lang":"en","value":"1957 survey"}],"description":[{"lang":"en","value":"<p>The in person questionnaire includes information on marital aspirations and plans, occupational aspirations and plans, high school coursework, friends'&nbsp;occupational aspirations and plans, and parents' occupational and educational attainment.<\/p>\r\n"}],"startYear":1957,"endYear":1957,"dataSources":["questionnaires"]},{"id":"99a43621-02d1-444e-b332-ee926be2ea9b","name":[{"lang":"en","value":"1964 survey"}],"description":[{"lang":"en","value":"<p>Mail survey of participants. Includes information on detailed current schooling and attainment since high school, current and past job history, marital status and spouse's current schooling and occupation.<\/p>\r\n"}],"startYear":1964,"endYear":1964,"dataSources":["questionnaires"]},{"id":"fb45a58c-76c7-452d-8273-e370de619a9b","name":[{"lang":"en","value":"1975 survey"}],"description":[{"lang":"en","value":"<p>Telephone survey. Includes all the 1964 measures and informaton on civic engagement, time spent with family and friends, religious orientation and participation, marital history, detailed military history, current\/last job characteristics and aspirations, graduate and spouses' earnings, fertility history and educational, occupational and income aspirations and expectations for a selected child.<\/p>\r\n"}],"startYear":1975,"endYear":1975,"dataSources":["questionnaires"]},{"id":"9a978ff6-db94-436a-9684-88c60bc1d9d1","name":[{"lang":"en","value":"1993 survey"}],"description":[{"lang":"en","value":"<p>Telephone and\/or mail surveys. Includes all 1975 measures and information on detailed assets, detailed income, pension, future plans and retirement, health insurance, caregiving, selected child (education, employment, marital status, relationship with parents), chronic conditions, physical symptoms, physical limitations\/functional limitations, menopause and hormone therapy and smoking.<\/p>\r\n"}],"startYear":1993,"endYear":1993,"dataSources":["questionnaires"]},{"id":"132f06a2-717d-4365-b6b6-74f71cd9a53a","name":[{"lang":"en","value":"2004 survey"}],"description":[{"lang":"en","value":"<p>Telephone and&nbsp;mail surveys. 1993&nbsp;measures were repeated. It also included:<\/p>\r\n\r\n<ul>\r\n\t<li>Network data linking study participants<\/li>\r\n\t<li>Volunteering<\/li>\r\n\t<li>Internet use<\/li>\r\n\t<li>End of life preparations<\/li>\r\n\t<li>End of life experiences (death of spouse or parent)<\/li>\r\n\t<li>Menstruation, menopause and hysterectomy<\/li>\r\n\t<li>Hostility, anger, anxiety<\/li>\r\n\t<li>Masculinity scale<\/li>\r\n\t<li>Social support and relationships<\/li>\r\n\t<li>Marital quality<\/li>\r\n\t<li>Health Utility Index (functional measure)<\/li>\r\n\t<li>More detailed measures of chronic illnesses than collected&nbsp;in 1993<\/li>\r\n\t<li>Cognition-letter\/category fluency<\/li>\r\n\t<li>Cognition-similarities<\/li>\r\n\t<li>Cogntion-word recall<\/li>\r\n\t<li>Health care access and utilization<\/li>\r\n\t<li>Retrospective childhood health<\/li>\r\n\t<li>Retrospective childhood abuse<\/li>\r\n<\/ul>\r\n"}],"startYear":2004,"endYear":2004,"dataSources":["questionnaires","biological_samples"],"bioSamples":["saliva"]},{"id":"99fea89c-870d-455b-b54c-2b62919d92ce","name":[{"lang":"en","value":"2011 survey"}],"description":[{"lang":"en","value":"<p>In-person survey and mail survey. 2004 measures were repeated. The survey also included information on:<\/p>\r\n\r\n<ul>\r\n\t<li>Financial literacy<\/li>\r\n\t<li>Retirement attitudes<\/li>\r\n\t<li>Risk preferences<\/li>\r\n\t<li>Questions regarding the great recession<\/li>\r\n\t<li>Special survey of parents of children with developmental&nbsp;disabilities or significant mental illness<\/li>\r\n\t<li>Activities of daily living\/instrumental activities of daily&nbsp;living<\/li>\r\n\t<li>Cognition-delayed and immediate recall<\/li>\r\n\t<li>Cogntion-cookie theft description<\/li>\r\n\t<li>Extensive cognitive testing for 10% of the sample<\/li>\r\n\t<li>Waist-hip ratio<\/li>\r\n\t<li>Peak-flow capacity<\/li>\r\n\t<li>Time gait test<\/li>\r\n\t<li><span>Chair rise<\/span><\/li>\r\n\t<li><span>Vision screener<\/span><\/li>\r\n\t<li>Medication inventory<\/li>\r\n\t<li><span>Detailed questions on diabetes knowledge<\/span><\/li>\r\n\t<li><span>Anaesthesia experiences<\/span><\/li>\r\n\t<li>Elder abuse<\/li>\r\n<\/ul>\r\n\r\n<p>&nbsp;<\/p>\r\n"}],"startYear":2011,"endYear":2011,"dataSources":["questionnaires","physical_measures","biological_samples"],"bioSamples":["saliva"]}]},{"id":"9fd796d3-3b40-4ba3-8267-715e09f3a0d0","name":[{"lang":"en","value":"WLS Sibling sample"}],"description":[{"lang":"en","value":"<p>In 1977, the population consisted&nbsp;of a randomly selected sibling of the WLS graduate participants. In 1993 a full sibling sample was implemented.<\/p>\r\n"}],"recruitment":{"dataSources":["specific_population"],"specificPopulationSources":["other"],"otherSpecificPopulationSource":[{"lang":"en","value":"<p>Siblings of the graduate sample.<\/p>\r\n"}]},"selectionCriteria":{"countriesIso":["USA"]},"numberOfParticipants":{"participant":{"noLimit":false,"number":6002},"sample":{"noLimit":false,"number":3440},"info":[{"lang":"en","value":"<p>The sample frame for siblings for&nbsp;1975 was a 1\/3 random sample of one random living sibling for each graduate with a sibling. The 1993 eligible sibling sample excluded siblings who were in the 1975 sample frame, but were not interviewed; siblings of graduates not interviewed in 1975; and interviews not completed owing to lacking funds. The 2004 eligible siblings sample excluded siblings who were in the 1975 and\/or 1993 sample frame, but were not interviewed and&nbsp;siblings of graduates not interviewed in 1975 and 1993.<\/p>\r\n\r\n<p>1975: Mail survey: 2133 participants<\/p>\r\n\r\n<p>1993: Phone and mail survey: 5365 participants<\/p>\r\n\r\n<p>2004: Phone and mail survey: 4703 participants<\/p>\r\n\r\n<p>2011: In-person and mail survey: 3397 participants<\/p>\r\n"}]},"dataCollectionEvents":[{"id":"fb45a58c-76c7-452d-8273-e370de619a9b","name":[{"lang":"en","value":"1975 survey"}],"description":[{"lang":"en","value":"<p>Telephone survey. Includes all the 1964 measures and informaton on civic engagement, time spent with family and friends, religious orientation and participation, marital history, detailed military history, current\/last job characteristics and aspirations, graduate and spouses' earnings, fertility history and educational, occupational and income aspirations and expectations for a selected child.<\/p>\r\n"}],"startYear":1975,"endYear":1975,"dataSources":["questionnaires"]},{"id":"9a978ff6-db94-436a-9684-88c60bc1d9d1","name":[{"lang":"en","value":"1993 survey"}],"description":[{"lang":"en","value":"<p>Telephone and\/or mail surveys. Includes all 1975 measures and information on detailed assets, detailed income, pension, future plans and retirement, health insurance, caregiving, selected child (education, employment, marital status, relationship with parents), chronic conditions, physical symptoms, physical limitations\/functional limitations, menopause and hormone therapy and smoking.<\/p>\r\n"}],"startYear":1993,"endYear":1993,"dataSources":["questionnaires"]},{"id":"132f06a2-717d-4365-b6b6-74f71cd9a53a","name":[{"lang":"en","value":"2004 survey"}],"description":[{"lang":"en","value":"<p>Telephone and&nbsp;mail surveys. 1993&nbsp;measures were repeated. It also included:<\/p>\r\n\r\n<ul>\r\n\t<li>Network data linking study participants<\/li>\r\n\t<li>Volunteering<\/li>\r\n\t<li>Internet use<\/li>\r\n\t<li>End of life preparations<\/li>\r\n\t<li>End of life experiences (death of spouse or parent)<\/li>\r\n\t<li>Menstruation, menopause and hysterectomy<\/li>\r\n\t<li>Hostility, anger, anxiety<\/li>\r\n\t<li>Masculinity scale<\/li>\r\n\t<li>Social support and relationships<\/li>\r\n\t<li>Marital quality<\/li>\r\n\t<li>Health Utility Index (functional measure)<\/li>\r\n\t<li>More detailed measures of chronic illnesses than collected&nbsp;in 1993<\/li>\r\n\t<li>Cognition-letter\/category fluency<\/li>\r\n\t<li>Cognition-similarities<\/li>\r\n\t<li>Cogntion-word recall<\/li>\r\n\t<li>Health care access and utilization<\/li>\r\n\t<li>Retrospective childhood health<\/li>\r\n\t<li>Retrospective childhood abuse<\/li>\r\n<\/ul>\r\n"}],"startYear":2004,"endYear":2004,"dataSources":["questionnaires","biological_samples"],"bioSamples":["saliva"]},{"id":"99fea89c-870d-455b-b54c-2b62919d92ce","name":[{"lang":"en","value":"2011 survey"}],"description":[{"lang":"en","value":"<p>In-person survey and mail survey. 2004 measures were repeated. The survey also included information on:<\/p>\r\n\r\n<ul>\r\n\t<li>Financial literacy<\/li>\r\n\t<li>Retirement attitudes<\/li>\r\n\t<li>Risk preferences<\/li>\r\n\t<li>Questions regarding the great recession<\/li>\r\n\t<li>Special survey of parents of children with developmental&nbsp;disabilities or significant mental illness<\/li>\r\n\t<li>Activities of daily living\/instrumental activities of daily&nbsp;living<\/li>\r\n\t<li>Cognition-delayed and immediate recall<\/li>\r\n\t<li>Cogntion-cookie theft description<\/li>\r\n\t<li>Extensive cognitive testing for 10% of the sample<\/li>\r\n\t<li>Waist-hip ratio<\/li>\r\n\t<li>Peak-flow capacity<\/li>\r\n\t<li>Time gait test<\/li>\r\n\t<li><span>Chair rise<\/span><\/li>\r\n\t<li><span>Vision screener<\/span><\/li>\r\n\t<li>Medication inventory<\/li>\r\n\t<li><span>Detailed questions on diabetes knowledge<\/span><\/li>\r\n\t<li><span>Anaesthesia experiences<\/span><\/li>\r\n\t<li>Elder abuse<\/li>\r\n<\/ul>\r\n\r\n<p>&nbsp;<\/p>\r\n"}],"startYear":2011,"endYear":2011,"dataSources":["questionnaires","physical_measures","biological_samples"],"bioSamples":["saliva"]}]},{"id":"4e087e80-9e68-4f91-a7d6-c22be0725ee1","name":[{"lang":"en","value":"WLS Spouses sample"}],"description":[{"lang":"en","value":"<p>The population consists of spouses of the WLS graduates sample and the siblings sample.<\/p>\r\n"}],"recruitment":{"dataSources":["specific_population"],"specificPopulationSources":["other"],"otherSpecificPopulationSource":[{"lang":"en","value":"<p>Spouses of the graduate sample.<\/p>\r\n"}]},"selectionCriteria":{"countriesIso":["USA"]},"numberOfParticipants":{"participant":{"noLimit":false,"number":6015},"sample":{"noLimit":false},"info":[{"lang":"en","value":"<p>Spouses of the graduates: 3890 participants<\/p>\r\n\r\n<p>Spouses of the siblings: 2125 participants<\/p>\r\n"}]},"dataCollectionEvents":[{"id":"132f06a2-717d-4365-b6b6-74f71cd9a53a","name":[{"lang":"en","value":"2004 survey"}],"description":[{"lang":"en","value":"<p>Telephone and&nbsp;mail surveys. 1993&nbsp;measures were repeated. It also included:<\/p>\r\n\r\n<ul>\r\n\t<li>Network data linking study participants<\/li>\r\n\t<li>Volunteering<\/li>\r\n\t<li>Internet use<\/li>\r\n\t<li>End of life preparations<\/li>\r\n\t<li>End of life experiences (death of spouse or parent)<\/li>\r\n\t<li>Menstruation, menopause and hysterectomy<\/li>\r\n\t<li>Hostility, anger, anxiety<\/li>\r\n\t<li>Masculinity scale<\/li>\r\n\t<li>Social support and relationships<\/li>\r\n\t<li>Marital quality<\/li>\r\n\t<li>Health Utility Index (functional measure)<\/li>\r\n\t<li>More detailed measures of chronic illnesses than collected&nbsp;in 1993<\/li>\r\n\t<li>Cognition-letter\/category fluency<\/li>\r\n\t<li>Cognition-similarities<\/li>\r\n\t<li>Cogntion-word recall<\/li>\r\n\t<li>Health care access and utilization<\/li>\r\n\t<li>Retrospective childhood health<\/li>\r\n\t<li>Retrospective childhood abuse<\/li>\r\n<\/ul>\r\n"}],"startYear":2004,"endYear":2004,"dataSources":["questionnaires","biological_samples"],"bioSamples":["saliva"]}]}]}