{"id":"d866c973-e39a-4bd6-8941-cee9f978ba59","name":[{"lang":"en","value":"OCTO Twin 2"}],"description":[{"lang":"en","value":"<p>Variables of wave 2 (1993-1996). The dataset contains 740 variables.<\/p>\r\n"}],"entityType":"Participant","published":false,"obiba.mica.StudyDatasetDto.type":{"studyTable":{"studyId":"044a4924-053c-4dec-a40a-922ea2b6ee48","populationId":"c3709726-4893-4479-ac13-3a61fba47b4c","dataCollectionEventId":"6583303d-e55f-4ad2-acc6-3212dc90e1aa","project":"OCTO-Twin","table":"OCTO Twin 2"}}}