{"id":"c28c3030-bc63-4d86-b3dd-73977f09987f","name":[{"lang":"en","value":"OCTO Twin 5"}],"description":[{"lang":"en","value":"<p>Variables of&nbsp;wave 5&nbsp;(1999-2002). The dataset contains 666 variables.<\/p>\r\n"}],"entityType":"Participant","published":false,"obiba.mica.StudyDatasetDto.type":{"studyTable":{"studyId":"044a4924-053c-4dec-a40a-922ea2b6ee48","populationId":"c3709726-4893-4479-ac13-3a61fba47b4c","dataCollectionEventId":"f64018b2-a4c8-4872-9ccc-bb9e7d8a575d","project":"OCTO-Twin","table":"OCTO Twin 5"}}}