{"id":"e71780d6-2428-477e-9a6a-2910537ac152","name":[{"lang":"en","value":"OCTO Twin 3"}],"description":[{"lang":"en","value":"<p>Variables of wave 3 (1995-1998). The dataset contains 737 variables.<\/p>\r\n"}],"entityType":"Participant","published":false,"obiba.mica.StudyDatasetDto.type":{"studyTable":{"studyId":"044a4924-053c-4dec-a40a-922ea2b6ee48","populationId":"c3709726-4893-4479-ac13-3a61fba47b4c","dataCollectionEventId":"a2735eab-7c8f-433f-9a0e-2089d49ee40e","project":"OCTO-Twin","table":"OCTO Twin 3"}}}