{"id":"6cb25a94-24bb-4816-9bd9-eb44287004a9","name":[{"lang":"en","value":"OCTO Twin 4"}],"description":[{"lang":"en","value":"<p>Variables of wave 4&nbsp;(1997-2000). The dataset contains 737 variables.<\/p>\r\n"}],"entityType":"Participant","published":false,"obiba.mica.StudyDatasetDto.type":{"studyTable":{"studyId":"044a4924-053c-4dec-a40a-922ea2b6ee48","populationId":"c3709726-4893-4479-ac13-3a61fba47b4c","dataCollectionEventId":"cc1229b0-6640-4291-ad10-ee29aa800ceb","project":"OCTO-Twin","table":"OCTO Twin 4"}}}