{"id":"1a188a7d-d91b-445d-ac73-f6c4ab68cf21","name":[{"lang":"en","value":"OCTO Twin 1"}],"description":[{"lang":"en","value":"<p>Variables of wave 1 (1991-1994). The dataset contains 798 variables.<\/p>\r\n"}],"entityType":"Participant","published":false,"obiba.mica.StudyDatasetDto.type":{"studyTable":{"studyId":"044a4924-053c-4dec-a40a-922ea2b6ee48","populationId":"c3709726-4893-4479-ac13-3a61fba47b4c","dataCollectionEventId":"43a5cb16-8f24-4827-b7af-3ba3af7b54e8","project":"OCTO-Twin","table":"OCTO Twin 1"}}}