{"id":"044a4924-053c-4dec-a40a-922ea2b6ee48","name":[{"lang":"en","value":"Origin of Variances in the Oldest-Old: Octogenarian Twins (OCTO-Twin)"}],"acronym":[{"lang":"en","value":"OCTO-Twin"}],"logo":{"id":"b61c1247-68c5-4806-b6d8-cf2df4f4f6be","fileName":"octo twin logo.png","type":"logo","description":[{"lang":"en"}],"lang":"en","justUploaded":true},"investigators":[{"lastName":"Prof. Boo Johansson (University of Gothenburg)","email":"Boo.Johansson@psy.gu.se","phone":" +46 -31 7861656","dataAccessCommitteeMember":false,"institution":{"name":[{"lang":"en","value":"University of Gothenburg"}],"department":[{"lang":"en","value":"Dept of Psychology"}],"address":{"street":[{"lang":"en","value":"Box 500, 40530 Gothenburg"}]}}}],"contacts":[{"lastName":"Prof. Boo Johansson (University of Gothenburg)","email":"Boo.Johansson@psy.gu.se","phone":" +46 -31 7861656","dataAccessCommitteeMember":false,"institution":{"name":[{"lang":"en","value":"University of Gothenburg"}],"department":[{"lang":"en","value":"Dept of Psychology"}],"address":{"street":[{"lang":"en","value":"Box 500, 40530 Gothenburg"}]}}}],"objectives":[{"lang":"en","value":"<p>The study aimed to investigate the etiology of individual differences among twin-pairs age 80 and older, on a range of domains including health and functional capacity, cognitive functioning, psychological well-being, personality and personal control.&nbsp;<\/p>\r\n\r\n<p>&nbsp;<\/p>\r\n"}],"website":"http:\/\/www.psy.gu.se\/kontakt\/personal\/boo_johansson","specificAuthorization":{"authorized":false,"date":"1969-12-31T19:00:00-05:00"},"maelstromAuthorization":{"authorized":true,"authorizer":"Prof Boo Johansson","date":"2014-04-03T00:00:00-04:00"},"methods":{"designs":["cohort_study"],"followUpInfo":[{"lang":"en","value":"<p>Participants were assessed up to 5 times at 2-year intervals providing up to 8 years of follow-up<\/p>\r\n"}],"recruitments":["families"]},"numberOfParticipants":{"participant":{"noLimit":false,"number":702},"sample":{"noLimit":false,"number":552}},"startYear":1991,"endYear":2002,"access":["data"],"markerPaper":"[McClearn, G. E., Johansson, B., Berg, S., Pedersen, N. L., Ahern, F., Petrill, S. A., et al. (1997). Substantial genetic influence on cognitive abilities in twins 80 or more years old. Science, 276, 1560-1563.]","pubmedId":"9171059","populations":[{"id":"c3709726-4893-4479-ac13-3a61fba47b4c","name":[{"lang":"en","value":"Octogenerian Twins"}],"description":[{"lang":"en","value":"<p>Twin pairs were drawn from the Swedish population-based Twin Registry. At the first wave the twins had to be born 1913 or earlier and both partners in the pair had to accept participation. At the first wave 351 twin pairs (149 MZ and 202 like-sex DZ pairs) were investigated (average age 83.57 years; 67% of the sample were female). The two-year longitudinal follow-ups were conducted on all twins alive who agreed to participate, irrespective of twin status. The participation in the 2nd Wave was 235 pairs (568 individuals), in the 3rd wave 144 pairs (430 individuals), in the 4th wave 4 86 pairs (315 individuals), and at the last occasion (wave 5) 43 pairs (222 individuals participated. The initial OCTO-Twin sample was found to be similar to a representative sample of non-twins aged 80 and older (Simmons et al., 1997). Linkages are continuously performed to the Twin Registry\/Census register and to the death register for vital status.<\/p>\r\n"}],"recruitment":{"dataSources":["other"]},"selectionCriteria":{"ageMin":79,"ageMax":98,"countriesIso":["SWE"],"criteria":["twin"]},"numberOfParticipants":{"participant":{"noLimit":false,"number":702},"sample":{"noLimit":false,"number":552},"info":[{"lang":"en","value":"<p>351 twin pairs, including 149 identical or monozygotic (MZ) pairs, and 202 same-sex fraternal or dizygotic (DZ) twin pairs<\/p>\r\n"}]},"dataCollectionEvents":[{"id":"43a5cb16-8f24-4827-b7af-3ba3af7b54e8","name":[{"lang":"en","value":"OCTO-Twin wave 1"}],"description":[{"lang":"en","value":"<p>Baseline<\/p>\r\n"}],"startYear":1991,"startMonth":2,"endYear":1994,"endMonth":3,"dataSources":["questionnaires","physical_measures","biological_samples"],"bioSamples":["blood"]},{"id":"6583303d-e55f-4ad2-acc6-3212dc90e1aa","name":[{"lang":"en","value":"OCTO-Twin wave 2"}],"description":[{"lang":"en","value":"<p>First follow-up of participant. The number of tested individuals and pairs were 568 and 235 respectively.&nbsp;<\/p>\r\n"}],"startYear":1993,"startMonth":5,"endYear":1996,"endMonth":5,"dataSources":["questionnaires","physical_measures","biological_samples"],"bioSamples":["blood"]},{"id":"a2735eab-7c8f-433f-9a0e-2089d49ee40e","name":[{"lang":"en","value":"OCTO-Twin wave 3"}],"description":[{"lang":"en","value":"<p>Second follow-up of participant. The number of tested individuals and pairs were 430 and 144 respectively.&nbsp;<\/p>\r\n"}],"startYear":1995,"startMonth":4,"endYear":1998,"endMonth":5,"dataSources":["questionnaires","physical_measures","biological_samples"],"bioSamples":["blood"]},{"id":"cc1229b0-6640-4291-ad10-ee29aa800ceb","name":[{"lang":"en","value":"OCTO-Twin wave 4"}],"description":[{"lang":"en","value":"<p><span>Third follow-up of participant. The number of tested individuals and pairs were 315 and 86 respectively.&nbsp;<\/span><\/p>\r\n"}],"startYear":1997,"startMonth":4,"endYear":2000,"endMonth":5,"dataSources":["questionnaires","physical_measures","biological_samples"],"bioSamples":["blood"]},{"id":"f64018b2-a4c8-4872-9ccc-bb9e7d8a575d","name":[{"lang":"en","value":"OCTO-Twin wave 5"}],"description":[{"lang":"en","value":"<p>Fourth follow-up of participant. The number of tested individuals and pairs were 222 and 43 respectively.&nbsp;<\/p>\r\n"}],"startYear":1999,"startMonth":12,"endYear":2002,"endMonth":3,"dataSources":["questionnaires","physical_measures","biological_samples"],"bioSamples":["blood"]}]}]}