{"id":"acd48299-cadd-41bc-977f-e229df9efa01","name":[{"lang":"en","value":"Irish Longitudinal Study on Ageing (TILDA)"}],"acronym":[{"lang":"en","value":"TILDA"}],"logo":{"id":"b1e0eb52-406a-4f68-8f64-7dcf9a5e5d8a","fileName":"tilda.jpg","type":"logo","description":[{"lang":"en"}],"lang":"en","justUploaded":true},"investigators":[{"lastName":"Prof. Rose Anne Kenny (Trinity College Dublin)","dataAccessCommitteeMember":false,"institution":{"name":[{"lang":"en","value":"Trinity College Dublin"}],"address":{"country":{"iso":"IE","name":[{"lang":"en","value":"Ireland"}]}}}}],"contacts":[{"lastName":"Dr. Ann Hever (Trinity College Dublin)","email":"HEVERA@tcd.ie","dataAccessCommitteeMember":false,"institution":{"name":[{"lang":"en","value":"Trinity College Dublin"}],"address":[]}}],"objectives":[{"lang":"en","value":"<p>The principal objective of the Irish Longitudinal Study on Ageing are to determine:<\/p>\r\n\r\n<ul>\r\n\t<li>the health status and health needs of older people<\/li>\r\n\t<li>the social and economic status and needs of older people<\/li>\r\n\t<li>the health, economic and social needs of families and carers of older people<\/li>\r\n\t<li>the biological and environmental components of \"successful ageing\"<\/li>\r\n\t<li>the contributions that older people are making to society and the economy<\/li>\r\n\t<li>how each of these key components (health, wealth, happiness) interact such that we can ensure that Ireland meets the needs and choices of its citizens in a personalised and positive environment and with due dignity and respect<\/li>\r\n<\/ul>\r\n"}],"website":"http:\/\/www.tilda.ie","specificAuthorization":{"authorized":false,"date":"1969-12-31T19:00:00-05:00"},"maelstromAuthorization":{"authorized":true,"authorizer":"Ann Hever","date":"2014-02-21T00:00:00-05:00"},"methods":{"designs":["cohort_study"],"followUpInfo":[{"lang":"en","value":"<p><span>Participants in the first wave will be invited to complete a follow-up interview every two years and a health assessment every three to four years for a ten year period.<\/span><\/p>\r\n"}],"recruitments":["individuals"]},"numberOfParticipants":{"participant":{"noLimit":false,"number":8500},"sample":{"noLimit":false,"number":5800}},"startYear":2009,"access":["data","biosamples"],"markerPaper":"Whelan BJ, Savva GM. Design and methodology of the Irish Longitudinal Study on Ageing. J Am Geriatr Soc. 2013 May;61 Suppl 2:S265-8. doi: 10.1111\/jgs.12199. PubMed PMID: 23662718.","pubmedId":"23662718","info":[{"lang":"en","value":"<p>Kenny RA. An Introduction to the Irish Longitudinal Study on Ageing. J Am Geriatr Soc. 2013 May; Suppl2:S263-64. doi: 10.1111\/jgs.12200&nbsp;PubMed PMID: 23662717.<\/p>\r\n\r\n<p>Cronin H, O'Regan C, Finucane C, Kearney P, Kenny RA. Health and ageing: development of the Irish Longitudinal Study on Ageing health assessment. J Am Geriatr Soc. 2013 May;61 Suppl 2:S269-78. doi: 10.1111\/jgs.12197. PubMed PMID: 23662719.<\/p>\r\n"}],"populations":[{"id":"fa05ef27-0b14-4935-9593-2ebe2b3e02c7","name":[{"lang":"en","value":"TILDA Population"}],"description":[{"lang":"en","value":"<p>Eligible respondents for this study include individuals aged 50 and over and their spouses or partners of any age.<\/p>\r\n\r\n<p>A nationally representative sample of at least 8,000 adults aged 50 and over, resident in Ireland, was selected using a population sift. The selected addresses were visited by an interviewer from Ipsos MORI and all persons aged 50 or over (and their spouses\/partners of any age) were canvassed to participate in the survey. 8,504 participants were recruited to the study. These include 8,175 respondents aged 50+ and 329 younger partners of eligible individuals. The household response rate to the study was 62%.<\/p>\r\n"}],"recruitment":{"dataSources":["general"],"generalPopulationSources":["volunteer"]},"selectionCriteria":{"ageMin":50,"countriesIso":["IRL"]},"numberOfParticipants":{"participant":{"noLimit":false,"number":8504},"sample":{"noLimit":false,"number":5700}},"dataCollectionEvents":[{"id":"daa907fe-4b5a-4ced-bc3b-ecef68eb1204","name":[{"lang":"en","value":"TILDA Wave 1"}],"description":[{"lang":"en","value":"<p>TILDA 2009-2011 main questionnaire consists of 24 modules&nbsp;<span>on all aspects of the respondents\u2019 lives, including the economic dimension, health aspects&nbsp;and the social domain. &nbsp;It was&nbsp;<\/span>completed by face-to-face, computer assisted&nbsp;interview and supplemented by a self-completed questionnaire. &nbsp;Later, h<span>ealth assessments were carried out by qualified and trained research nurses. Cognitive, cardiovascular, gait and balance and vision measurements and tests were taken in the health assessment.<\/span><\/p>\r\n"}],"startYear":2009,"startMonth":10,"endYear":2011,"endMonth":2,"dataSources":["questionnaires","physical_measures","biological_samples","others"],"otherDataSources":[{"lang":"en","value":"Computer Assisted Personal Interview"}],"bioSamples":["blood"]},{"id":"6e38c913-d7cf-4a0e-8583-f89f7169fbae","name":[{"lang":"en","value":"TILDA Wave 2"}],"description":[{"lang":"en","value":"<p>TILDA 2012 main questionnaire was completed by a face-to-face, computer-assisted interview and supplemented by&nbsp;a self-completed questionnaire. &nbsp;Questions were asked on&nbsp;<span>health, housing, social support, work, retirement, pensions and quality of life. &nbsp;Since Wave 1 a number of new questions were added,&nbsp;&nbsp;including some on personality. &nbsp;There was no separate health assessment during this wave, but the interviewers took a measure of handgrip strength and walking speed when they visited participants in their homes.<\/span><\/p>\r\n\r\n<p>&nbsp;<\/p>\r\n"}],"startYear":2012,"startMonth":4,"endYear":2013,"endMonth":1,"dataSources":["questionnaires","physical_measures","others"],"otherDataSources":[{"lang":"en","value":"Computer Assisted Personal Interview"}]},{"id":"6653b602-82fc-4c48-a163-2e86e84ebf46","name":[{"lang":"en","value":"TILDA Wave 3"}],"description":[{"lang":"en","value":"<p>TILDA 2014 main questionnaire will be completed by&nbsp;<span>face-to-face, computer assisted&nbsp;interview and supplemented by a self-completed questionnaire.&nbsp;<\/span><span>&nbsp;Later, health assessments will be carried out by qualified and trained research nurses.<\/span><\/p>\r\n"}],"startYear":2014,"endYear":2014,"dataSources":["questionnaires","physical_measures","biological_samples","others"],"otherDataSources":[{"lang":"en","value":"Computer Assisted Personal Interview"}],"bioSamples":["blood"]},{"id":"8a1855d9-f208-463d-83a2-cf86b0f5ef2d","name":[{"lang":"en","value":"TILDA Wave 4"}],"description":[{"lang":"en","value":"<p>TILDA 2016 main questionnaire will be&nbsp;<span>completed by a face-to-face, computer-assisted interview and supplemented by&nbsp;a self-completed questionnaire. &nbsp;There is no separate health assessment during this wave.<\/span><\/p>\r\n"}],"startYear":2016,"endYear":2016,"dataSources":["questionnaires","physical_measures","others"],"otherDataSources":[{"lang":"en","value":"Computer Assisted Personal Interview"}]}]}]}