{"id":"68c768f9-0710-4ba3-a62e-ad47a9aab873","name":[{"lang":"en","value":"Caerphilly Cohort Study of Older Men (CaPS)"}],"acronym":[{"lang":"en","value":"CaPS"}],"investigators":[{"lastName":"Prof. Yoav Ben-Shlomo (University of Bristol)","email":"y.ben-shlomo@bristol.ac.uk","phone":"+44 (0) 117 928 7206","dataAccessCommitteeMember":false,"institution":{"name":[{"lang":"en","value":"University of Bristol"}],"department":[{"lang":"en","value":"School of Social and Community "}],"address":{"street":[{"lang":"en","value":"Canynge Hall, 39 Whatley Road"}],"city":[{"lang":"en","value":"Bristol"}],"zip":"BS8 2PS","country":{"iso":"GB","name":[{"lang":"en","value":"United Kingdom"}]}}}},{"lastName":"Dr. John Gallacher (Cardiff University)","dataAccessCommitteeMember":false,"institution":{"name":[{"lang":"en","value":"Cardiff University"}],"address":[]}},{"lastName":"Prof. George Davey Smith (University of Bristol)","dataAccessCommitteeMember":false,"institution":{"name":[{"lang":"en","value":"University of Bristol"}],"address":[]}},{"lastName":"Prof. Peter Elwood (University of Bristol)","dataAccessCommitteeMember":false,"institution":{"name":[{"lang":"en","value":"University of Bristol"}],"address":[]}},{"lastName":"Dr. John Yarnell (University of Bristol)","dataAccessCommitteeMember":false,"institution":{"name":[{"lang":"en","value":"University of Bristol"}],"address":[]}}],"contacts":[{"lastName":"Prof. Yoav Ben-Shlomo (University of Bristol)","email":"y.ben-shlomo@bristol.ac.uk","phone":"+44 (0) 117 928 7206","dataAccessCommitteeMember":false,"institution":{"name":[{"lang":"en","value":"University of Bristol"}],"department":[{"lang":"en","value":"School of Social and Community "}],"address":{"street":[{"lang":"en","value":"Canynge Hall, 39 Whatley Road"}],"city":[{"lang":"en","value":"Bristol"}],"zip":"BS8 2PS","country":{"iso":"GB","name":[{"lang":"en","value":"United Kingdom"}]}}}}],"objectives":[{"lang":"en","value":"<p>The initial aims of the study were to examine the importance of lipids, haemostatic factors, and hormones such as testosterone, cortisol and insulin (Lichtenstein et al 1987) in the development of ischaemic heart disease (IHD). Subsequently, other hypotheses were included with a specific interest in platelet function, and psychosocial variables. With the ageing of the cohort, additional outcomes have been included in particular stroke, hearing problems and cognitive function.<\/p>\r\n"}],"website":"http:\/\/www.bris.ac.uk\/social-community-medicine\/projects\/caerphilly\/","specificAuthorization":{"authorized":false,"date":"1969-12-31T19:00:00-05:00"},"maelstromAuthorization":{"authorized":true,"authorizer":"Prof. Yoav Ben-Shlomo","date":"2014-02-28T00:00:00-05:00"},"methods":{"designs":["cohort_study"],"recruitments":["individuals"]},"numberOfParticipants":{"participant":{"noLimit":false,"number":2959},"sample":{"noLimit":false,"number":1500},"info":[{"lang":"en","value":"<p>The target number of participants with biological samples varies depending on type of sample.<\/p>\r\n"}]},"startYear":1979,"access":["data","biosamples","other"],"otherAccess":[{"lang":"en","value":"<p>If approved by access committee<\/p>\r\n"}],"populations":[{"id":"ac5a79ce-c3d0-4bf2-93c3-ccd950708134","name":[{"lang":"en","value":"Caerphilly Cohort"}],"description":[{"lang":"en","value":"<p>The population consist of men aged 45-59 years living in and around the town of Caerphilly, South Wales.<\/p>\r\n"}],"recruitment":{"dataSources":["general"],"generalPopulationSources":["selected_samples"],"info":[{"lang":"en","value":"<p>Subjects were identified from the electoral register and general practice lists.<\/p>\r\n"}]},"selectionCriteria":{"gender":0,"ageMin":45,"ageMax":59,"countriesIso":["GBR"],"territory":[{"lang":"en","value":"<p>Caerphilly, South Wales<\/p>\r\n"}]},"numberOfParticipants":{"participant":{"noLimit":false,"number":2959},"sample":{"noLimit":false,"number":1500},"info":[{"lang":"en","value":"<p><span>The number of participants with biological samples varies depending on type of sample.<\/span><\/p>\r\n"}]},"dataCollectionEvents":[{"id":"5bafd454-e05d-4614-9c6f-b349a826d811","name":[{"lang":"en","value":"Follow-up research"}],"description":[{"lang":"en","value":"<p>Data on stroke events as well as new non-fatal myocardial infarctions were&nbsp;collected by post at two further occasions.&nbsp;<span style=\"line-height: 1.6em;\">Clinical records of all strokes have been studied in detail and CT scans obtained where possible. In the most recent follow-up, standardised data on disability and functional limitation was included to derive a measure of healthy ageing.&nbsp;<\/span><span style=\"line-height: 1.6em;\">All deaths and cancer registrations are flagged (NHSCR) and added to the database.<\/span><\/p>\r\n"}],"startYear":1997,"startMonth":3,"endMonth":12,"dataSources":["administratives_databases"],"administrativeDatabases":["health_databases","vital_statisctics_databases"]},{"id":"941c9a0f-9289-4c7c-879b-fae520f897a9","name":[{"lang":"en","value":"Phase I"}],"description":[{"lang":"en","value":"<p>Men were&nbsp;seen at an evening clinic, where they completed a questionnaire, had anthropometric measures and an ECG taken. They also completed a food frequency questionnaire at home.&nbsp;They subsequently re-attended an early morning clinic to have fasting blood samples for a wide variety of tests.<\/p>\r\n"}],"startYear":1979,"startMonth":7,"endYear":1983,"endMonth":9,"dataSources":["questionnaires","physical_measures","biological_samples"],"bioSamples":["blood"]},{"id":"9e942f85-20f8-464e-a1c2-e868303c8863","name":[{"lang":"en","value":"Phase II"}],"description":[{"lang":"en","value":"<p>&nbsp;Follow-up of participants. Same test as in phase I were undertaken in addition of an audimetry test.&nbsp;<\/p>\r\n\r\n<p>447 men who had moved in the study areas were added to the study.<\/p>\r\n"}],"startYear":1984,"startMonth":7,"endYear":1988,"endMonth":6,"dataSources":["questionnaires","physical_measures","biological_samples"],"bioSamples":["blood"]},{"id":"da93259c-caf8-4635-9956-a2a2b06f8f44","name":[{"lang":"en","value":"Phase III"}],"description":[{"lang":"en","value":"<p>Second follow-up of participants. Same methods as in precedent waves.&nbsp;The main new features were a standardised battery of cognitive function tests as well as a variety of new platelet and bleeding time tests.<\/p>\r\n"}],"startYear":1989,"startMonth":11,"endYear":1993,"endMonth":9,"dataSources":["questionnaires","physical_measures","biological_samples"],"bioSamples":["blood"]},{"id":"52a74780-c2f3-476d-b5ab-d73ddcb2bac8","name":[{"lang":"en","value":"Phase IV"}],"description":[{"lang":"en","value":"<p>Third follow-up of participants.&nbsp;Audiometry measured at phase II was repeated as was cognitive function measured at phase III. All men have been followed up for incident IHD through mortality flagging, self-reported information confirmed by medical records, positive history to the Rose angina questionnaire, checking hospital admissions and new evidence of ECG ischaemia.<\/p>\r\n"}],"startYear":1993,"startMonth":10,"endYear":1997,"endMonth":2,"dataSources":["questionnaires","physical_measures","biological_samples","administratives_databases"],"administrativeDatabases":["health_databases"],"bioSamples":["blood"]},{"id":"874e46ae-6a3f-466e-b413-deaae233866a","name":[{"lang":"en","value":"Phase V"}],"description":[{"lang":"en","value":"<p><span>Fourth follow-up of participants. Repeat questionnaire and clinical examination but addition of memory clinic for subjects with CAMCOG score below threshold or 10 point decline. Subjects classified as dementia, CIND or normal.<\/span><\/p>\r\n"}],"startYear":2002,"endYear":2004,"dataSources":["questionnaires","physical_measures"]}]}]}