{"id":"97ac7021-1e1f-406b-9377-3cb97685a7c0","name":[{"lang":"en","value":"Lothian Birth Cohort 1921 (LBC1921)"}],"acronym":[{"lang":"en","value":"LBC1921"}],"investigators":[{"lastName":"MD. Ian Deary (University of Edinburgh)","email":"i.deary@ed.ac.uk","phone":"0131 650 3452","dataAccessCommitteeMember":false,"institution":{"name":[{"lang":"en","value":"University of Edinburgh"}],"department":[{"lang":"en","value":"Centre for Cognitive Ageing and Cognitive Epidemiology"}],"address":{"city":[{"lang":"en","value":"Edinburgh"}],"state":"Scotland","country":{"iso":"GB","name":[{"lang":"en","value":"United Kingdom"}]}}}},{"lastName":"MD. John Starr (University of Edinburgh)","email":"jstarr@staffmail.ed.ac.uk","phone":"0131 650 4340","dataAccessCommitteeMember":false,"institution":{"name":[{"lang":"en","value":"University of Edinburgh"}],"department":[{"lang":"en","value":"Alzheimer Scotland Dementia Research Centre"}],"address":{"city":[{"lang":"en","value":"Edinburgh"}],"state":"Scotland","country":{"iso":"GB","name":[{"lang":"en","value":"United Kingdom"}]}}}}],"contacts":[{"lastName":"MD. Ian Deary (University of Edinburgh)","email":"i.deary@ed.ac.uk","phone":"0131 650 3452","dataAccessCommitteeMember":false,"institution":{"name":[{"lang":"en","value":"University of Edinburgh"}],"department":[{"lang":"en","value":"Centre for Cognitive Ageing and Cognitive Epidemiology"}],"address":{"city":[{"lang":"en","value":"Edinburgh"}],"state":"Scotland","country":{"iso":"GB","name":[{"lang":"en","value":"United Kingdom"}]}}}},{"lastName":"MD. John Starr (University of Edinburgh)","email":"jstarr@staffmail.ed.ac.uk","phone":"0131 650 4340","dataAccessCommitteeMember":false,"institution":{"name":[{"lang":"en","value":"University of Edinburgh"}],"department":[{"lang":"en","value":"Alzheimer Scotland Dementia Research Centre"}],"address":{"city":[{"lang":"en","value":"Edinburgh"}],"state":"Scotland","country":{"iso":"GB","name":[{"lang":"en","value":"United Kingdom"}]}}}}],"objectives":[{"lang":"en","value":"<p><span>The original aim of the LBC1921 study was to seek influences on cognitive ageing in healthy old people.&nbsp;<\/span><span>The objectives were: <\/span><\/p>\r\n\r\n<ul>\r\n\t<li><span>to test the effect of&nbsp;<\/span><em>APOE<\/em><span>&nbsp;e4 status on lifetime cognitive ageing; <\/span><\/li>\r\n\t<li><span>to collect social, cognitive and medical data; <\/span><\/li>\r\n\t<li><span>to retain the phenotypic information and DNA in order to test other candidate genes.&nbsp;<\/span><\/li>\r\n<\/ul>\r\n\r\n<p><span>Subsequently, the study aimed at explaining variation in lifetime cognitive ageing, studied the effects of single nucleotide polymorphisms (SNPs) from over 100 oxidative-stress-related genes, and conducted a genome-wide association study (GWAS).&nbsp;The principal aims of&nbsp;waves 3 and 4 of the LBC1921 were to test the common cause hypothesis of cognitive ageing: i.e. they aimed to use the longitudinal data collected within old age to test the idea that age-related physical and cognitive changes proceed in parallel, owing to shared causes.<\/span><\/p>\r\n"}],"website":"http:\/\/www.lothianbirthcohort.ed.ac.uk\/","specificAuthorization":{"authorized":true,"authorizer":"Ian Deary","date":"2014-08-15T00:00:00-04:00"},"maelstromAuthorization":{"authorized":true,"authorizer":"Ian Deary","date":"2014-08-15T00:00:00-04:00"},"methods":{"designs":["cohort_study"],"followUpInfo":[{"lang":"en","value":"<p><span>The participants in LBC1921 have been examined at mean ages of 79, 83, 87 and 90 years.<\/span><\/p>\r\n"}],"recruitments":["other"],"otherRecruitment":[{"lang":"en","value":"Sub-sample of the participants of the Scottish Mental Survey of 1932 "}]},"numberOfParticipants":{"participant":{"noLimit":false,"number":550},"sample":{"noLimit":false,"number":550},"info":[{"lang":"en","value":"<p>234 men and 316 women.<\/p>\r\n"}]},"startYear":1999,"markerPaper":"Deary IJ, Gow AJ, Pattie A, Starr JM. Cohort profile: the Lothian Birth Cohorts of 1921 and 1936. Int J Epidemiol. 2012 Dec;41(6):1576-84.","pubmedId":"22253310","populations":[{"id":"8a8a19ef-3a2e-4c1a-982d-3bb01a284912","name":[{"lang":"en","value":"LBC1921"}],"description":[{"lang":"en","value":"<p>A sub-sample of the Scottish Mental Survey 1932. The mean age of the participants was 79 years old at wave 1, 83 years old at wave 2, 87 years old at wave 3 and 90 years old at wave 4.<\/p>\r\n"}],"recruitment":{"dataSources":["exist_studies"],"studies":[{"localizedStrings":[{"lang":"en","value":"The Scottish Mental Survey 1932"}]}],"info":[{"lang":"en","value":"<p>Almost 70 years later, individuals who had potentially taken part in the Scottish Mental Survey 1932 were identified in Edinburgh and the surrounding area (the Lothians) and invited to participate in the LBC1921.<\/p>\r\n"}]},"selectionCriteria":{"ageMin":11,"ageMax":11,"countriesIso":["GBR"],"territory":[{"lang":"en","value":"<p>Edinburgh and the surrounding area.<\/p>\r\n"}],"otherCriteria":[{"lang":"en","value":"<p>Only the available participants who had completed all previous waves were invited.<\/p>\r\n"}]},"numberOfParticipants":{"participant":{"noLimit":false,"number":550},"sample":{"noLimit":false,"number":550},"info":[{"lang":"en","value":"<p>Wave 1: 550 participants (234 men and 316 women)<\/p>\r\n\r\n<p>Wave 2: 321 participants (145 men and 176 women)<\/p>\r\n\r\n<p>Wave 3: 237 participants (109 men and 128 women)<\/p>\r\n\r\n<p>Wave 4: 129 participants (59&nbsp;men and 70&nbsp;women)<\/p>\r\n\r\n<p>Wave 5: 59 participants (26 men and 33 women)<\/p>\r\n"}]},"dataCollectionEvents":[{"id":"569aa98d-2c59-46f8-ac6e-27030e76c6d3","name":[{"lang":"en","value":"LBC1921 - Wave 1"}],"description":[{"lang":"en","value":"<p><span>Socio-demographic information: education, occupation, marital status\/living arrangement.<\/span><\/p>\r\n\r\n<p>Self-reported parental background, education and occupation, wellbeing, social networks and support, activities and personality.<\/p>\r\n\r\n<p><span>Cognitive ability: Moray House Test and cognitive test battery consisting of executive function, reasoning and memory.<\/span><\/p>\r\n\r\n<p><span>History of disease and medication use, anxiety and depression, smoking and alcohol status.<\/span><\/p>\r\n\r\n<p><span>Physical and fitness measures: disability scale, ECG, height, weight, blood pressure, lung function, grip strength, 6-m walk time, visual acuity, dentition.<\/span><\/p>\r\n\r\n<p><span>Blood samples taken for DNA extraction, biochemistry and haematology.<\/span><\/p>\r\n"}],"startYear":1999,"startMonth":9,"endYear":2001,"endMonth":9,"dataSources":["questionnaires","physical_measures","biological_samples","others"],"otherDataSources":[{"lang":"en","value":"Cognitive tests"}],"bioSamples":["blood"]},{"id":"536e091c-90c4-4b71-8c26-1bec10b518e0","name":[{"lang":"en","value":"LBC1921 - Wave 2"}],"description":[{"lang":"en","value":"<p><span>Cognitive ability: Cognitive test battery consisting of executive function, reasoning,&nbsp;memory and processing speed.<\/span><\/p>\r\n\r\n<p><span>History of disease and medication use.<\/span><\/p>\r\n\r\n<p><span>Physical and fitness measures: blood pressure, grip strength, visual acuity.<\/span><\/p>\r\n\r\n<p><span>Facial asymmetry photographs, retinal photography.<\/span><\/p>\r\n\r\n<p><span>Children's education and occupation.<\/span><\/p>\r\n\r\n<p><span>Self-reported retrospective occupational characteristics, social networks and support and activities. Also religious involvement and spirituality.<\/span><\/p>\r\n"}],"startYear":2003,"startMonth":12,"endYear":2005,"endMonth":9,"dataSources":["questionnaires","physical_measures","others"],"otherDataSources":[{"lang":"en","value":"Cognitive tests"}]},{"id":"1dcb1032-c261-46c0-b19f-0556780a3152","name":[{"lang":"en","value":"LBC1921 - Wave 3"}],"description":[{"lang":"en","value":"<p><span>Moray House Test and cognitive test battery consisting of executive function, reasoning,&nbsp;memory and processing speed.<\/span><\/p>\r\n\r\n<p><span>Socio-demographic information: marital status\/living arrangement.<\/span><\/p>\r\n\r\n<p><span>History of disease and medication use, anxiety and depression, smoking and alcohol status.<\/span><\/p>\r\n\r\n<p><span>Physical and fitness measures: disability scale,&nbsp;height, weight, blood pressure, lung function, grip strength, 6-m walk time, visual acuity,&nbsp;ABPI.<\/span><\/p>\r\n\r\n<p><span>Blood samples taken for DNA extraction, biochemistry and haematology,&nbsp;plus markers of oxidative stress and inflammation (plasma and serum stored at \u221280\u00b0C).<\/span><\/p>\r\n\r\n<p><span>Fluctuating asymmetry measurements.<\/span><\/p>\r\n\r\n<p><span>Self-reported wellbeing and personality.<\/span><\/p>\r\n"}],"startYear":2007,"startMonth":3,"endYear":2008,"endMonth":10,"dataSources":["questionnaires","physical_measures","biological_samples","others"],"otherDataSources":[{"lang":"en","value":"Cognitive tests"}],"bioSamples":["blood"]},{"id":"5389554a-9440-4ca5-80d1-cab1c784c9c7","name":[{"lang":"en","value":"LBC1921 - Wave 4"}],"description":[{"lang":"en","value":"<p><span>Cognitive ability: Cognitive test battery consisting of executive function, reasoning,&nbsp;memory and speed processing.<\/span><\/p>\r\n\r\n<p><span>Socio-demographic information: marital status\/living arrangement.<\/span><\/p>\r\n\r\n<p><span>History of disease and medication use, anxiety and depression, smoking and alcohol status.<\/span><\/p>\r\n\r\n<p><span>Physical and fitness measures: disability scale, ECG, height, weight, blood pressure, lung function, grip strength, 6-m walk time, visual acuity, dentition.<\/span><\/p>\r\n\r\n<p><span>Blood samples taken for DNA extraction, biochemistry and haematology.<\/span><\/p>\r\n"}],"startYear":2011,"startMonth":2,"endYear":2012,"endMonth":3,"dataSources":["questionnaires","physical_measures","biological_samples","others"],"otherDataSources":[{"lang":"en","value":"Cognitive tests"}],"bioSamples":["blood"]},{"id":"ae772e99-0570-4767-8576-95819cc02ff0","name":[{"lang":"en","value":"LBC1921 - Wave 5"}],"description":[{"lang":"en","value":"<p>Cognitive ability: Cognitive test battery consisting of executive function, reasoning,&nbsp;memory and speed processing.<\/p>\r\n\r\n<p>Socio-demographic information: marital status\/living arrangement.<\/p>\r\n\r\n<p>History of disease and medication use, anxiety and depression, smoking and alcohol status.<\/p>\r\n\r\n<p>Physical and fitness measures: disability scale, height, weight, blood pressure, lung function, grip strength, 6-m walk time, visual acuity, dentition.<\/p>\r\n\r\n<p>Blood samples taken for DNA extraction, biochemistry and haematology.<\/p>\r\n"}],"startYear":2013,"startMonth":3,"endYear":2013,"endMonth":12,"dataSources":["questionnaires","physical_measures","biological_samples"],"bioSamples":["blood","urine"]}]}]}