{"id":"9b9f4a0e-8263-420d-9111-500789a40068","name":[{"lang":"en","value":" Medical Research Council National Survey of Health and Development (MRC NSHD)"}],"acronym":[{"lang":"en","value":"MRC NSHD"}],"investigators":[{"lastName":"Prof. Diana Kuh (UCL School of Life and Medical Sciences)","email":"d.kuh@ucl.ac.uk","phone":"020 7670 5701","dataAccessCommitteeMember":false,"institution":{"name":[{"lang":"en","value":"UCL School of Life and Medical Sciences"}],"department":[{"lang":"en","value":"MRC Unit for Lifelong Health & Ageing"}],"address":{"street":[{"lang":"en","value":"33 Bedford Place"}],"city":[{"lang":"en","value":"London"}],"zip":"WC1B 5JU","country":{"iso":"GB","name":[{"lang":"en","value":"United Kingdom"}]}}}}],"contacts":[{"lastName":"Prof. Diana Kuh (UCL School of Life and Medical Sciences)","email":"d.kuh@ucl.ac.uk","phone":"020 7670 5701","dataAccessCommitteeMember":false,"institution":{"name":[{"lang":"en","value":"UCL School of Life and Medical Sciences"}],"department":[{"lang":"en","value":"MRC Unit for Lifelong Health & Ageing"}],"address":{"street":[{"lang":"en","value":"33 Bedford Place"}],"city":[{"lang":"en","value":"London"}],"zip":"WC1B 5JU","country":{"iso":"GB","name":[{"lang":"en","value":"United Kingdom"}]}}}}],"objectives":[{"lang":"en","value":"<p>The aim of the MRC Unit for Lifelong Health and Ageing at UCL is&nbsp;to identify social and biological factors that affect lifelong&nbsp;health, ageing and the development of chronic disease risk.<\/p>\r\n"}],"website":"http:\/\/www.nshd.mrc.ac.uk\/","specificAuthorization":{"authorized":true,"authorizer":"Dr. Diana Kuh","date":"2014-08-14T00:00:00-04:00"},"maelstromAuthorization":{"authorized":true,"authorizer":"Dr. Diana Kuh","date":"2014-08-14T00:00:00-04:00"},"methods":{"designs":["cohort_study"],"followUpInfo":[{"lang":"en","value":"<p>Since the birth survey in 1946, there have been 22 further \u2018sweeps\u2019 of all cohort members at ages 2 and 4 years, 6, 7, 8, 9, 10, 11, 13 and 15 years, 16, 19, 20, 22, 23, 25, 26 and 31 years, 36, 43, 53 and 60-64 years.<\/p>\r\n"}],"recruitments":["individuals"],"info":[{"lang":"en","value":"<p>Study members have been the prime source of data but in the early sweeps data was collected from mothers, teachers and doctors.<\/p>\r\n"}]},"numberOfParticipants":{"participant":{"noLimit":false,"number":5362},"sample":{"noLimit":false,"number":2756}},"startYear":1946,"access":["data","biosamples"],"markerPaper":"Wadsworth M, Kuh D, Richards M, Hardy R. Cohort Profile: The 1946 National Birth Cohort (MRC National Survey of Health and Development). Int J Epidemiol. 2006 Feb;35(1):49-54. Epub 2005 Oct 4.","pubmedId":"16204333","info":[{"lang":"en","value":"<p>Also in the network&nbsp;<span>HALCyon (<\/span><a href=\"http:\/\/www.halcyon.ac.uk\/\" target=\"_blank\">http:\/\/www.halcyon.ac.uk\/<\/a><span>).<\/span><\/p>\r\n\r\n<p>&nbsp;<\/p>\r\n\r\n<p>Kuh D, Pierce M, Adams J, Deanfield J, Ekelund U, Friberg P, Ghosh AK, Harwood N, Hughes A, Macfarlane PW, Mishra G, Pellerin D, Wong A, Stephen AM, Richards M, Hardy R; NSHD scientific and data collection team. <strong>Cohort profile: updating the cohort profile for the MRC National Survey of Health and Development: a new clinic-based data collection for ageing research.<\/strong> Int J Epidemiol. 2011 Feb;40(1):e1-9. doi: 10.1093\/ije\/dyq231. PubMed PMID: 21345808; PubMed Central PMCID: PMC3043283.<\/p>\r\n\r\n<p>The MRC National Survey of Health and Development is also known as the 1946 British Birth Cohort Study.<\/p>\r\n\r\n<p>Funding agencies: Medical Research Council.<\/p>\r\n\r\n<p>A bibliography of published research based on data collected by the MRC National Survey of Health and Development is provided on the NSHD website: <a href=\"http:\/\/www.nshd.mrc.ac.uk\/findings\/publications.aspx\">http:\/\/www.nshd.mrc.ac.uk\/findings\/publications.aspx<\/a><\/p>\r\n"}],"populations":[{"id":"cf3b7acc-ca15-4d4a-b09d-80c2dd5427af","name":[{"lang":"en","value":"Birth cohort sample"}],"description":[{"lang":"en","value":"<p>The participants were recruited into a maternity survey during one week in March 1946 throughout England, Wales and Scotland and then followed up 22 times since birth, most recently in 2006-11.<\/p>\r\n"}],"recruitment":{"dataSources":["general"],"generalPopulationSources":["selected_samples"],"info":[{"lang":"en","value":"<p>Birth cohort.<\/p>\r\n"}]},"selectionCriteria":{"countriesIso":["GBR"],"territory":[{"lang":"en","value":"<p>England, Wales, Scotland.<\/p>\r\n"}],"criteria":["newborn"]},"numberOfParticipants":{"participant":{"noLimit":false,"number":5362},"sample":{"noLimit":false,"number":2756},"info":[{"lang":"en","value":"<p>Blood DNA at 1999 and 2006-11.<\/p>\r\n"}]},"dataCollectionEvents":[{"id":"dcb68f23-217a-476f-b31d-828a7e21bff9","name":[{"lang":"en","value":"10 years follow-up"}],"description":[{"lang":"en","value":"<p>Follow-up of participants at 10 years of age. Method of data collection : Teacher. Data collected: Survival, morbidity, height and weight, teachers\u2019 reports of parental interest in education, SES and family circumstances.<\/p>\r\n"}],"startYear":1956,"endYear":1956,"dataSources":["questionnaires","physical_measures"]},{"id":"51e2d6f4-fec4-4841-ad50-6922b5613ef7","name":[{"lang":"en","value":"11 years follow-up"}],"description":[{"lang":"en","value":"<p>Follow-up of participants at 11 years of age. Method of data collection : Health visitor\/School nurse, school doctor and teacher. Data collected: Survival, morbidity, height and weight, and other health measures by school doctors,&nbsp;measures of cognitive function (verbal and non-verbal), SES and family circumstances.<\/p>\r\n"}],"startYear":1957,"endYear":1957,"dataSources":["questionnaires","physical_measures"]},{"id":"9928f40d-c8a2-49fb-a25f-def6183cb5cd","name":[{"lang":"en","value":"13 years follow-up"}],"description":[{"lang":"en","value":"<p>Follow-up of participants at 13 years of age. Method of data collection : Teacher. Data collected: Survival, morbidity, height and weight, teachers\u2019 reports of adolescent temperament and behaviour, SES and family circumstances.<\/p>\r\n"}],"startYear":1959,"endYear":1959,"dataSources":["questionnaires","physical_measures"]},{"id":"852b3e34-faaa-471a-860a-2dcca86a0dc8","name":[{"lang":"en","value":"15 years follow-up"}],"description":[{"lang":"en","value":"<p>Follow-up of participants at 15 years of age. Method of data collection : Health visitor\/school nurse and teacher. Data collected: Survival, morbidity, height and weight, and other health measures by school doctors,&nbsp;teachers\u2019 reports of adolescent temperament and behaviour,&nbsp;teachers\u2019 reports of parental interest in education, measures of cognitive function (verbal and non-verbal), SES and family circumstances.<\/p>\r\n"}],"startYear":1961,"endYear":1961,"dataSources":["questionnaires","physical_measures"]},{"id":"cafcfd45-ca5c-4689-a67d-0705f1ff588d","name":[{"lang":"en","value":"19 years follow-up"}],"description":[{"lang":"en","value":"<p>Follow-up of participants at 19 years of age. Method of data collection : Health visitor.<br \/>\r\nInterview of the first offspring of participants.<\/p>\r\n\r\n<p>Data collected: Survival, morbidity, histories of occupation,&nbsp;SES, occupation, fertility, and family circumstances.<\/p>\r\n"}],"startYear":1965,"endYear":1965,"dataSources":["questionnaires"]},{"id":"3d10418a-2e5b-4318-917f-8e40b5d08de1","name":[{"lang":"en","value":"2 years follow-up"}],"description":[{"lang":"en","value":"<p>Follow-up of participants at age 2. Method of data collection: Health visitor. Data collected: Survival, morbidity, measures of height and weight,&nbsp;use of health services and preschool facilities, infant feeding experience, maternal care, SES and family circumstances.<\/p>\r\n"}],"startYear":1948,"endYear":1948,"dataSources":["questionnaires","physical_measures"]},{"id":"3ac6958c-13ef-438c-b417-4355e6b767e1","name":[{"lang":"en","value":"20 years follow-up"}],"description":[{"lang":"en","value":"<p>Follow-up of participants at 20 years of age. Method of data collection : Postal questionnaire.<br \/>\r\nInterview of the first offspring of participants.<\/p>\r\n\r\n<p>Data collected: Survival, morbidity, histories of occupation,&nbsp;SES, occupation, fertility, and family circumstances.<\/p>\r\n"}],"startYear":1966,"endYear":1966,"dataSources":["questionnaires"]},{"id":"b96d9a53-a4c6-4e53-8c10-4724d86a0589","name":[{"lang":"en","value":"22 years follow-up"}],"description":[{"lang":"en","value":"<p>Follow-up of participants at 22 years of age. Method of data collection : Postal questionnaire.<br \/>\r\nInterview of the first offspring of participants.<\/p>\r\n\r\n<p>Data collected: Survival, morbidity, histories of occupation,&nbsp;SES, occupation, fertility, and family circumstances.<\/p>\r\n"}],"startYear":1968,"endYear":1968,"dataSources":["questionnaires"]},{"id":"032d9c33-9f8b-451c-8c4a-633670dfd4ac","name":[{"lang":"en","value":"23 years follow-up"}],"description":[{"lang":"en","value":"<p>Follow-up of participants at 23 years of age. Method of data collection : Postal questionnaire.<br \/>\r\nInterview of the first offspring of participants.<\/p>\r\n\r\n<p>Data collected: Survival, morbidity, histories of occupation,&nbsp;SES, occupation, fertility, and family circumstances.<\/p>\r\n"}],"startYear":1969,"endYear":1969,"dataSources":["questionnaires"]},{"id":"c94f224f-b068-4763-8e8c-34c873fffbe6","name":[{"lang":"en","value":"25 years follow-up"}],"description":[{"lang":"en","value":"<p>Follow-up of participants at 25 years of age. Method of data collection : Postal questionnaire.<br \/>\r\nInterview of the first offspring of participants.<\/p>\r\n\r\n<p>Data collected: Survival, morbidity, histories of occupation, SES, occupation, fertility, and family circumstances.<\/p>\r\n"}],"startYear":1971,"endYear":1971,"dataSources":["questionnaires"]},{"id":"d3b09d18-b1d2-4148-becd-354c08472fca","name":[{"lang":"en","value":"26 years follow-up"}],"description":[{"lang":"en","value":"<p>Follow-up of participants at 26&nbsp;years of age. Method of data collection : Postal questionnaire.<br \/>\r\nInterview of the first offspring of participants.<\/p>\r\n\r\n<p>Data collected: Survival, morbidity, histories of occupation, SES, occupation, fertility, and family circumstances.<\/p>\r\n"}],"startYear":1972,"endYear":1972,"dataSources":["questionnaires"]},{"id":"cb0d43ec-b065-4364-99b1-22174ef1b9f5","name":[{"lang":"en","value":"28 years follow-up"}],"description":[{"lang":"en","value":"<p>Follow-up of participants at 28&nbsp;years of age. Method of data collection : Postal questionnaire.<br \/>\r\nInterview of the first offspring of participants.<\/p>\r\n\r\n<p>Data collected: Survival, morbidity, histories of occupation, SES, occupation, fertility, and family circumstances.<\/p>\r\n"}],"startYear":1974,"endYear":1974,"dataSources":["questionnaires"]},{"id":"067d6a50-57c5-411b-b155-fa94692ef962","name":[{"lang":"en","value":"29 years follow-up"}],"description":[{"lang":"en","value":"<p>Follow-up of participants at 29&nbsp;years of age. Method of data collection : Postal questionnaire.<br \/>\r\nInterview of the first offspring of participants.<\/p>\r\n\r\n<p>Data collected: Survival, morbidity, histories of occupation, SES, occupation, fertility, and family circumstances.<\/p>\r\n"}],"startYear":1975,"endYear":1975,"dataSources":["questionnaires"]},{"id":"bb1f022f-efc9-4890-b787-6b23389e13ef","name":[{"lang":"en","value":"31 years follow-up"}],"description":[{"lang":"en","value":"<p>Follow-up of participants at 31 years of age. Method of data collection : Postal questionnaire.&nbsp;<span>Data collected: Survival, morbidity, histories of occupation, fertility, SES, occupation, fertility, and family circumstances.<\/span><\/p>\r\n"}],"startYear":1977,"endYear":1977,"dataSources":["questionnaires"]},{"id":"9e751cf6-7186-498c-929e-96bfae7444ea","name":[{"lang":"en","value":"36 years follow-up"}],"description":[{"lang":"en","value":"<p>Follow-up of participants at 36 years of age. Method of data collection : Home visit of a research nurse.<\/p>\r\n\r\n<p>Data collected:&nbsp;<\/p>\r\n\r\n<ul>\r\n\t<li>Survival and cancer registration.<\/li>\r\n\t<li>Smoking, exercise, and diet (data at each collection from the whole cohort; dietary&nbsp;data from diaries).<\/li>\r\n\t<li>Respiratory function (PEFR, FEV1, FVC, PEFR and MRC chronic bronchitis&nbsp;questions).<\/li>\r\n\t<li>Cardiovascular function (systolic and diastolic blood pressure, resting pulse and Rose and&nbsp;Blackburn questions).<\/li>\r\n\t<li>Anthropometric measures (height weight, circumference of upper arm, abdomen, and&nbsp;chest).<\/li>\r\n\t<li>Musculoskeletal measures (balance, chair rises, grip strength).<\/li>\r\n\t<li>Cognitive measures (short-term verbal memory, laterality, verbal ability).<\/li>\r\n\t<li>Mental health (short Present State Examination)<\/li>\r\n\t<li>SES (occupation, income, fertility, family circumstances, housing)<\/li>\r\n\t<li>Social function (contacts with others, social support and participation)<\/li>\r\n<\/ul>\r\n"}],"startYear":1982,"endYear":1982,"dataSources":["questionnaires","physical_measures"]},{"id":"9b2cc8c5-f3d5-486f-b55e-ba89aaa76aba","name":[{"lang":"en","value":"4 years follow-up"}],"description":[{"lang":"en","value":"<p>Follow-up of participants at age 2. Method of data collection: Health visitor. Data collected: Survival, morbidity, measures of height and weight,&nbsp;use of health services and preschool facilities, infant feeding experience, diet, maternal care, SES and family circumstances.<\/p>\r\n"}],"startYear":1950,"endYear":1950,"dataSources":["questionnaires","physical_measures"]},{"id":"db100a49-01f1-4153-9857-b3c7f5e913ea","name":[{"lang":"en","value":"43 years follow-up"}],"description":[{"lang":"en","value":"<p>Follow-up of participants at 43&nbsp;years of age. Method of data collection : Home visit of a research nurse.<\/p>\r\n\r\n<p>Data collected:&nbsp;<\/p>\r\n\r\n<ul>\r\n\t<li>Survival and cancer registration.<\/li>\r\n\t<li>Smoking, exercise, and diet (data at each collection from the whole cohort; dietary data from diaries).<\/li>\r\n\t<li>Respiratory function (PEFR, FEV1, FVC, PEFR and MRC chronic bronchitis&nbsp;questions).<\/li>\r\n\t<li>Cardiovascular function (systolic and diastolic blood pressure, resting pulse and Rose and&nbsp;Blackburn questions).<\/li>\r\n\t<li>Anthropometric measures (height weight, circumference of upper arm, abdomen, and chest, sitting height and hip circumference).<\/li>\r\n\t<li>Musculoskeletal measures (balance, chair rises, grip strength).<\/li>\r\n\t<li>Cognitive measures (short-term verbal memory, laterality, verbal ability, speed and concentration and manual dexterity, co-ordination).<\/li>\r\n\t<li>Mental health (Psychiatric Symptom Frequency Inventory)<\/li>\r\n\t<li>SES (occupation, income, fertility, family circumstances, housing)<\/li>\r\n\t<li>Social function (contacts with others, social support and participation)<\/li>\r\n<\/ul>\r\n"}],"startYear":1989,"endYear":1989,"dataSources":["questionnaires","physical_measures"]},{"id":"6913281e-53a8-4498-b2e7-a164d6de3fad","name":[{"lang":"en","value":"53 years follow-up"}],"description":[{"lang":"en","value":"<p>Follow-up of participants at 53 years of age. Method of data collection : Home visit of a research nurse.<br \/>\r\nPostal questionnaire on women's health.<\/p>\r\n\r\n<p>Data collected:&nbsp;<\/p>\r\n\r\n<ul>\r\n\t<li>Survival and cancer registration.<\/li>\r\n\t<li>Smoking, exercise, and diet (data at each collection from the whole cohort; dietary&nbsp;data from diaries).<\/li>\r\n\t<li>Respiratory function (PEFR, FEV1, FVC, PEFR and MRC chronic bronchitis questions).<\/li>\r\n\t<li>Cardiovascular function (systolic and diastolic blood pressure, resting pulse and Rose and Blackburn questions).<\/li>\r\n\t<li>Anthropometric measures (height weight, circumference of upper arm, abdomen, and chest, sitting height and hip circumference).<\/li>\r\n\t<li>Musculoskeletal measures (balance, chair rises, grip strength, examination of hands and knees for OA).<\/li>\r\n\t<li>Cognitive measures (short-term verbal memory, laterality, verbal ability, speed and concentration and manual dexterity, verbal ability and fluency).<\/li>\r\n\t<li>Mental health (General Health Questionnaire 28 item)<\/li>\r\n\t<li>SES (occupation, income, fertility, family circumstances, housing)<\/li>\r\n\t<li>Social function (contacts with others, social support and participation)<\/li>\r\n\t<li>Women\u2019s health (menopausal status, symptoms and their treatment, monthly HRT history, incontinence, mammograms, life stress, wellbeing, annually 47\u201354 and 57 years)<\/li>\r\n<\/ul>\r\n"}],"startYear":1999,"endYear":1999,"dataSources":["questionnaires","physical_measures"]},{"id":"5b2710f4-fb32-42fd-891c-1e2b4678c361","name":[{"lang":"en","value":"6 years follow-up"}],"description":[{"lang":"en","value":"<p>Follow-up of participants at 6&nbsp;years of age. Method of data collection : School doctor. Data collected: Survival, morbidity, height and weight, and other health measures by school doctors,&nbsp;SES and family circumstances.<\/p>\r\n"}],"startYear":1952,"endYear":1952,"dataSources":["questionnaires","physical_measures"]},{"id":"8c73c851-d050-448c-b3f9-c4b4b18974bc","name":[{"lang":"en","value":"60-64 years follow-up"}],"description":[{"lang":"en","value":"<p>Follow-up of participants at 60 to 64 years of age. Data were collected by telephone interview, home visits or clinic visits and postal questionnaires.&nbsp;<span>Study members unwilling or unable to travel to the CRF were offered an alternative home visit, which had fewer assessments. Collection of other information was achieved by an initial postal questionnaire to update socio-demographic, socio-economic and medical information, sent ~2 months before the CRF visits began; a pre-assessment questionnaire to capture information on everyday function, attitudes and life events, sent ahead and collected on the day of the visit; and through dietary diaries and activity monitors in the days following the visit. Urine and saliva samples were also collected.<\/span><\/p>\r\n"}],"startYear":2006,"endYear":2011,"dataSources":["questionnaires","physical_measures","biological_samples"],"bioSamples":["saliva","urine"]},{"id":"b155827a-2e55-4238-a0dc-c24287a8f2ed","name":[{"lang":"en","value":"7 years follow-up"}],"description":[{"lang":"en","value":"<p>Follow-up of participants at 7&nbsp;years of age. Method of data collection : Health visitor and school nurse. Data collected:&nbsp;Survival, morbidity, height and weight, and other health measures by school doctors, SES and family circumstances.<\/p>\r\n\r\n<p>&nbsp;<\/p>\r\n"}],"startYear":1953,"endYear":1953,"dataSources":["questionnaires","physical_measures"]},{"id":"2127457c-91b1-4e4b-9137-af3672f9e9a3","name":[{"lang":"en","value":"8 years follow-up"}],"description":[{"lang":"en","value":"<p>Follow-up of participants at 8 years of age. Method of data collection : Health visitor, school nurse and teacher. Data collected: Survival, morbidity, height and weight,measures of cognitive function (verbal and non-verbal), SES and family circumstances.<\/p>\r\n"}],"startYear":1954,"endYear":1954,"dataSources":["questionnaires","physical_measures"]},{"id":"b69952ac-44f1-4c34-b4db-06bdc6d5b643","name":[{"lang":"en","value":"9 years follow-up"}],"description":[{"lang":"en","value":"<p>Follow-up of participants at 9&nbsp;years of age. Method of data collection : Health visitor, school nurse and teacher. Data collected: Survival, morbidity, height and weight, SES and family circumstances.<\/p>\r\n"}],"startYear":1955,"endYear":1955,"dataSources":["questionnaires","physical_measures"]},{"id":"11e8c192-f90e-40b6-bb22-c354747a7adf","name":[{"lang":"en","value":"Birth"}],"description":[{"lang":"en","value":"<p>Baseline data collection from midwifes, health visitors and obstetricians.&nbsp;Data collected:&nbsp;Experience of ante-natal and post-natal care, costs of care, weight and survival of the&nbsp;baby, SES circumstances of the family.<\/p>\r\n\r\n<p>&nbsp;<\/p>\r\n"}],"startYear":1946,"startMonth":3,"endYear":1946,"dataSources":["questionnaires","physical_measures"]},{"id":"94838937-9d14-4bbd-9d08-c4404a638c91","name":[{"lang":"en","value":"26 years follow-up (2)"}],"description":[{"lang":"en","value":"<p>Follow-up of participants at 26 years of age. Method of data collection: Home visit of an interviewer.<\/p>\r\n\r\n<p style=\"margin: 0px 0px 10px; color: rgb(73, 89, 97); font-family: 'Helvetica Neue', Helvetica, Arial, sans-serif; font-size: 13px; line-height: 20px; background-color: rgb(253, 253, 253);\">Data collected:&nbsp;<\/p>\r\n\r\n<ul style=\"padding: 0px; margin: 0px 0px 10px 25px; color: rgb(73, 89, 97); font-family: 'Helvetica Neue', Helvetica, Arial, sans-serif; font-size: 13px; line-height: 20px; background-color: rgb(253, 253, 253);\">\r\n\t<li>Survival and cancer registration.<\/li>\r\n\t<li>Smoking, exercise, and diet (data at each collection from the whole cohort; dietary&nbsp;data from diaries).<\/li>\r\n\t<li>Respiratory function (PEFR, FEV1, FVC, PEFR and MRC chronic bronchitis&nbsp;questions).<\/li>\r\n\t<li>Cardiovascular function (systolic and diastolic blood pressure, resting pulse and Rose and&nbsp;Blackburn questions).<\/li>\r\n\t<li>Anthropometric measures (height weight, circumference of upper arm, abdomen, and&nbsp;chest).<\/li>\r\n\t<li>Musculoskeletal measures (balance, chair rises, grip strength).<\/li>\r\n\t<li>Cognitive measures (short-term verbal memory, laterality, verbal ability).<\/li>\r\n\t<li>Mental health (short Present State Examination)<\/li>\r\n\t<li>SES (occupation, income, fertility, family circumstances, housing)<\/li>\r\n\t<li>Social function (contacts with others, social support and participation)<\/li>\r\n<\/ul>\r\n"}],"startYear":1972,"endYear":1972,"dataSources":["questionnaires","physical_measures"]}]},{"id":"72028f77-eda3-4eac-88a6-17f843415166","name":[{"lang":"en","value":"Women's midlife health sub-sample"}],"description":[{"lang":"en"}],"recruitment":{"dataSources":["general"],"generalPopulationSources":["selected_samples"],"info":[{"lang":"en","value":"<p>Participants where recruited from the birth registrations during one week in March 1946.&nbsp;<\/p>\r\n"}]},"selectionCriteria":{"gender":1,"countriesIso":["GBR"],"territory":[{"lang":"en","value":"<p>England, Wales, Scotland<\/p>\r\n"}]},"numberOfParticipants":{"participant":{"noLimit":false,"number":1734},"sample":{"noLimit":false,"number":0}},"dataCollectionEvents":[{"id":"610c7cc0-9ef9-4044-bb08-89ea0c9f8521","name":[{"lang":"en","value":"47 years follow-up"}],"description":[{"lang":"en","value":"<p>Postal questionnaire on women's health. Data collected:&nbsp;menopausal status, symptoms and their treatment, monthly HRT history, incontinence, mammograms, life stress, &nbsp;and&nbsp;wellbeing.<\/p>\r\n"}],"startYear":1993,"endYear":1993,"dataSources":["questionnaires"]},{"id":"3327ce5c-2ce7-4ebd-aba0-8c1fc8ba4cc0","name":[{"lang":"en","value":"48 years follow-up"}],"description":[{"lang":"en","value":"<p>Postal questionnaire on women's health. Data collected:&nbsp;menopausal status, symptoms and their treatment, monthly HRT history, incontinence, mammograms, life stress, &nbsp;and&nbsp;wellbeing.<\/p>\r\n"}],"startYear":1994,"endYear":1994,"dataSources":["questionnaires"]},{"id":"7a69500c-52fd-451e-910f-ae1e33664f89","name":[{"lang":"en","value":"49 years follow-up"}],"description":[{"lang":"en","value":"<p>Postal questionnaire on women's health. Data collected:&nbsp;menopausal status, symptoms and their treatment, monthly HRT history, incontinence, mammograms, life stress, &nbsp;and&nbsp;wellbeing.<\/p>\r\n"}],"startYear":1995,"endYear":1995,"dataSources":["questionnaires"]},{"id":"0e68a1df-d7a6-4341-9f6b-3d3cd6583d20","name":[{"lang":"en","value":"50 years follow-up"}],"description":[{"lang":"en","value":"<p>Postal questionnaire on women's health. Data collected: menopausal status, symptoms and their treatment, monthly HRT history, incontinence, mammograms, life stress, and wellbeing.<\/p>\r\n"}],"startYear":1996,"endYear":1996,"dataSources":["questionnaires"]},{"id":"10787899-cf19-4357-a45f-3e9b23e180b4","name":[{"lang":"en","value":"51 years follow-up"}],"description":[{"lang":"en","value":"<p>Postal questionnaire on women's health. Data collected:&nbsp;menopausal status, symptoms and their treatment, monthly HRT history, incontinence, mammograms, life stress, &nbsp;and&nbsp;wellbeing.<\/p>\r\n"}],"startYear":1997,"endYear":1997,"dataSources":["questionnaires"]},{"id":"8866278f-524c-4b1e-b3d3-49a99cb9c4ae","name":[{"lang":"en","value":"52 years follow-up"}],"description":[{"lang":"en","value":"<p>Postal questionnaire on women's health. Data collected:&nbsp;menopausal status, symptoms and their treatment, monthly HRT history, incontinence, mammograms, life stress, &nbsp;and&nbsp;wellbeing.<\/p>\r\n"}],"startYear":1998,"endYear":1998,"dataSources":["questionnaires"]},{"id":"6913281e-53a8-4498-b2e7-a164d6de3fad","name":[{"lang":"en","value":"53 years follow-up"}],"description":[{"lang":"en","value":"<p>Follow-up of participants at 53 years of age. Method of data collection : Home visit of a research nurse.<br \/>\r\nPostal questionnaire on women's health.<\/p>\r\n\r\n<p>Data collected:&nbsp;<\/p>\r\n\r\n<ul>\r\n\t<li>Survival and cancer registration.<\/li>\r\n\t<li>Smoking, exercise, and diet (data at each collection from the whole cohort; dietary&nbsp;data from diaries).<\/li>\r\n\t<li>Respiratory function (PEFR, FEV1, FVC, PEFR and MRC chronic bronchitis questions).<\/li>\r\n\t<li>Cardiovascular function (systolic and diastolic blood pressure, resting pulse and Rose and Blackburn questions).<\/li>\r\n\t<li>Anthropometric measures (height weight, circumference of upper arm, abdomen, and chest, sitting height and hip circumference).<\/li>\r\n\t<li>Musculoskeletal measures (balance, chair rises, grip strength, examination of hands and knees for OA).<\/li>\r\n\t<li>Cognitive measures (short-term verbal memory, laterality, verbal ability, speed and concentration and manual dexterity, verbal ability and fluency).<\/li>\r\n\t<li>Mental health (General Health Questionnaire 28 item)<\/li>\r\n\t<li>SES (occupation, income, fertility, family circumstances, housing)<\/li>\r\n\t<li>Social function (contacts with others, social support and participation)<\/li>\r\n\t<li>Women\u2019s health (menopausal status, symptoms and their treatment, monthly HRT history, incontinence, mammograms, life stress, wellbeing, annually 47\u201354 and 57 years)<\/li>\r\n<\/ul>\r\n"}],"startYear":1999,"endYear":1999,"dataSources":["questionnaires","physical_measures"]},{"id":"b8443be5-4edc-4ec3-a13b-8bd0bf1c7a8c","name":[{"lang":"en","value":"54 years follow-up"}],"description":[{"lang":"en","value":"<p>Postal questionnaire on women's health. Data collected:&nbsp;menopausal status, symptoms and their treatment, monthly HRT history, incontinence, mammograms, life stress, &nbsp;and&nbsp;wellbeing.<\/p>\r\n"}],"startYear":2000,"endYear":2000,"dataSources":["questionnaires"]},{"id":"0c583721-fb7c-4c10-92ea-0b6b1252df95","name":[{"lang":"en","value":"57 years follow-up"}],"description":[{"lang":"en","value":"<p>Postal questionnaire on women's health. Data collected:&nbsp;menopausal status, symptoms and their treatment, monthly HRT history, incontinence, mammograms, life stress, &nbsp;and&nbsp;wellbeing.<\/p>\r\n"}],"startYear":2003,"endYear":2003,"dataSources":["questionnaires"]},{"id":"deaaa583-b92c-40c1-8283-498a3cb13599","name":[{"lang":"en","value":"43 years follow-up"}],"description":[{"lang":"en","value":"<p>Follow-up of participants at 53 years of age. Method of data collection : Home visit of a research nurse.<br \/>\r\nPostal questionnaire on women's health.<\/p>\r\n\r\n<p>Data collected:&nbsp;<\/p>\r\n\r\n<ul>\r\n\t<li>Survival and cancer registration.<\/li>\r\n\t<li>Smoking, exercise, and diet (data at each collection from the whole cohort; dietary&nbsp;data from diaries).<\/li>\r\n\t<li>Respiratory function (PEFR, FEV1, FVC, PEFR and MRC chronic bronchitis questions).<\/li>\r\n\t<li>Cardiovascular function (systolic and diastolic blood pressure, resting pulse and Rose and Blackburn questions).<\/li>\r\n\t<li>Anthropometric measures (height weight, circumference of upper arm, abdomen, and chest, sitting height and hip circumference).<\/li>\r\n\t<li>Musculoskeletal measures (balance, chair rises, grip strength, examination of hands and knees for OA).<\/li>\r\n\t<li>Cognitive measures (short-term verbal memory, laterality, verbal ability, speed and concentration and manual dexterity, verbal ability and fluency).<\/li>\r\n\t<li>Mental health (General Health Questionnaire 28 item)<\/li>\r\n\t<li>SES (occupation, income, fertility, family circumstances, housing)<\/li>\r\n\t<li>Social function (contacts with others, social support and participation)<\/li>\r\n\t<li>Women\u2019s health (menopausal status, symptoms and their treatment, monthly HRT history, incontinence, mammograms, life stress, wellbeing, annually 47\u201354 and 57 years)<\/li>\r\n<\/ul>\r\n"}],"startYear":1989,"endYear":1989,"dataSources":["questionnaires","physical_measures"]}]},{"id":"67b9a7ff-07a6-4afe-b5dc-d0a5a4ca13be","name":[{"lang":"en","value":"First-born offspring (born 1965-1975) sub-sample"}],"description":[{"lang":"en"}],"recruitment":{"dataSources":["specific_population"],"specificPopulationSources":["other"],"otherSpecificPopulationSource":[{"lang":"en","value":"<p>First offspring of the birth cohort sample.<\/p>\r\n"}]},"selectionCriteria":{"countriesIso":["GBR"],"territory":[{"lang":"en","value":"<p>England, Wales, Scotland<\/p>\r\n"}]},"numberOfParticipants":{"participant":{"noLimit":false,"number":2205},"sample":{"noLimit":false,"number":0}},"dataCollectionEvents":[{"id":"f317c156-5f8a-4c86-abee-031a6b43a0cc","name":[{"lang":"en","value":"23-28 years first-born offspring follow-up"}],"description":[{"lang":"en","value":"<p>Interview of mothers (participants or their wives) when first-born offspring were aged 4 years<\/p>\r\n"}],"startYear":1969,"endYear":1974,"dataSources":["questionnaires"]},{"id":"1ec8f281-1060-431a-8969-90885c358788","name":[{"lang":"en","value":"27-33 years first-born offspring follow-up"}],"description":[{"lang":"en","value":"<p>Interview of mothers (participants or their wives) when first-born offspring were aged 8 years.<\/p>\r\n"}],"startYear":1973,"endYear":1979,"dataSources":["questionnaires"]}]}]}