{"id":"0d2edf0b-ce42-4750-92d8-8fb4b359d36f","name":[{"lang":"en","value":"Chicago Health and Aging Study (CHAP)"}],"acronym":[{"lang":"en","value":"CHAP"}],"investigators":[{"lastName":"Dr. Carlos Mendes de Leon (University of Michigan)","email":"cmendes@med.umich.edu","phone":" 734-615-2134","dataAccessCommitteeMember":false,"institution":{"name":[{"lang":"en","value":"University of Michigan"}],"department":[{"lang":"en","value":"School of Public Health"}],"address":{"state":"Michigan","country":{"iso":"US","name":[{"lang":"en","value":"United States"}]}}}}],"contacts":[{"lastName":"Dr. Carlos Mendes de Leon (University of Michigan)","email":"cmendes@med.umich.edu","phone":" 734-615-2134","dataAccessCommitteeMember":false,"institution":{"name":[{"lang":"en","value":"University of Michigan"}],"department":[{"lang":"en","value":"School of Public Health"}],"address":{"state":"Michigan","country":{"iso":"US","name":[{"lang":"en","value":"United States"}]}}}}],"objectives":[{"lang":"en","value":"<p>&nbsp;Population-based study to identify risk factors for Alzheimer's disease, disability, and other age-associated health conditions.<\/p>\r\n"}],"specificAuthorization":{"authorized":true,"authorizer":"Dr. Carlos Mendes de Leon","date":"2014-09-11T00:00:00-04:00"},"maelstromAuthorization":{"authorized":true,"authorizer":"Dr. Carlos Mendes de Leon","date":"2014-09-11T00:00:00-04:00"},"methods":{"designs":["cohort_study"],"followUpInfo":[{"lang":"en","value":"<p>The CHAP study&nbsp;included in-person interviews that were conducted in the participants' homes in approximately three-year cycles, with each subsequent cycle starting immediately after completion of the previous one, for a total of 5 follow-up.<\/p>\r\n"}],"recruitments":["individuals"]},"numberOfParticipants":{"participant":{"noLimit":false,"number":10801},"sample":{"noLimit":false,"number":8000}},"startYear":1993,"endYear":2011,"access":["data","biosamples"],"markerPaper":"Bienias JL, Beckett LA, Bennett DA, Wilson RS, Evans DA. Design of the Chicago Health and Aging Project (CHAP). 2003; 5(5): 349-55.","pubmedId":"14646025","populations":[{"id":"e5f78282-e9bd-4824-b698-554f2048bd48","name":[{"lang":"en","value":"CHAP - Urban population of older adults from the south-west side of Chicago"}],"description":[{"lang":"en","value":"<p>The original CHAP study population was selected from three adjacent community areas (Morgan Park, Washington Heights and Beverly) on the south-west side of Chicago. In 1993, the study began with a complete census of the study area, and all residents aged 65 and older were invited to participate. As of the third interview cycle, CHAP began to enroll newly aged participants; that is, community residents that had turned 65 years since the beginning of the study. As of the fourth cycle, CHAP also began to enroll residents from a neighboring community area, Mount Greenwood, to achieve a more even racial balance in its study population.<\/p>\r\n"}],"recruitment":{"dataSources":["general"],"info":[{"lang":"en","value":"<p>Census of the study area.<\/p>\r\n"}]},"selectionCriteria":{"ageMin":65,"countriesIso":["USA"],"territory":[{"lang":"en","value":"<p>Chicago.<\/p>\r\n"}],"ethnicOrigin":[{"localizedStrings":[{"lang":"en","value":"Whites and Blacks"}]}]},"numberOfParticipants":{"participant":{"noLimit":false,"number":10801},"sample":{"noLimit":false,"number":8000},"info":[{"lang":"en","value":"<p><span>The \"original cohort\", enrolled between 1993 and 1997,&nbsp;included 6,158 participants.&nbsp;In 2000, CHAP began to enroll additional participants from the study community who had turned 65 since inception of the study as \u201csuccessive age cohorts.\u201d<\/span><\/p>\r\n"}]},"dataCollectionEvents":[{"id":"cd93274b-948e-4d69-86d4-7cc5dff7e1c5","name":[{"lang":"en","value":"CHAP - Baseline"}],"description":[{"lang":"en","value":"CHAP data collection consisted of in-person interviews conducted in the participants' homes and included standardized questions on demographic information, medical history, and a number of brief self-report instruments of disability, psychological characteristics, and social function, as well as brief performance-based tests of physical and cognitive function and measures of blood pressure and weight.\r\n"}],"startYear":1993,"startMonth":1,"endYear":1997,"endMonth":5,"dataSources":["questionnaires","physical_measures","biological_samples","others"],"otherDataSources":[{"lang":"en","value":"Cognitive tests, Census"}],"bioSamples":["blood","others"],"otherBioSamples":[{"lang":"en","value":"<p>Salivary cortisol<\/p>\r\n"}]},{"id":"2a3eecfc-10b9-46aa-81b8-9dcce1c40c5a","name":[{"lang":"en","value":"CHAP - Follow-up 1"}],"description":[{"lang":"en","value":"<p>CHAP data collection consisted of in-person interviews conducted in the participants' homes and included standardized questions on demographic information, medical history, and a number of brief self-report instruments of disability, psychological characteristics, and social function, as well as brief performance-based tests of physical and cognitive function and measures of blood pressure and weight.<\/p>\r\n"}],"startYear":1997,"startMonth":6,"endYear":2000,"endMonth":2,"dataSources":["questionnaires","physical_measures","biological_samples","others"],"otherDataSources":[{"lang":"en","value":"Cognitive tests, Census"}],"bioSamples":["blood","others"],"otherBioSamples":[{"lang":"en","value":"<p>Salivary cortisol.<\/p>\r\n"}]},{"id":"f258f0b5-8c85-410f-a823-015a1acee18d","name":[{"lang":"en","value":"CHAP - Follow-up 2"}],"description":[{"lang":"en","value":"<p>CHAP data collection consisted of in-person interviews conducted in the participants' homes and included standardized questions on demographic information, medical history, and a number of brief self-report instruments of disability, psychological characteristics, and social function, as well as brief performance-based tests of physical and cognitive function and measures of blood pressure and weight.<\/p>\r\n"}],"startYear":2000,"startMonth":3,"endYear":2003,"endMonth":1,"dataSources":["questionnaires","physical_measures","biological_samples","others"],"otherDataSources":[{"lang":"en","value":"Cognitive tests, Census"}],"bioSamples":["blood","others"],"otherBioSamples":[{"lang":"en","value":"<p>Salivary cortisol.<\/p>\r\n"}]},{"id":"4f56c302-67c7-4502-9bdd-584bc6705456","name":[{"lang":"en","value":"CHAP - Follow-up 3"}],"description":[{"lang":"en","value":"<p>CHAP data collection consisted of in-person interviews conducted in the participants' homes and included standardized questions on demographic information, medical history, and a number of brief self-report instruments of disability, psychological characteristics, and social function, as well as brief performance-based tests of physical and cognitive function and measures of blood pressure and weight.<\/p>\r\n"}],"startYear":2003,"startMonth":2,"endYear":2006,"endMonth":4,"dataSources":["questionnaires","physical_measures","biological_samples","others"],"otherDataSources":[{"lang":"en","value":"Cognitive tests, Census"}],"bioSamples":["blood","others"],"otherBioSamples":[{"lang":"en","value":"<p>Salivary cortisol.<\/p>\r\n"}]},{"id":"a785ae03-2954-4220-afb0-d225f2e3a8aa","name":[{"lang":"en","value":"CHAP - Follow-up 4"}],"description":[{"lang":"en","value":"<p>CHAP data collection consisted of in-person interviews conducted in the participants' homes and included standardized questions on demographic information, medical history, and a number of brief self-report instruments of disability, psychological characteristics, and social function, as well as brief performance-based tests of physical and cognitive function and measures of blood pressure and weight.<\/p>\r\n"}],"startYear":2006,"startMonth":5,"endYear":2009,"endMonth":1,"dataSources":["questionnaires","physical_measures","biological_samples","others"],"otherDataSources":[{"lang":"en","value":"Cognitive tests, Census"}],"bioSamples":["blood","others"],"otherBioSamples":[{"lang":"en","value":"<p>Salivary cortisol.<\/p>\r\n"}]},{"id":"55bcb7fe-b7d0-4e80-865b-89ada7313037","name":[{"lang":"en","value":"CHAP - Follow-up 5"}],"description":[{"lang":"en","value":"<p>CHAP data collection consisted of in-person interviews conducted in the participants' homes and included standardized questions on demographic information, medical history, and a number of brief self-report instruments of disability, psychological characteristics, and social function, as well as brief performance-based tests of physical and cognitive function and measures of blood pressure and weight.<\/p>\r\n"}],"startYear":2009,"startMonth":3,"endYear":2011,"endMonth":12,"dataSources":["questionnaires","physical_measures","biological_samples","others"],"otherDataSources":[{"lang":"en","value":"Cognitive tests, Census"}],"bioSamples":["blood","others"],"otherBioSamples":[{"lang":"en","value":"<p>Salivary cortisol<\/p>\r\n"}]},{"id":"5b596db7-6525-476b-ac56-1c73c5755999","name":[{"lang":"en","value":"CHAP - Telephone interviews"}],"description":[{"lang":"en","value":"<p>As of the third cycle, CHAP started to add yearly interviews for all surviving participants of the original cohort and all newly enrolled participants, in order to obtain more frequent data on change in marital status, and updates on self-reported disability and quality of life. Those telephone interviews included the same brief self-report measures of disability that were part of the in-person interview.<\/p>\r\n"}],"startYear":2000,"startMonth":3,"endYear":2011,"endMonth":12,"dataSources":["questionnaires"]}]}]}