{"id":"f44354bc-e3d5-4072-ab75-d16af66f83a3","name":[{"lang":"en","value":"Nicotine Dependence in Teens Study (NDIT)"}],"acronym":[{"lang":"en","value":"NDIT"}],"investigators":[{"lastName":"Dr. Jennifer O`Loughlin (University of Montreal Public Health Research Institute (IRSPUM))","email":"jennifer.oloughlin@umontreal.ca","phone":"(514) 528-2400 ext 15861","dataAccessCommitteeMember":false,"institution":{"name":[{"lang":"en","value":"University of Montreal Public Health Research Institute (IRSPUM)"}],"department":[{"lang":"en","value":"Social and Preventive Medicine"}],"address":{"city":[{"lang":"en","value":"Montreal"}],"state":"Quebec","country":{"iso":"CA","name":[{"lang":"en","value":"Canada"}]}}}},{"lastName":"Dr. Gilles Paradis (McGill University)","email":"gilles.paradis@mcgill.ca","phone":"514-398-6259","dataAccessCommitteeMember":false,"institution":{"name":[{"lang":"en","value":"McGill University"}],"department":[{"lang":"en","value":"Department of Epidemiology, Biostatistics and Occupational Health"}],"address":{"city":[{"lang":"en","value":"Montreal"}],"state":"Quebec","country":{"iso":"CA","name":[{"lang":"en","value":"Canada"}]}}}},{"lastName":"Dr. Rachel Tyndale (University of Toronto)","email":"r.tyndale@utoronto.ca","phone":"(416) 978-6374","dataAccessCommitteeMember":false,"institution":{"name":[{"lang":"en","value":"University of Toronto"}],"department":[{"lang":"en","value":"Department of Pharmacology"}],"address":{"city":[{"lang":"en","value":"Toronto"}],"state":"Ontario","country":{"iso":"CA","name":[{"lang":"en","value":"Canada"}]}}}},{"lastName":"MD. Joseph DiFranza (University of Massachusetts Medical School)","email":"Joseph.Difranza@umassmemorial.org","phone":"774-442-5658","dataAccessCommitteeMember":false,"institution":{"name":[{"lang":"en","value":"University of Massachusetts Medical School"}],"department":[{"lang":"en","value":"Department of Family Medicine and Community Health"}],"address":{"city":[{"lang":"en","value":"Worcester"}],"state":"Massachusetts","country":{"iso":"US","name":[{"lang":"en","value":"United States"}]}}}},{"lastName":"Dr. James Hanley (McGill University)","email":" james.hanley@mcgill.ca","phone":"(514) 398-6270","dataAccessCommitteeMember":false,"institution":{"name":[{"lang":"en","value":"McGill University"}],"department":[{"lang":"en","value":"Department of Epidemiology and Biostatistics"}],"address":{"city":[{"lang":"en","value":"Montreal"}],"state":"Quebec","country":{"iso":"CA","name":[{"lang":"en","value":"Canada"}]}}}},{"lastName":"Dr. Andr\u00e9 Gervais (Direction de sant\u00e9 publique de Montr\u00e9al)","email":"agervais@santepub-mtl.qc.ca","phone":"514 528-2400 ext 3497","dataAccessCommitteeMember":false,"institution":{"name":[{"lang":"en","value":"Direction de sant\u00e9 publique de Montr\u00e9al "}],"address":{"city":[{"lang":"en","value":"Montreal"}],"state":"Quebec","country":{"iso":"CA","name":[{"lang":"en","value":"Canada"}]}}}}],"contacts":[{"lastName":"Dr. Jennifer O`Loughlin (University of Montreal Public Health Research Institute (IRSPUM))","email":"jennifer.oloughlin@umontreal.ca","phone":"(514) 528-2400 ext 15861","dataAccessCommitteeMember":false,"institution":{"name":[{"lang":"en","value":"University of Montreal Public Health Research Institute (IRSPUM)"}],"department":[{"lang":"en","value":"Social and Preventive Medicine"}],"address":{"city":[{"lang":"en","value":"Montreal"}],"state":"Quebec","country":{"iso":"CA","name":[{"lang":"en","value":"Canada"}]}}}}],"objectives":[{"lang":"en","value":"<p>The Nicotine Dependence in Teens (NDIT) Study is a prospective cohort investigation of adolescents conducted in Montreal.<\/p>\r\n\r\n<p>NDIT aimed to describe the natural course of cigarette smoking and nicotine dependence (ND) in novice smokers, to measure the intensity of ND symptoms in relation to cigarette smoking and to investigate the importance of a wide range of individual-level and contextual factors in the initiation of smoking and ND.<\/p>\r\n\r\n<p>In addition to its primary objectives, NDIT has embedded studies on obesity, blood pressure, physical activity team sports, sedentary behaviour, diet, genetics, alcohol use, use of illicit drugs, second-hand smoke, gambling, sleep and mental health.<\/p>\r\n"}],"website":"http:\/\/www.nditstudy.ca","specificAuthorization":{"authorized":false,"date":"1969-12-31T19:00:00-05:00"},"maelstromAuthorization":{"authorized":false,"date":"1969-12-31T19:00:00-05:00"},"methods":{"designs":["cohort_study"],"followUpInfo":[{"lang":"en","value":"<p>Baseline self-report questionnaires were completed during class time at school in autumn 1999 in nine schools and in autumn 2000 in one school. Follow-up questionnaires were completed every 3 months thereafter during the 10-month school year for the next 5 years (1999\u20132005) until NDIT participants completed grade 11 and graduated from high school, for a total of 20 survey cycles during high school. In 2007\u201308, when NDIT participants were age 20 years on average, they completed self-report questionnaires that were mailed to their homes with a stamped addressed return envelope (i.e. survey cycle 21). Finally, NDIT participants completed a self-report questionnaire administered in the NDIT research offices in 2011\u201312 when they were age 24 years on average (i.e. survey cycle 22).<\/p>\r\n"}],"recruitments":["individuals"]},"numberOfParticipants":{"participant":{"noLimit":false,"number":1294},"sample":{"noLimit":false,"number":962}},"startYear":1999,"endYear":2013,"access":["data","biosamples"],"markerPaper":"O'Loughlin J, Dugas EN, et al. Cohort Profile: The Nicotine Dependence in Teens (NDIT) Study. International journal of epidemiology, 2014; pii: dyu135.","pubmedId":"25022274","info":[{"lang":"en","value":"<p>Access to data and biological data is available to university-appointed or affiliated investigators and to masters, doctoral and postdoctoral students, through their primary supervisor (www.nditstudy.ca<http: www.nditstudy.ca=\"\">).<\/http:><\/p>\r\n"}],"populations":[{"id":"30a20982-c72d-4714-8544-6011dc237822","name":[{"lang":"en","value":"NDIT population"}],"description":[{"lang":"en","value":"<p>The population is composed of students recruited in 1999\u20132000 from all grade 7 classes in a convenience sample of 10 high schools in Montreal, Canada.&nbsp;<\/p>\r\n"}],"recruitment":{"dataSources":["general"],"generalPopulationSources":["volunteer"]},"selectionCriteria":{"countriesIso":["CAN"],"territory":[{"lang":"en","value":"<p>Montreal<\/p>\r\n"}],"otherCriteria":[{"lang":"en","value":"<p>Grade 7 students.<\/p>\r\n"}]},"numberOfParticipants":{"participant":{"noLimit":false,"number":1294},"sample":{"noLimit":false,"number":962},"info":[{"lang":"en","value":"<p>Cycle 1: Questionnaire (1267 participants) and physical measures (1195 participants)<\/p>\r\n\r\n<p>Cycle 2: Questionnaire (1198 participants)<\/p>\r\n\r\n<p>Cycle 3:&nbsp;Questionnaire (1191&nbsp;participants)<\/p>\r\n\r\n<p>Cycle 4:&nbsp;Questionnaire (545 participants)<\/p>\r\n\r\n<p>Cycle 5:&nbsp;Questionnaire (1104&nbsp;participants)<\/p>\r\n\r\n<p>Cycle 6:&nbsp;Questionnaire (1101&nbsp;participants)<\/p>\r\n\r\n<p>Cycle 7:&nbsp;Questionnaire (960 participants)<\/p>\r\n\r\n<p>Cycle 8:&nbsp;Questionnaire (982 participants)<\/p>\r\n\r\n<p>Cycle 9:&nbsp;Questionnaire (1022 participants)<\/p>\r\n\r\n<p>Cycle 10:&nbsp;Questionnaire (995 participants)<\/p>\r\n\r\n<p>Cycle 11:&nbsp;Questionnaire (972 participants) and blood samples (523 participants)<\/p>\r\n\r\n<p>Cycle 12:&nbsp;Questionnaire (987 participants), physical measures (955 participants) and 10 school questionnaires completed by school administrator and\/or teacher<\/p>\r\n\r\n<p>Cycle 13:&nbsp;Questionnaire (914 participants)<\/p>\r\n\r\n<p>Cycle 14:&nbsp;Questionnaire (906 participants)<\/p>\r\n\r\n<p>Cycle 15:&nbsp;Questionnaire (904 participants)<\/p>\r\n\r\n<p>Cycle 16:&nbsp;Questionnaire (887 participants) and environmental scans (171)<\/p>\r\n\r\n<p>Cycle 17:&nbsp;Questionnaire (871 participants)<\/p>\r\n\r\n<p>Cycle 18:&nbsp;Questionnaire (853 participants)<\/p>\r\n\r\n<p>Cycle 19:&nbsp;Questionnaire (844&nbsp;participants) and physical measures (804 participants)<\/p>\r\n\r\n<p>Cycle 20:&nbsp;Questionnaire (840 participants)<\/p>\r\n\r\n<p>Cycle 21:&nbsp;Questionnaire (880 participants) and saliva samples (336 participants)<\/p>\r\n\r\n<p>Parent questionnaires: Mother questionnaire (597 mothers), father questionnaire (479 fathers), questionnaire about NDIT participants (648 mothers\/fathers) and saliva samples (822 parents)<\/p>\r\n\r\n<p>Cycle 22:&nbsp;Questionnaire (858 participants), saliva samples (103 participants), diet history questionnaire (363 participants), physical measures (781 participants), wearing accelerometers (341 participants) and saliva samples for cotinine (236 smoking participants)<\/p>\r\n"}]},"dataCollectionEvents":[{"id":"024a4937-2789-4e42-b818-0cd468f71585","name":[{"lang":"en","value":"NDIT - 3 years post high school"}],"description":[{"lang":"en","value":"<p>Questionnaires were completed after graduation from high school in 2007\u201308&nbsp;(survey cycle&nbsp;21) when participants were aged 20 years on average.<\/p>\r\n\r\n<p><span>During cycle 21, 336 NDIT participants provided saliva samples&nbsp;for deoxyribonucleic acid (DNA) extraction.<\/span><\/p>\r\n"}],"startYear":2007,"endYear":2008,"dataSources":["questionnaires","biological_samples"],"bioSamples":["saliva"]},{"id":"de5ce0ae-3dc9-439b-90c4-703f5ee967b5","name":[{"lang":"en","value":"NDIT - 6 years post high school"}],"description":[{"lang":"en","value":"<p>During cycle 22, 103 NDIT participants provided saliva samples&nbsp;for deoxyribonucleic acid (DNA) extraction and 236 smoking participants provided saliva samples for cotinine analysis.<\/p>\r\n\r\n<p>363 participants completed the diet history questionnaire.<\/p>\r\n\r\n<p>781 NDIT participants provided anthropometric and blood pressure measures.<\/p>\r\n\r\n<p>341 NDIT participants wore accelerometers to collect an objective measure of physical activity.<\/p>\r\n"}],"startYear":2011,"endYear":2012,"dataSources":["questionnaires","physical_measures","biological_samples"],"bioSamples":["saliva"]},{"id":"caa874b5-8b5c-460d-93a3-45bbcf943207","name":[{"lang":"en","value":"NDIT - Blood samples 1"}],"description":[{"lang":"en","value":"<p>523 blood samples were collected during cycle 11 for deoxyribonucleic acid (DNA) extraction.<\/p>\r\n"}],"startYear":2002,"startMonth":3,"endYear":2002,"endMonth":3,"dataSources":["biological_samples"],"bioSamples":["blood"]},{"id":"a96babed-fc49-4943-9a49-981970e36a8e","name":[{"lang":"en","value":"NDIT - Environmental scans"}],"description":[{"lang":"en","value":"<p>Direct observations on tolerance to smoking in school neighbourhoods (i.e. environmental scans) were completed during cycle 16.<\/p>\r\n"}],"startYear":2003,"startMonth":6,"endYear":2003,"endMonth":6,"dataSources":["others"],"otherDataSources":[{"lang":"en","value":"Direct observation"}]},{"id":"047292f1-8691-42bc-81be-341e1d608777","name":[{"lang":"en","value":"NDIT - Parent questionnaire"}],"description":[{"lang":"en","value":"<p>597 mothers completed the mother questionnaire.<\/p>\r\n\r\n<p>479 fathers completed the&nbsp;father questionnaire.<\/p>\r\n\r\n<p>648 mothers\/fathers completed the questionnaire about NDIT participant.<\/p>\r\n\r\n<p>822 parents provided saliva samples&nbsp;for deoxyribonucleic acid (DNA) extraction.<\/p>\r\n"}],"startYear":2009,"endYear":2010,"dataSources":["questionnaires","biological_samples"],"bioSamples":["saliva"]},{"id":"9ded1780-7306-46c0-8007-fe5ca3d6307a","name":[{"lang":"en","value":"NDIT - Physical measures 1"}],"description":[{"lang":"en","value":"<p>During cycle 1, 1195 NDIT participants provided anthropometric and blood pressure measures.<\/p>\r\n"}],"startYear":1999,"startMonth":9,"endYear":1999,"endMonth":9,"dataSources":["physical_measures"]},{"id":"86475e32-25ec-48e4-ad53-9cfa508526dc","name":[{"lang":"en","value":"NDIT - Physical measures 2"}],"description":[{"lang":"en","value":"<p><span>During cycle 12, 955 NDIT participants provided anthropometric and blood pressure measures.<\/span><\/p>\r\n"}],"startYear":2002,"startMonth":6,"endYear":2002,"endMonth":6,"dataSources":["physical_measures"]},{"id":"4e7f9657-0c6e-4666-9804-7fe25417b634","name":[{"lang":"en","value":"NDIT - Physical measures 3"}],"description":[{"lang":"en","value":"<p><span>During cycle 19, 804 NDIT participants provided anthropometric and blood pressure measures.<\/span><\/p>\r\n"}],"startYear":2004,"startMonth":3,"endYear":2004,"endMonth":3,"dataSources":["physical_measures"]},{"id":"cb346892-eb0b-4514-afc5-b888308f2c3f","name":[{"lang":"en","value":"NDIT - Questionnaire follow-up during high school"}],"description":[{"lang":"en","value":"<p>The main source of data was self-report questionnaires administered in class at school every 3 months from grade 7 to grade 11 (1999\u20132005), <span style=\"color: rgb(0, 0, 0); font-family: 'Lucida Grande', 'Lucida Sans Unicode', Tahoma, Verdana, Arial, Helvetica, sans-serif; font-size: 14px; line-height: 21px;\">for a total of 20 survey cycles during high school<\/span>.<\/p>\r\n"}],"startYear":1999,"startMonth":9,"endYear":2004,"endMonth":6,"dataSources":["questionnaires"]},{"id":"7de82388-e3e8-4ec1-9125-c2f1bbb009d0","name":[{"lang":"en","value":"NDIT - School questionnaire"}],"description":[{"lang":"en","value":"<p>During cycle 12, 10 school questionnaires were completed by school administrator and\/or teachers.<\/p>\r\n"}],"startYear":2002,"startMonth":6,"endYear":2002,"endMonth":6,"dataSources":["questionnaires"]}]}]}