{"id":"444c6f23-2c2e-4a7d-b700-51aab6bdf5b9","name":[{"lang":"en","value":"Biobank Standardisation and Harmonisation for Research Excellence in the European Union"}],"acronym":[{"lang":"en","value":"BioSHaRE-EU"}],"investigators":[{"lastName":"Prof. Ronald Stolk (University Medical Center Groningen)","email":"r.p.stolk@umcg.nl","dataAccessCommitteeMember":false,"institution":{"name":[{"lang":"en","value":"University Medical Center Groningen"}],"address":{"street":[{"lang":"en","value":"Hanzeplein 1"}],"city":[{"lang":"en","value":"Groningen"}]}}},{"lastName":"Dr. Hans Hillege (University of Groningen)","email":"h.hillege@umcg.nl","dataAccessCommitteeMember":false,"institution":{"name":[{"lang":"en","value":"University of Groningen"}],"address":[]}},{"lastName":"Prof. Paul Burton (University of Bristol)","dataAccessCommitteeMember":false,"institution":{"name":[{"lang":"en","value":"University of Bristol"}],"address":[]}},{"lastName":"Prof. Anthony Brookes (University of Leicester)","dataAccessCommitteeMember":false,"institution":{"name":[{"lang":"en","value":"University of Leicester"}],"department":[{"lang":"en","value":"Department of Genetics"}],"address":[]}},{"lastName":"Dr. Thomas Illig (HelmholtzZentrum m\u00fcnchen, German Research Center for Environmental Health)","dataAccessCommitteeMember":false,"institution":{"name":[{"lang":"en","value":"HelmholtzZentrum m\u00fcnchen, German Research Center for Environmental Health"}],"department":[{"lang":"en","value":"Institute of Epidemiology"}],"address":[]}},{"lastName":"Dr. Markus Perola (National Institute For Health and Welfare)","email":"markus.perola@ktl.fi","phone":"+358-40-8612557","dataAccessCommitteeMember":false,"institution":{"name":[{"lang":"en","value":"National Institute For Health and Welfare"}],"address":{"city":[{"lang":"en","value":"Helsinki"}],"zip":"251","country":{"iso":"FI","name":[{"lang":"en","value":"Finland"}]}}}},{"lastName":"Prof. Kristian Hveem (HUNT Research Centre, Department of Public Health and General Practice, Faculty of Medicine, Norwegian University of Science and Technology)","email":"kristian.hveem@ntnu.no","phone":"+47 47652530","dataAccessCommitteeMember":false,"institution":{"name":[{"lang":"en","value":"HUNT Research Centre, Department of Public Health and General Practice, Faculty of Medicine, Norwegian University of Science and Technology"}],"address":{"street":[{"lang":"en","value":"Halsanveien 24"}],"city":[{"lang":"en","value":"Levanger"}],"zip":"7600","country":{"iso":"NO","name":[{"lang":"en","value":"Norway"}]}}}},{"lastName":"Dr. Jennifer Harris (Norwegian Institute of Public Health)","dataAccessCommitteeMember":false,"institution":{"name":[{"lang":"en","value":"Norwegian Institute of Public Health"}],"address":[]}},{"lastName":"Dr. Samuli Ripatti (Institute for Molecular Medicine Finland)","dataAccessCommitteeMember":false,"institution":{"name":[{"lang":"en","value":"Institute for Molecular Medicine Finland"}],"address":[]}}],"contacts":[{"lastName":"Prof. Ronald Stolk (University Medical Center Groningen)","email":"r.p.stolk@umcg.nl","dataAccessCommitteeMember":false,"institution":{"name":[{"lang":"en","value":"University Medical Center Groningen"}],"address":{"street":[{"lang":"en","value":"Hanzeplein 1"}],"city":[{"lang":"en","value":"Groningen"}]}}}],"description":[{"lang":"en","value":"<p>&nbsp;<\/p>\r\n\r\n<p>BioSHaRE is a consortium of European leading biobanks and international researchers from all domains of biobanking science. The overall aim of the project is to build upon tools and methods available to achieve solutions for researchers to use pooled data from different cohort and biobank studies. This, in order to obtain the very large sample sizes needed to investigate current questions in multifactorial diseases. This aim is achieved through the development of harmonization and standardization tools, implementation of these tools and demonstration of their applicability.<\/p>\r\n\r\n<p>&nbsp;<\/p>\r\n\r\n<p>As part of its mission, BioSHaRE will document information collected by participant biobanks and harmonize, integrate and co-analyse biobank-specific data to answer key research questions on chronic diseases.<\/p>\r\n"}],"website":"www.bioshare.eu","maelstromAuthorization":{"authorized":false,"date":"2012-08-14T00:00:00-04:00"},"attachments":[{"id":"9e000dc1-564b-4561-92f2-9484fb07054b","fileName":"Bioshare.png","type":"logo","description":[{"lang":"en"}],"lang":"en","justUploaded":true}],"studyIds":["13bb6faf-4c19-48c2-9105-91b26ee5eabc"],"published":false}