{"id":"13bb6faf-4c19-48c2-9105-91b26ee5eabc","name":[{"lang":"en","value":"National Child Development Study (NCDS)"}],"acronym":[{"lang":"en","value":"NCDS"}],"investigators":[{"lastName":"Prof. Alissa Goodman (Centre for Longitudinal Studies, Institute of Education)","email":"a.goodman@ioe.ac.uk","phone":"020 7612 6231","dataAccessCommitteeMember":false,"institution":{"name":[{"lang":"en","value":"Centre for Longitudinal Studies, Institute of Education"}],"address":{"country":{"iso":"GB","name":[{"lang":"en","value":"United Kingdom"}]}}}}],"contacts":[{"lastName":"Matthew Brown (Centre for Longitudinal Studies, Institute of Education)","email":"m.brown@ioe.ac.uk","phone":"+44 207 911 5325","dataAccessCommitteeMember":false,"institution":{"name":[{"lang":"en","value":"Centre for Longitudinal Studies, Institute of Education"}],"address":{"city":[{"lang":"en","value":"London"}],"zip":"WC1H 0AL"}}}],"objectives":[{"lang":"en","value":"The National Childhood Development Study is the second of Britain\u2019s world renowned national longitudinal birth cohort studies. Each follows a large sample of individuals born over a limited period of time through the course of their lives, charting the effects of events and circumstances in early life on outcomes and achievements later on. They show how histories of health, wealth, education, family and employment are interwoven for individuals and vary between them.\r\n\r\nThe data collected across the sweeps of the study form a high quality data resource for scientific investigations across a full range of domains of individuals' lives and across different points in time in them."}],"website":"www.cls.ioe.ac.uk\/ncds","specificAuthorization":{"authorized":true,"authorizer":"Alissa Goodman","date":"2012-11-19T00:00:00-05:00"},"maelstromAuthorization":{"authorized":false,"date":"2012-10-22T00:00:00-04:00"},"methods":{"designs":["cohort_study","cross_sectional"],"followUpInfo":[{"lang":"en","value":"<p>Since the birth survey in 1958, there have been eight further \u2018sweeps\u2019 of all cohort members at ages 7, 11, 16, 23, 33, 42, 46 and 50.<\/p>\r\n"}],"recruitments":["individuals"],"info":[{"lang":"en","value":"<p>Cohort members have been the prime source of data but in the early sweeps data was collected from parents (mothers in the majority of cases), teachers and doctors. At the age of 33 data was also collected from co-resident partners and for a third of the sample data was also collected from any co-resident natural or adopted children of the cohort member.<\/p>\r\n"}]},"numberOfParticipants":{"participant":{"noLimit":false,"number":18558},"sample":{"noLimit":false,"number":9337}},"startYear":1958,"access":["data","biosamples"],"markerPaper":"Chris Power and Jane Elliott, Cohort profile: 1958 British birth cohort (National Child Development Study)","pubmedId":"16155052","info":[{"lang":"en","value":"<p>The National Child Development Study is also known as the 1958 British Birth Cohort Study.<\/p>\r\n\r\n<div>Funding agencies: Government Departments, Wellcome Trust, Medical Research Council and Economic Social Research Council.<\/div>\r\n\r\n<div>The National Child Development Study is also known as the British 1958 cohort.<\/div>\r\n\r\n<p>A searchable bibliography of published research based on data collected by the National Child Development Study is provided on the Centre for Longitudinal Studies website: www.cls.ioe.ac.uk\/bibliography<\/p>\r\n"}],"populations":[{"id":"8defd7bd-aa11-4805-87fa-ad1272a5f3fc","name":[{"lang":"en","value":"NCDS sample"}],"description":[{"lang":"en","value":"<p>The NCDS follows the lives of all people born in England, Scotland and Wales in one particular week of March 1958. In the first three sweeps (at ages 7, 11 and 16), the target sample was augmented to include immigrants born in the same week.<\/p>\r\n"}],"recruitment":{"dataSources":["specific_population"],"info":[{"lang":"en","value":"<p>All births in one particular week in March 1958 in England, Scotland and Wales.<\/p>\r\n"}]},"selectionCriteria":{"countriesIso":["GBR"],"territory":[{"lang":"en","value":"<p>England, Scotland and Wales<\/p>\r\n"}],"criteria":["newborn"]},"numberOfParticipants":{"participant":{"noLimit":false,"number":18558},"sample":{"noLimit":false,"number":9337}},"dataCollectionEvents":[{"id":"7b9a0862-a117-4724-80ab-e7d7a67c282c","name":[{"lang":"en","value":"Biomedical"}],"description":[{"lang":"en","value":"<p>The data from this wave were collected from cohort member.<\/p>\r\n\r\n<p>Information recorded included:<\/p>\r\n\r\n<p>(1) Health and medical data<\/p>\r\n\r\n<ul>\r\n\t<li>Blood pressure, pulse<\/li>\r\n\t<li>Standing and sitting height<\/li>\r\n\t<li>Weight, waist and hip circumferences<\/li>\r\n\t<li>Respiratory symptoms, ventilatory function (FEV1 and FVC)<\/li>\r\n\t<li>Visual acuity (near and distant), refractive error<\/li>\r\n\t<li>Hearing thresholds<\/li>\r\n\t<li>Depression and anxiety disorder (CIS-R)<\/li>\r\n\t<li>Blood samples for lipids, clotting factors, inflammatory markers, total\/specific serum IgE<\/li>\r\n\t<li>Salivary cortisol<\/li>\r\n\t<li>DNA (and immortalized cell lines)<\/li>\r\n\t<li>Chronic widespread pain<\/li>\r\n\t<li>Use of medications<\/li>\r\n\t<li>Alcohol use (AUDIT)<\/li>\r\n\t<li>Food frequency questionnaire, exercise habits<\/li>\r\n<\/ul>\r\n\r\n<p>\u200b(2) Social and Educational data<\/p>\r\n\r\n<ul>\r\n\t<li>Marital status, children<\/li>\r\n\t<li>Life events<\/li>\r\n\t<li>Household tenure and access to cars<\/li>\r\n\t<li>Social support<\/li>\r\n\t<li>Psychosocial work characteristics<\/li>\r\n<\/ul>\r\n\r\n<p>The total number of the sample: 9 426<\/p>\r\n"}],"startYear":2002,"startMonth":9,"endYear":2003,"endMonth":12,"dataSources":["questionnaires","physical_measures","biological_samples"],"bioSamples":["blood","saliva"]},{"id":"676c12ca-7ad9-45d1-980c-fd063c37fd03","name":[{"lang":"en","value":"EXAMS"}],"description":[{"lang":"en","value":"<p>Details of examination performance by members of the NCDS cohort were obtained in 1978 by writing to schools which study members were known to attend at the time of the 1974 follow-up (NCDS3). Schools were asked to provide details of all CSE, GCE and (in Scotland) SCE examinations entered up to 1978. They were also asked to indicate when an individual was known to have gone to study elsewhere (eg. another school, sixth-form college, FE college, etc) and might have taken more such examinations. In such cases the other institutions were also contacted and the relevant results obtained.<\/p>\r\n\r\n<p>The total number of the sample: 14 331<\/p>\r\n"}],"startYear":1978,"endYear":1978,"dataSources":["questionnaires"]},{"id":"6af6181f-a5d5-450d-a5e2-56a3a145e2bb","name":[{"lang":"en","value":"NCDS1"}],"description":[{"lang":"en","value":"<p>The data from this wave were collected from Parents, school, tests, medical exam and from cohort member.<\/p>\r\n\r\n<p>Information recorded included:<\/p>\r\n\r\n<p>(1) Health and medical data<\/p>\r\n\r\n<ul>\r\n\t<li>Infant feeding<\/li>\r\n\t<li>Immunizations (DPT, polio, smallpox)<\/li>\r\n\t<li>Measles, rubella, pertussis, chickenpox, mumps<\/li>\r\n\t<li>Scarlet fever, recurrent throat\/ear infections<\/li>\r\n\t<li>Tonsillectomy or adenoidectomy<\/li>\r\n\t<li>Hospital admissions for surgery or accident<\/li>\r\n\t<li>Asthma, wheezy bronchitis, pneumonia<\/li>\r\n\t<li>Eczematous rashes, hay fever<\/li>\r\n\t<li>Abdominal pain, periodic vomiting, migraine<\/li>\r\n\t<li>Epileptic fits in first year and after, petit mal<\/li>\r\n\t<li>Enuresis, urinary infection, proteinuria<\/li>\r\n\t<li>Skin examination for eczema, warts, birth marks<\/li>\r\n\t<li>Height and weight<\/li>\r\n\t<li>Visual acuity and screening audiometry<\/li>\r\n\t<li>Physical coordination<\/li>\r\n\t<li>Behaviour (Rutter home\/Bristol Social Adjustment Guide) scores<\/li>\r\n<\/ul>\r\n\r\n<p>\u200b(2) Social and Educational data<\/p>\r\n\r\n<ul>\r\n\t<li>Mother\u2019s work<\/li>\r\n\t<li>Maternal separation and periods in care<\/li>\r\n\t<li>Parental social class<\/li>\r\n\t<li>Household structure<\/li>\r\n\t<li>Household tenure and amenities<\/li>\r\n\t<li>Place of residence (county boroughs, counties)<\/li>\r\n\t<li>Pre-school nursery experience<\/li>\r\n\t<li>School attendance<\/li>\r\n\t<li>Type and size of school<\/li>\r\n\t<li>School\u2019s social composition and academic record<\/li>\r\n\t<li>Ability ratings<\/li>\r\n\t<li>Special provisions for the child<\/li>\r\n\t<li>Prediction of future educational\/occupational progress<\/li>\r\n\t<li>Ratings of parental interest<\/li>\r\n\t<li>Cognitive tests (reading, arithmetic, drawing, copying)<\/li>\r\n<\/ul>\r\n\r\n<p>The total number of the sample: 15 425<\/p>\r\n"}],"startYear":1965,"endYear":1965,"dataSources":["questionnaires","physical_measures","others"],"otherDataSources":[{"lang":"en","value":"Cognitive assessments"}]},{"id":"4b4a3654-1713-436b-92dc-53b856e9ca87","name":[{"lang":"en","value":"NCDS2"}],"description":[{"lang":"en","value":"<p>The data from this wave were collected from parents, school, tests, medical exam and from cohort member.<\/p>\r\n\r\n<p>Information recorded included:<\/p>\r\n\r\n<p>(1) Health and medical data<\/p>\r\n\r\n<ul>\r\n\t<li>Parental heights and weights<\/li>\r\n\t<li>Childhood illnesses (as at 7) plus<\/li>\r\n\t<li>Rheumatic fever, hepatitis, meningitis, tuberculosis<\/li>\r\n\t<li>Hospital admissions and operations (including T&amp;A)<\/li>\r\n\t<li>Recurrent throat\/ear infections, discharging ears<\/li>\r\n\t<li>Asthma\/wheezy bronchitis, hay fever, eczema<\/li>\r\n\t<li>Abdominal pain, periodic vomiting, migraine<\/li>\r\n\t<li>Epileptic fits, tics, habit spasms<\/li>\r\n\t<li>Enuresis, night terrors, school refusal<\/li>\r\n\t<li>Behaviour (Rutter home\/Bristol Social Adjustment Guide)<\/li>\r\n\t<li>Undescended testes<\/li>\r\n\t<li>Skin examination for eczema, psoriasis, warts, acne<\/li>\r\n\t<li>Height and weight<\/li>\r\n\t<li>Visual acuity and screening audiometry<\/li>\r\n\t<li>Physical co-ordination<\/li>\r\n<\/ul>\r\n\r\n<p>\u200b(2) Social and Educational data<\/p>\r\n\r\n<ul>\r\n\t<li>Ethnic group<\/li>\r\n\t<li>Father\u2019s occupation and education<\/li>\r\n\t<li>Mother\u2019s work<\/li>\r\n\t<li>Type of accommodation and tenure<\/li>\r\n\t<li>Place of residence (county boroughs, counties)<\/li>\r\n\t<li>Family size<\/li>\r\n\t<li>Parental situation<\/li>\r\n\t<li>Periods \u2018In Care\u2019<\/li>\r\n\t<li>Separation from mother<\/li>\r\n\t<li>Financial situation<\/li>\r\n\t<li>Housing and neighbourhood satisfaction<\/li>\r\n\t<li>School size and organization<\/li>\r\n\t<li>Teachers assessment of child\u2019s abilities<\/li>\r\n\t<li>Cognitive (reading and maths, general ability, copying) tests<\/li>\r\n\t<li>Interests out of school and educational aspiration<\/li>\r\n\t<li>Essay describing their life at age 25<\/li>\r\n<\/ul>\r\n\r\n<p>The total number of the sample: 15 337<\/p>\r\n"}],"startYear":1969,"startMonth":3,"endYear":1970,"endMonth":4,"dataSources":["questionnaires","physical_measures","others"],"otherDataSources":[{"lang":"en","value":"Cognitive assessments"}]},{"id":"25b4b2b2-3409-42a4-b3ff-9fbb30d595af","name":[{"lang":"en","value":"NCDS3"}],"description":[{"lang":"en","value":"<p>The data from this wave were collected from Parents, school, tests, medical examm cohort member and from census.<\/p>\r\n\r\n<p>Information recorded included:<\/p>\r\n\r\n<p>(1) Health and medical data<\/p>\r\n\r\n<ul>\r\n\t<li>Immunizations (BCG, rubella, smallpox)<\/li>\r\n\t<li>Hospital admissions and operations, specifically: Tonsillectomy, appendicectomy, orchidopexy<\/li>\r\n\t<li>Recurrent throat\/ear infections, discharging ears<\/li>\r\n\t<li>Asthma\/wheezy bronchitis, hay fever, eczema<\/li>\r\n\t<li>Abdominal pain, periodic vomiting, migraine<\/li>\r\n\t<li>Epileptic fits, tics, habit spasms<\/li>\r\n\t<li>Behaviour (Rutter home and school) score<\/li>\r\n\t<li>Skin examination for eczema, psoriasis, warts, acne<\/li>\r\n\t<li>Height and weight<\/li>\r\n\t<li>Visual acuity and screening audiometry<\/li>\r\n\t<li>Puberty measures: age at menarche\/age voice broke<\/li>\r\n\t<li>Undescended testes<\/li>\r\n\t<li>Physical and mental handicap<\/li>\r\n\t<li>Physical co-ordination<\/li>\r\n<\/ul>\r\n\r\n<p>\u200b(2) Social and Educational data<\/p>\r\n\r\n<ul>\r\n\t<li>Father\u2019s occupation and education<\/li>\r\n\t<li>Mother\u2019s work<\/li>\r\n\t<li>Type of accommodation and tenure<\/li>\r\n\t<li>Ever been \u2018in care\u2019 (local authority or voluntary)<\/li>\r\n\t<li>Country of birth, year of immigration<\/li>\r\n\t<li>Place of residence (county boroughs, counties)<\/li>\r\n\t<li>Parental situation<\/li>\r\n\t<li>Household amenities<\/li>\r\n\t<li>Financial situation<\/li>\r\n\t<li>Separation from mother<\/li>\r\n\t<li>Cognitive (reading and maths) tests<\/li>\r\n\t<li>School size and organization<\/li>\r\n\t<li>Child\u2019s future education\/employment (teacher assessed)<\/li>\r\n\t<li>Child\u2019s aspirations (future education, employment, relationships, marriage and family)<\/li>\r\n\t<li>Child\u2019s smoking and drinking alcohol<\/li>\r\n\t<li>Parental smoking<\/li>\r\n<\/ul>\r\n\r\n<p>The total number of the sample: 14 647<\/p>\r\n"}],"startYear":1974,"endYear":1974,"dataSources":["questionnaires","physical_measures","others"],"otherDataSources":[{"lang":"en","value":"Cognitive assessments"}]},{"id":"38a25127-f0ee-4a41-97a5-551684cc0f41","name":[{"lang":"en","value":"NCDS4"}],"description":[{"lang":"en","value":"<p>The data from this wave were collected from cohort member and from census.<\/p>\r\n\r\n<p>Information recorded included:<\/p>\r\n\r\n<p>(1) Health and medical data<\/p>\r\n\r\n<ul>\r\n\t<li>Hospital admissions and accidents since 16<\/li>\r\n\t<li>Disability and consequences<\/li>\r\n\t<li>Asthma\/wheezy bronchitis, hay fever, eczema<\/li>\r\n\t<li>Cough and phlegm (MRC bronchitis questions)<\/li>\r\n\t<li>Abdominal pain, periodic vomiting, migraine<\/li>\r\n\t<li>Epileptic fits, tics, habit spasms<\/li>\r\n\t<li>Use of spectacles\/contact lenses<\/li>\r\n\t<li>Psychological distress (Malaise inventory)<\/li>\r\n\t<li>Height and weight<\/li>\r\n\t<li>Smoking history, smoking by others in household<\/li>\r\n\t<li>Alcohol consumption<\/li>\r\n<\/ul>\r\n\r\n<p>\u200b(2) Social and Educational data<\/p>\r\n\r\n<ul>\r\n\t<li>Employment, periods out of the labour force<\/li>\r\n\t<li>Apprenticeship and training<\/li>\r\n\t<li>Education and qualifications since school<\/li>\r\n\t<li>Literacy and numeracy<\/li>\r\n\t<li>Attitudes to school and work<\/li>\r\n\t<li>Number, age and sex of all natural children<\/li>\r\n\t<li>Children\u2019s health<\/li>\r\n\t<li>Marriage and cohabitation<\/li>\r\n\t<li>Characteristics of partners<\/li>\r\n\t<li>Marriage\/family plans<\/li>\r\n\t<li>Housing<\/li>\r\n\t<li>Income and savings<\/li>\r\n\t<li>Leisure and voluntary activities<\/li>\r\n\t<li>Economic status of parents<\/li>\r\n\t<li>Experience of \u2018Care\u2019 as a child<\/li>\r\n\t<li>Place of residence (post-1974 counties)<\/li>\r\n\t<li>Characteristics of ward of residence based on 1981 census data<\/li>\r\n<\/ul>\r\n\r\n<p>The total number of the sample: 12 537<\/p>\r\n"}],"startYear":1981,"startMonth":8,"endYear":1982,"endMonth":3,"dataSources":["questionnaires"]},{"id":"2fbbd265-c29e-4599-b527-71560f469014","name":[{"lang":"en","value":"NCDS5"}],"description":[{"lang":"en","value":"<p>The data from this wave were collected from cohort member, spouse\/partner, children and Children's mother (2588 mothers completed the \u2018mother\u2019 questionnaire, giving information on 4278 children)<\/p>\r\n\r\n<p>Information recorded included:<\/p>\r\n\r\n<p>(1) Health and medical data<\/p>\r\n\r\n<ul>\r\n\t<li>Hospital admissions and accidents since 16<\/li>\r\n\t<li>Disability and consequences<\/li>\r\n\t<li>Asthma\/wheezy bronchitis, hay fever, eczema<\/li>\r\n\t<li>Cough and phlegm (MRC bronchitis questions)<\/li>\r\n\t<li>Abdominal pain, periodic vomiting, migraine<\/li>\r\n\t<li>Epileptic fits, tics, habit spasms<\/li>\r\n\t<li>Use of spectacles\/contact lenses<\/li>\r\n\t<li>Psychological distress (Malaise inventory)<\/li>\r\n\t<li>Height and weight<\/li>\r\n\t<li>Smoking history, smoking by others in household<\/li>\r\n\t<li>Alcohol consumption<\/li>\r\n\t<li>Reproductive history<\/li>\r\n\t<li>Checklist of common complaints<\/li>\r\n\t<li>Emotional problems and health care for these<\/li>\r\n\t<li>Food frequency questionnaire, exercise habits<\/li>\r\n<\/ul>\r\n\r\n<p>\u200b(2) Social and Educational data<\/p>\r\n\r\n<ul>\r\n\t<li>Employment, periods out of the labour force<\/li>\r\n\t<li>Apprenticeship and training<\/li>\r\n\t<li>Education and qualifications since school<\/li>\r\n\t<li>Literacy and numeracy<\/li>\r\n\t<li>Attitudes to school and work<\/li>\r\n\t<li>Number, age and sex of all natural children<\/li>\r\n\t<li>Children\u2019s health<\/li>\r\n\t<li>Marriage and cohabitation<\/li>\r\n\t<li>Characteristics of partners<\/li>\r\n\t<li>Marriage\/family plans<\/li>\r\n\t<li>Housing<\/li>\r\n\t<li>Income and savings<\/li>\r\n\t<li>Leisure and voluntary activities<\/li>\r\n\t<li>Economic status of parents<\/li>\r\n\t<li>Experience of \u2018Care\u2019 as a child<\/li>\r\n\t<li>Place of residence (post-1974 counties)<\/li>\r\n\t<li>Characteristics of ward of residence based on 1981 census data<\/li>\r\n\t<li>Housing (mortgage arrears, and homelessness)<\/li>\r\n\t<li>Income, savings, state benefits, other sources<\/li>\r\n\t<li>Inheritance and debt<\/li>\r\n\t<li>Citizenship (voting behaviour, religiosity, ethnicity)<\/li>\r\n\t<li>Psychosocial work characteristics<\/li>\r\n<\/ul>\r\n\r\n<p>The total number of the sample: 11 407<\/p>\r\n"}],"startYear":1991,"startMonth":5,"endYear":1991,"endMonth":12,"dataSources":["questionnaires"]},{"id":"65eb5458-c4cf-4af5-8d8b-c85b429aaa7f","name":[{"lang":"en","value":"NCDS6"}],"description":[{"lang":"en","value":"<p>The data from this wave were collected only from cohort member.<\/p>\r\n\r\n<p>Information recorded included:<\/p>\r\n\r\n<p>(1) Health and medical data<\/p>\r\n\r\n<ul>\r\n\t<li>Hospital admissions and accidents since 16<\/li>\r\n\t<li>Disability and consequences<\/li>\r\n\t<li>Asthma\/wheezy bronchitis, hay fever, eczema<\/li>\r\n\t<li>Cough and phlegm (MRC bronchitis questions)<\/li>\r\n\t<li>Abdominal pain, periodic vomiting, migraine<\/li>\r\n\t<li>Epileptic fits, tics, habit spasms<\/li>\r\n\t<li>Use of spectacles\/contact lenses<\/li>\r\n\t<li>Psychological distress (Malaise inventory)<\/li>\r\n\t<li>Height and weight<\/li>\r\n\t<li>Smoking history, smoking by others in household<\/li>\r\n\t<li>Alcohol consumption<\/li>\r\n\t<li>Reproductive history<\/li>\r\n\t<li>Checklist of common complaints<\/li>\r\n\t<li>Emotional problems and health care for these<\/li>\r\n\t<li>Food frequency questionnaire, exercise habits<\/li>\r\n<\/ul>\r\n\r\n<p>\u200b(2) Social and Educational data<\/p>\r\n\r\n<ul>\r\n\t<li>Employment, periods out of the labour force<\/li>\r\n\t<li>Apprenticeship and training<\/li>\r\n\t<li>Education and qualifications since school<\/li>\r\n\t<li>Literacy and numeracy<\/li>\r\n\t<li>Attitudes to school and work<\/li>\r\n\t<li>Number, age and sex of all natural children<\/li>\r\n\t<li>Children\u2019s health<\/li>\r\n\t<li>Marriage and cohabitation<\/li>\r\n\t<li>Characteristics of partners<\/li>\r\n\t<li>Marriage\/family plans<\/li>\r\n\t<li>Housing<\/li>\r\n\t<li>Income and savings<\/li>\r\n\t<li>Leisure and voluntary activities<\/li>\r\n\t<li>Economic status of parents<\/li>\r\n\t<li>Experience of \u2018Care\u2019 as a child<\/li>\r\n\t<li>Place of residence (post-1974 counties)<\/li>\r\n\t<li>Characteristics of ward of residence based on 1981 census data<\/li>\r\n\t<li>Housing (mortgage arrears, and homelessness)<\/li>\r\n\t<li>Income, savings, state benefits, other sources<\/li>\r\n\t<li>Inheritance and debt<\/li>\r\n\t<li>Citizenship (voting behaviour, religiosity, ethnicity)<\/li>\r\n\t<li>Psychosocial work characteristics<\/li>\r\n\t<li>Contact with information technology<\/li>\r\n\t<li>Quality of marital relationship<\/li>\r\n\t<li>Skills<\/li>\r\n\t<li>Contact with the police and crime<\/li>\r\n\t<li>Use of illegal drugs<\/li>\r\n<\/ul>\r\n\r\n<p>The total number of the sample: 11 419<\/p>\r\n"}],"startYear":1999,"startMonth":11,"endYear":2000,"endMonth":9,"dataSources":["questionnaires"]},{"id":"96ba0a5b-528c-4958-841f-82b8bf8c3098","name":[{"lang":"en","value":"NCDS7"}],"description":[{"lang":"en","value":"<p>The data from this wave were collected from cohort members.<\/p>\r\n\r\n<p>Information recorded included:<\/p>\r\n\r\n<p>(1) Health and medical data<\/p>\r\n\r\n<ul>\r\n\t<li>General health<\/li>\r\n\t<li>Current health conditions<\/li>\r\n\t<li>Disability \/limitations<\/li>\r\n\t<li>Hospitalizations<\/li>\r\n\t<li>Pregnancy history<\/li>\r\n\t<li>Smoking<\/li>\r\n\t<li>Alcohol consumption<\/li>\r\n\t<li>Exercise<\/li>\r\n\t<li>Efficacy \/ life-satisfaction<\/li>\r\n<\/ul>\r\n\r\n<p>\u200b(2) Social and Educational data<\/p>\r\n\r\n<ul>\r\n\t<li>Household composition<\/li>\r\n\t<li>Cohabiting relationships<\/li>\r\n\t<li>Non-cohabiting relationships<\/li>\r\n\t<li>Children (Natural children \/ adopted children \/ absent children \/ older children)<\/li>\r\n\t<li>Whether parents alive<\/li>\r\n\t<li>Caring responsibilities<\/li>\r\n\t<li>Housing<\/li>\r\n\t<li>Employment \/ Partner\u2019s economic activity<\/li>\r\n\t<li>Income<\/li>\r\n\t<li>Pensions<\/li>\r\n\t<li>Qualifications and training<\/li>\r\n\t<li>Social participation<\/li>\r\n\t<li>Voting<\/li>\r\n\t<li>Victimisation<\/li>\r\n\t<li>Religiosity<\/li>\r\n\t<li>Social support<\/li>\r\n\t<li>Use of information technology<\/li>\r\n\t<li>Reading<\/li>\r\n<\/ul>\r\n\r\n<p>The total number of the sample: 9 534<\/p>\r\n"}],"startYear":2004,"startMonth":6,"endYear":2005,"endMonth":11,"dataSources":["questionnaires"]},{"id":"23564a66-9149-43e0-9e29-baeb98038891","name":[{"lang":"en","value":"NCDS8"}],"description":[{"lang":"en","value":"<p>The data from this wave were collected from cohort members.<\/p>\r\n\r\n<p>Information recorded included:<\/p>\r\n\r\n<p>(1) Health and medical data<\/p>\r\n\r\n<ul>\r\n\t<li>General health<\/li>\r\n\t<li>Current health conditions<\/li>\r\n\t<li>Disability \/limitations<\/li>\r\n\t<li>Pregnancy history<\/li>\r\n\t<li>Smoking<\/li>\r\n\t<li>Alcohol consumption<\/li>\r\n\t<li>Exercise<\/li>\r\n\t<li>Height and weight<\/li>\r\n\t<li>Well-being<\/li>\r\n\t<li>Depression<\/li>\r\n\t<li>Menopause<\/li>\r\n\t<li>Efficacy \/ life-satisfaction<\/li>\r\n\t<li>Sleep<\/li>\r\n<\/ul>\r\n\r\n<p>(2) Social and educational data<\/p>\r\n\r\n<ul>\r\n\t<li>Household composition<\/li>\r\n\t<li>Ethnicity \/ National identity<\/li>\r\n\t<li>Cohabiting relationships<\/li>\r\n\t<li>Non-cohabiting relationships<\/li>\r\n\t<li>Children (Natural children \/ adopted children \/ absent children \/ older children)<\/li>\r\n\t<li>Relationship and contact with parents<\/li>\r\n\t<li>Caring for parents<\/li>\r\n\t<li>Housing<\/li>\r\n\t<li>Car ownership<\/li>\r\n\t<li>Employment \/ Partner\u2019s employment<\/li>\r\n\t<li>Pensions \/ attitudes towards retirement<\/li>\r\n\t<li>Income<\/li>\r\n\t<li>Qualifications and training<\/li>\r\n\t<li>Voting and party support<\/li>\r\n\t<li>Leisure activities<\/li>\r\n\t<li>Social participation<\/li>\r\n\t<li>Religiosity<\/li>\r\n\t<li>Social support<\/li>\r\n\t<li>Use of information technology<\/li>\r\n\t<li>Cognitive function (memory, executive function, attention)<\/li>\r\n\t<li>Domestic division of labour<\/li>\r\n\t<li>Personality<\/li>\r\n\t<li>Values and attitudes<\/li>\r\n<\/ul>\r\n\r\n<p>The total number of the sample: 9 790<\/p>\r\n"}],"startYear":2008,"startMonth":8,"endYear":2009,"endMonth":5,"dataSources":["questionnaires"]},{"id":"a3c32d5d-862c-428c-9c4c-78e3326ea03f","name":[{"lang":"en","value":"NCSD9"}],"description":[{"lang":"en","value":"<p>The data from this wave were collected from cohort members.<\/p>\r\n\r\n<p>Information recorded included:<\/p>\r\n\r\n<p>(1) Health and medical data<\/p>\r\n\r\n<ul>\r\n\t<li>General health<\/li>\r\n\t<li>Current health conditions<\/li>\r\n\t<li>Disability \/limitations<\/li>\r\n\t<li>Smoking<\/li>\r\n\t<li>Alcohol consumption<\/li>\r\n\t<li>Height and weight<\/li>\r\n\t<li>Well-being<\/li>\r\n<\/ul>\r\n\r\n<p>(2) Social and educational data<\/p>\r\n\r\n<ul>\r\n\t<li>Household composition<\/li>\r\n\t<li>Cohabiting relationships<\/li>\r\n\t<li>Children<\/li>\r\n\t<li>Caring for grandchildren<\/li>\r\n\t<li>Caring for parents<\/li>\r\n\t<li>Housing (including housing wealth)<\/li>\r\n\t<li>Car ownership<\/li>\r\n\t<li>Employment \/ Partner\u2019s employment<\/li>\r\n\t<li>Retirement expectations and pensions<\/li>\r\n\t<li>Income<\/li>\r\n\t<li>Qualifications and training<\/li>\r\n\t<li>Voting<\/li>\r\n\t<li>Leisure activities<\/li>\r\n\t<li>Use of the internet<\/li>\r\n<\/ul>\r\n"}],"startYear":2013,"startMonth":9,"endYear":2014,"endMonth":1,"dataSources":["questionnaires"]},{"id":"38f5a8cb-2584-436c-a1aa-c6be242f85a2","name":[{"lang":"en","value":"PMS"}],"description":[{"lang":"en","value":"<p>The data from this wave were collected from mothers and medical records. A questionnaire was completed by the midwife in attendance at delivery with reference to all available records and after an interview with the mother.<\/p>\r\n\r\n<p>Information recorded included:<\/p>\r\n\r\n<p>(1) Health and medical data<\/p>\r\n\r\n<ul>\r\n\t<li>Maternal smoking before and during pregnancy<\/li>\r\n\t<li>Maternal hypertension during pregnancy<\/li>\r\n\t<li>Albuminuria during pregnancy<\/li>\r\n\t<li>Obstetric complications<\/li>\r\n\t<li>Induction and progress of labour<\/li>\r\n\t<li>Medications given during labour<\/li>\r\n\t<li>Mode of delivery\/li&gt;<\/li>\r\n\t<li>Birth-weight and gestational age<\/li>\r\n\t<li>Illnesses in the neonatal period<\/li>\r\n\t<li>Multiple birth identifier<\/li>\r\n<\/ul>\r\n\r\n<p>\u200b(2) Social and Educational data<\/p>\r\n\r\n<ul>\r\n\t<li>Mother\u2019s age, parity, marital status<\/li>\r\n\t<li>Mother\u2019s education and employment<\/li>\r\n\t<li>Father\u2019s social class<\/li>\r\n\t<li>Maternal grandfather\u2019s social class<\/li>\r\n\t<li>Place of birth (county boroughs and admin counties)<\/li>\r\n\t<li>Household structure and amenities<\/li>\r\n<\/ul>\r\n\r\n<p>The total number of the sample: 17 416<\/p>\r\n"}],"startYear":1958,"endYear":1958,"dataSources":["questionnaires","physical_measures"]}]}]}