{"id":"a9eb287d-efef-44e3-8b6e-9c69102e1202","name":[{"lang":"en","value":"Einstein Aging Study (EAS)"}],"acronym":[{"lang":"en","value":"EAS"}],"logo":{"id":"ddff51cc-e7ff-42fc-852a-e4ba2183d2a7","fileName":"Einstein.jpg","type":"logo","description":[{"lang":"en"}],"lang":"en","justUploaded":true},"investigators":[{"lastName":"Dr. Richard B. Lipton, M.D (Albert Einstein College of Medicine, Yeshiva University)","email":"richard.lipton@einstein.yu.edu","phone":"+1 718 430 3886 ","dataAccessCommitteeMember":false,"institution":{"name":[{"lang":"en","value":"Albert Einstein College of Medicine, Yeshiva University"}],"department":[{"lang":"en","value":"Saul B. Korey Department of Neurology"}],"address":{"street":[{"lang":"en","value":"Rousso Building, 1165 Morris Park Avenue, room 332"}],"city":[{"lang":"en","value":"Bronx, N.Y."}],"zip":"10461","state":"New York","country":{"iso":"US","name":[{"lang":"en","value":"United States"}]}}}}],"contacts":[{"lastName":"Mindy Katz (Albert Einstein College of Medicine, Yeshiva University)","email":"mindy.katz@einstein.yu.edu","phone":"+1 718 430 3888 ","dataAccessCommitteeMember":false,"institution":{"name":[{"lang":"en","value":"Albert Einstein College of Medicine, Yeshiva University"}],"department":[{"lang":"en","value":"Saul B. Korey Department of Neurology"}],"address":{"street":[{"lang":"en","value":"Rousso Building, 1165 Morris Park Avenue , Room 334"}],"city":[{"lang":"en","value":"Bronx, N.Y."}],"zip":"10461","state":"New York","country":{"iso":"US","name":[{"lang":"en","value":"United States"}]}}}}],"objectives":[{"lang":"en","value":"<p>The Einstein Aging Study (EAS), first funded by the NIA in 1993, has since its inception focused on remediable risk factors and biological pathways that lead to cognitive decline, dementing disorders, and the intermediate states that precede them.<\/p>\r\n"}],"website":"http:\/\/www.einstein.yu.edu\/departments\/neurology\/clinical-research-program\/eas\/","specificAuthorization":{"authorized":true,"authorizer":"Richard B. Lipton, M.D.","date":"2014-05-29T00:00:00-04:00"},"maelstromAuthorization":{"authorized":true,"authorizer":"Richard B. Lipton, M.D.","date":"2014-05-29T00:00:00-04:00"},"methods":{"designs":["cohort_study"],"followUpInfo":[{"lang":"en","value":"<p>In-person evaluations were completed at baseline and at subsequent 12-month intervals.<\/p>\r\n"}],"recruitments":["individuals"],"info":[{"lang":"en","value":"<p>Since 1993 the EAS has used systematic recruiting methods to assemble a cohort of 1944 elderly individuals from the Bronx, 26% of whom are African American. The EAS sample is broadly representative of the elderly population in one of the poorest and most racially and ethnically diverse urban counties in the United States.&nbsp;Furthermore, the population-based recruitment strategy partially circumvents the selection biases that inevitably arise in referral samples recruited from memory disorder clinics.&nbsp;The EAS has developed, tested, and applied strategies designed to meet the recruitment and retention challenges that may arise when conducting research studies with older adults.&nbsp;In 2004, the EAS began using the Registered Voter Lists (RVL) for Bronx County for continuous&nbsp;recruitment efforts.&nbsp;Individuals of at least 70 years of age, Bronx residents, non-institutionalized and English speaking&nbsp;are randomly selected from updated RVL and sent a letter followed by a screening telephone call. Persons who complete&nbsp;the telephone screening battery and agree&nbsp;to participate in clinical follow-up are invited to enroll. Continuing enrolment has resulted in over 2000 participants by 2014.<\/p>\r\n"}]},"numberOfParticipants":{"participant":{"noLimit":true,"number":1944},"sample":{"noLimit":true,"number":1944}},"startYear":1993,"access":["data"],"markerPaper":"Katz, M.J. et al.  Age-specific and sex-specific prevalence and incidence of mild cognitive impairment, dementia, and Alzheimer dementia in blacks and whites: a report from the Einstein Aging Study.  Alzheimer Dis Assoc Disord, 2012 Oct-Dec;26(4):335-43.","pubmedId":"22156756","populations":[{"id":"fb983f19-6371-413f-931f-5c937879d2aa","name":[{"lang":"en","value":"Einstein Aging Study - Population"}],"description":[{"lang":"en","value":"<p>Eligible participants for the EAS are at least 70 years of age, Bronx residents, non-institutionalized, and English speaking.&nbsp;Exclusion criteria included visual or auditory impairments that preclude neuropsychological testing, active psychiatric symptomatology that interfered with the ability to complete assessments, and non-ambulatory status.&nbsp;The mean age of this cohort at baseline approximately 79 years; 40% are male, and 70% are non-Hispanic white.&nbsp;Written informed consent was obtained at the initial clinic visit.&nbsp;The local institutional review board approved the study protocol.<\/p>\r\n"}],"recruitment":{"dataSources":["general"],"generalPopulationSources":["selected_samples"]},"selectionCriteria":{"ageMin":70,"countriesIso":["USA"],"territory":[{"lang":"en","value":"<p>Bronx County, NY<\/p>\r\n"}],"ethnicOrigin":[{"localizedStrings":[{"lang":"en","value":"White"}]},{"localizedStrings":[{"lang":"en","value":"Black"}]},{"localizedStrings":[{"lang":"en","value":"Hispanic"}]},{"localizedStrings":[{"lang":"en","value":"Other"}]}],"otherCriteria":[{"lang":"en","value":"<p>Exclusion criteria included visual or auditory impairments that preclude neuropsychological testing, active psychiatric symptomatology that interfered with the ability to complete assessments, and non-ambulatory status.&nbsp;<\/p>\r\n"}]},"numberOfParticipants":{"participant":{"noLimit":true,"number":1944},"sample":{"noLimit":true,"number":1944}},"dataCollectionEvents":[{"id":"23115828-ca4c-40f7-8c9d-43c871c2393c","name":[{"lang":"en","value":"Baseline EAS"}],"description":[{"lang":"en","value":"<p><strong>Demographic information<\/strong><\/p>\r\n\r\n<p>Demographic information included self-reported race\/ethnicity, education, previous occupations, income, marital status, and religion. Medical history, medications, family history and health behaviors were obtained. Functional status was assessed by the self-administered CERAD C1-ALT,&nbsp;a cognitive\/functional impairment instrument, and the Instrumental Activities of Daily Living scale (IADL), a subscale on the Lawton Brody Activities of Daily Living Scale.&nbsp;If the participant agreed, an informant completed the CERAD C2-ALT, a cognitive\/functional impairment instrument, and the Informant Questionnaire on Cognitive Decline in the Elderly (IQ-ODE)&nbsp;forms.<\/p>\r\n\r\n<p><strong>Psychosocial Status<\/strong><\/p>\r\n\r\n<p>The 15-item Geriatric Depression Scale (GDS) was used to screen for depression.&nbsp;Anxiety was assessed using The Beck Anxiety Inventory.<\/p>\r\n\r\n<p><strong>Neurological examination<\/strong><\/p>\r\n\r\n<p>The standard neurological physical examination was adapted from the Unified Parkinson\u2019s Disease Rating Scale.&nbsp;The neurologist also assessed each participant for abnormal behaviors, fluctuation in cognition, and history of sleep disturbance and visual\/auditory hallucinations. The neurologist assigned an Hachinski Ischemic Score (HIS),&nbsp;the Clinical Dementia Rating (CDR),&nbsp;and provided a clinical impression of presence or absence of dementia.<\/p>\r\n\r\n<p><strong>Neuropsychological testing<\/strong><\/p>\r\n\r\n<p>Global cognitive status was ascertained by the Blessed Information\u2013Memory-Concentration test (BIMC).&nbsp;Memory was measured using the Free and Cued Selective Reminding Test (FCSRT&nbsp;and the Logical Memory I&nbsp;subtest from the WMS-R). Attention was measured using the Trail Making Test part A,&nbsp;and the Digit Span subtest of the WAIS-III.&nbsp;Executive function was measured using the Trail Making Test part B&nbsp;and the Letter Fluency \u201cFAS\u201d task.&nbsp;Visuospatial construction was measured using the Block Design subtest from the WAIS-III and the Digit Symbol subtest from the WAIS-III.&nbsp;Language was measured using the Category Fluency task and the Boston Naming Test.<\/p>\r\n\r\n<p><strong>Physical measures<\/strong><\/p>\r\n\r\n<p>Anthropometrics, blood pressure, grip strength, and peak flow were measured according to standard protocols and a fasting blood sample was obtained.<\/p>\r\n"}],"startYear":1993,"startMonth":1,"endYear":2015,"endMonth":12,"dataSources":["questionnaires","physical_measures","biological_samples"],"bioSamples":["blood","saliva","urine","hair"]},{"id":"41b466f6-ae33-4843-bef2-87b1b2b31d26","name":[{"lang":"en","value":"Follow-up EAS"}],"description":[{"lang":"en","value":"<p>In-person evaluations were completed at subsequent 12-month intervals.<\/p>\r\n\r\n<p>The same information as for the baseline was collected at each follow-up.<\/p>\r\n"}],"startYear":1994,"startMonth":1,"endYear":2015,"endMonth":12,"dataSources":["questionnaires","physical_measures","biological_samples"],"bioSamples":["blood","saliva","urine","hair"]}]}]}