{"id":"1633c378-5e94-4f75-a51f-fb07964c5be9","name":[{"lang":"en","value":"Brain Ageing in Abbiategrasso Study (InveCe.Ab)"}],"acronym":[{"lang":"en","value":"InveCe.Ab"}],"investigators":[{"lastName":"MD. Antonio Guaita (Golgi Cenci Foundation)","email":"a.guaita@golgicenci.it","dataAccessCommitteeMember":false,"institution":{"name":[{"lang":"en","value":"Golgi Cenci Foundation"}],"address":{"city":[{"lang":"en","value":"Abbiategrasso"}],"state":"Milan","country":{"iso":"IT","name":[{"lang":"en","value":"Italy"}]}}}}],"contacts":[{"lastName":"Dr. Daniele Zaccaria (Golgi Cenci Foundation)","email":"d.zaccaria@golgicenci.it","dataAccessCommitteeMember":false,"institution":{"name":[{"lang":"en","value":"Golgi Cenci Foundation"}],"address":{"city":[{"lang":"en","value":"Abbiategrasso"}],"state":"Milan","country":{"iso":"IT","name":[{"lang":"en","value":"Italy"}]}}}}],"objectives":[{"lang":"en","value":"<p>The goals of the InveCe.Ab study are:<\/p>\r\n\r\n<ul>\r\n\t<li>To estimate the prevalence and incidence of dementia and its subtypes, mild cognitive impairment, and cognitive impairment with no dementia in people 70 to 74 years of age at baseline;<\/li>\r\n\t<li>To investigate the potential risk or protective value of various epidemiologic, clinical, and biological factors as determinants of the quality of cognitive aging and dementia onset. Special attention is given to understanding how modifiable risk factors impact cognitive impairment with and without dementia.<\/li>\r\n<\/ul>\r\n"}],"website":"http:\/\/www.golgicenci.it\/en\/studio-invece\/","specificAuthorization":{"authorized":true,"authorizer":"Dr. Antonio Guaita","date":"1969-12-31T19:00:00-05:00"},"maelstromAuthorization":{"authorized":true,"authorizer":"Dr. Antonio Guaita","date":"1969-12-31T19:00:00-05:00"},"methods":{"designs":["cohort_study"],"followUpInfo":[{"lang":"en","value":"<p>The first follow-up assessments took place approximately 24 months after the first examination and the second after 48 months.<\/p>\r\n"}],"recruitments":["individuals"]},"numberOfParticipants":{"participant":{"noLimit":false,"number":1321},"sample":{"noLimit":false,"number":1321}},"startYear":2009,"endYear":2015,"access":["data","biosamples"],"markerPaper":"Guaita A, Colombo M, Vaccaro R, et al. Brain aging and dementia during the transition from late adulthood to old age: design and methodology of the \"Invece.Ab\" population-based study. BMC Geriatrics, 2013; 13: 98-106.","pubmedId":"24063518","populations":[{"id":"2aa614a4-6fac-44b0-8091-43f7250ce22a","name":[{"lang":"en","value":"InveCe.Ab population"}],"description":[{"lang":"en","value":"<p>The participants were born between 1935 and 1939 (aged 70 to 74 years) and were residents of Abbiategrasso on the start date of the study.<\/p>\r\n"}],"recruitment":{"dataSources":["general"],"generalPopulationSources":["selected_samples"],"info":[{"lang":"en","value":"<p>A list of eligible people was obtained from the municipal registry office.<\/p>\r\n"}]},"selectionCriteria":{"ageMin":70,"ageMax":74,"countriesIso":["ITA"],"territory":[{"lang":"en","value":"<p>Abbiategrasso<\/p>\r\n"}]},"numberOfParticipants":{"participant":{"noLimit":false,"number":1321},"sample":{"noLimit":false,"number":1321},"info":[{"lang":"en","value":"<p>Baseline: 1321 participants<\/p>\r\n\r\n<p>Follow-up 1: 1113 participants<\/p>\r\n\r\n<p>Follow-up 2: ongoing<\/p>\r\n"}]},"dataCollectionEvents":[{"id":"47e6d91f-e1fa-4ac2-bdce-d882cbd869b3","name":[{"lang":"en","value":"InveCe.Ab - Baseline"}],"description":[{"lang":"en","value":"<p>Each participant underwent a comprehensive clinical evaluation that incorporated social, medical and psychological examinations. All assessments were carried out at the Golgi Cenci Foundation with the exception of examinations of participants with significant health problems, which took place at their homes.<\/p>\r\n\r\n<p>The assessments included blood sampling, a social questionnaire, an evaluation of walking speed, a medical examination and a neurological assessment of mood and cognitive functions.<\/p>\r\n"}],"startYear":2009,"startMonth":11,"endYear":2011,"endMonth":1,"dataSources":["questionnaires","physical_measures","biological_samples","others"],"otherDataSources":[{"lang":"en","value":"Cognitive tests"}],"bioSamples":["blood"]},{"id":"05d88ca1-1336-4808-8dc1-c15de87e0baa","name":[{"lang":"en","value":"InveCe.Ab - Follow-up 1"}],"description":[{"lang":"en","value":"<p>Each participant underwent a comprehensive clinical evaluation that incorporated social, medical and psychological examinations. All assessments were carried out at the Golgi Cenci Foundation with the exception of examinations of participants with significant health problems, which took place at their homes.<\/p>\r\n\r\n<p>The assessments included blood sampling, a social questionnaire, an evaluation of walking speed, a medical examination and a neurological assessment of mood and cognitive functions.<\/p>\r\n"}],"startYear":2012,"startMonth":2,"endYear":2013,"endMonth":2,"dataSources":["questionnaires","physical_measures","biological_samples","others"],"otherDataSources":[{"lang":"en","value":"Cognitive tests"}],"bioSamples":["blood"]},{"id":"213553fc-766a-4167-8f2e-371353e221a9","name":[{"lang":"en","value":"InveCe.Ab - Follow-up 2"}],"description":[{"lang":"en","value":"<p>Each participant underwent a comprehensive clinical evaluation that incorporated social, medical and psychological examinations. All assessments were carried out at the Golgi Cenci Foundation with the exception of examinations of participants with significant health problems, which took place at their homes.<\/p>\r\n\r\n<p>The assessments included blood sampling, a social questionnaire, an evaluation of walking speed, a medical examination and a neurological assessment of mood and cognitive functions.<\/p>\r\n"}],"startYear":2014,"startMonth":2,"endYear":2014,"dataSources":["questionnaires","physical_measures","biological_samples","others"],"otherDataSources":[{"lang":"en","value":"Cognitive tests"}],"bioSamples":["blood"]}]}]}