{"id":"c1291ae4-e3d7-4170-9e1a-2c3db4cef008","name":[{"lang":"en","value":"Memory and Aging Project (MAP)"}],"acronym":[{"lang":"en","value":"MAP"}],"logo":{"id":"9696da5c-e9e3-47b5-a87c-4e9eff1047d0","fileName":"MAPLogo.png","type":"logo","description":[{"lang":"en"}],"lang":"en","justUploaded":true},"investigators":[{"lastName":"MD. David A. Bennett (Rush University Medical Center)","email":"David_A_Bennett@rush.edu","dataAccessCommitteeMember":false,"institution":{"name":[{"lang":"en","value":"Rush University Medical Center"}],"address":{"country":{"iso":"US","name":[{"lang":"en","value":"United States"}]}}}}],"contacts":[{"lastName":"Annie Barz (Rush Alzheimer's Disease Center)","email":"Anne_Barz@rush.edu","phone":"312-942-8974","dataAccessCommitteeMember":false,"institution":{"name":[{"lang":"en","value":"Rush Alzheimer's Disease Center"}],"department":[{"lang":"en","value":"Rush Univeristy Medical Center"}],"address":{"street":[{"lang":"en","value":"600 S. Paulina, room 1029"}],"city":[{"lang":"en","value":"Chicago"}],"zip":"60612","state":"IL","country":{"iso":"US","name":[{"lang":"en","value":"United States"}]}}}},{"lastName":"Gregory Klein (Rush Alzheimer's Disease Center)","email":"Gregory_Klein@rush.edu","phone":"312-942-3365","dataAccessCommitteeMember":false,"institution":{"name":[{"lang":"en","value":"Rush Alzheimer's Disease Center"}],"address":{"country":{"iso":"US","name":[{"lang":"en","value":"United States"}]}}}}],"objectives":[{"lang":"en","value":"<p><span>The overall goal of the Memory and Aging Project is to identify the structural bases of neural reserve and examine the neurobiologic mechanisms through which environmental and genetic risk factors lead to the functional consequences of four neurologic diseases of aging.<\/span><\/p>\r\n"}],"specificAuthorization":{"authorized":true,"authorizer":"David Bennett","date":"2013-11-18T00:00:00-05:00"},"maelstromAuthorization":{"authorized":false,"authorizer":"David Bennett","date":"2013-11-18T00:00:00-05:00"},"methods":{"designs":["cohort_study"],"followUpInfo":[{"lang":"en","value":"<p>Annual follow-up<\/p>\r\n"}],"recruitments":["individuals"]},"numberOfParticipants":{"participant":{"noLimit":false,"number":1700},"sample":{"noLimit":false,"number":1700}},"startYear":1997,"access":["data","biosamples"],"markerPaper":"Bennett DA, Schneider JA, Buchman AS, Barnes LL, Boyle PA, Wilson RS. Overview and Findings From the Rush Memory and Aging Project. Curr Alzheimer Res. 2012; 9(6):646-663.","pubmedId":"22471867","info":[{"lang":"en","value":"<p>The ability to maintain cognition despite the accumulation of AD pathology is known as cognitive or neural reserve. Theories of neural reserve include brain reserve capacity, and neural efficiency or compensation, i.e., brains differ in their response to the accumulation of AD pathology. In the initial funding period we found that many older persons without dementia or MCI meet pathologic criteria for AD, indicating that other factors must be involved in determining the extent to which AD pathology impairs cognition. We found that AD pathology often does not cause dementia in the absence of cerebral infarcts and Lewy bodies. Further, we found that loneliness, psychological distress, and cognitive activity were all related to incident AD, but were not related to measures of AD pathology, infarcts, or Lewy bodies, suggesting that other as yet unknown factors can alter brain reserve capacity. Finally, we found that the relation of AD pathology to cognition varied by social network size and level of processing resources (working memory and perceptual speed), consistent with neural efficiency or compensation. The proposed continuation of the Rush Memory and Aging Project, a community-based longitudinal epidemiologic study of risk factors for incident AD that includes brain donation at death, will build on findings from the initial funding period. The choice of risk factors was guided by the recommendations of the recent Cognitive and Emotional Health Project. The renewal is organized into three conceptual themes linking factors to incident AD and neuropathology. Specifically, we hypothesize that a) apolipoprotein E allele status, diabetes, and pulmonary function will be associated with incident AD via cerebrovascular pathology; b) the relation of neuropathology to cognition will vary by level of life course SES and physical activity; and c) depressive symptoms and parkinsonian signs will predict incident AD, but will actually represent early non-cognitive manifestations of AD pathology in neuronal populations subserving affective behavior and motor function, respectively. Since prevention is the best long-term strategy for reducing the burden of cognitive impairment in the U.S., and understanding the neurobiologic pathways linking risk factors to cognition is essential for the development of therapeutic interventions, the proposed study, with its involvement of community dwelling older men and women as subjects with a wide range of SES, is in a position to provide new knowledge critical to public health. The prevention of Alzheimer's disease provides the best long-term strategy to reduce the human and economic toll of disease, and understanding the biologic pathways linking risk factors to cognition is essential for developing therapeutic interventions. Thus, the proposed epidemiologic study of risk factors for AD that includes organ donation, with its involvement of community dwelling older men and women with a wide range of socioeconomic status, is in a position to provide new knowledge critical to public health.<\/p>\r\n\r\n<p><strong>Data\/Bio-specimen Access: <\/strong> To apply for access to RADC data\/tissue, please enter an electronic request at our website: https:\/\/www.radc.rush.edu\/res\/ext\/home.htm.<\/p>\r\n"}],"populations":[{"id":"88841244-a2ce-4829-8121-a92c7c55431a","name":[{"lang":"en","value":"MAP"}],"description":[{"lang":"en","value":"<p>All participants agree to annual follow-up and donation of brain, spinal cord, muscle and nerve up on death.<\/p>\r\n"}],"recruitment":{"dataSources":["general"],"generalPopulationSources":["volunteer"]},"selectionCriteria":{"ageMin":65,"countriesIso":["USA"],"territory":[{"lang":"en","value":"<p>Chicagoland area<\/p>\r\n"}],"healthStatus":[{"localizedStrings":[{"lang":"en","value":"Not demented at baseline"}]}]},"numberOfParticipants":{"participant":{"noLimit":false,"number":1700},"sample":{"noLimit":false,"number":1700}},"dataCollectionEvents":[{"id":"4c667b84-1183-4d0c-a97b-03296ce495c2","name":[{"lang":"en","value":"Annual Follow-up visit"}],"description":[{"lang":"en","value":"<p>The window for the annual follow up visit is 9 \u2013 16 months from previous visit. Annual follow up data collection event contains cognitive measures, medical history questions, blood pressure, neuro exam, and a visit by the clinician. The Medical history questions bridge the period from previous visit to the current visit. Data collection ends if a participant withdraws from the study or is deceased. We seek to collect brain, spinal cord, muscle and nerve tissue from deceased participants at autopsy.<\/p>\r\n"}],"startYear":1998,"startMonth":11,"endYear":2013,"endMonth":12,"dataSources":["questionnaires","physical_measures","biological_samples"],"bioSamples":["blood","others"],"otherBioSamples":[{"lang":"en","value":"<p>brain, spinal cord, muscle, and nerve tissue upon autopsy<\/p>\r\n"}],"attachments":[{"id":"315f528b-7b9b-4785-be77-6ab6a656b91e","fileName":"MAPCOG.pdf","type":"dictionaries","description":[{"lang":"en","value":"Cognitive exam - 17 cognitive tests are administered which includes a brief smell test"}],"lang":"en","justUploaded":true},{"id":"e921bfe3-2122-47d6-b9be-d3edce526028","fileName":"MAPINTFU.pdf","type":"dictionaries","description":[{"lang":"en","value":"Interview - Includes self report measures of health history and activity levels, blood pressure measurements, motor testing"}],"lang":"en","justUploaded":true},{"id":"21925cdf-448e-45aa-8437-8ff11b894974","fileName":"MAPCEVFU.pdf","type":"dictionaries","description":[{"lang":"en","value":"Neurological exam, self report medical history on vascular issues, listing of medications"}],"lang":"en","justUploaded":true},{"id":"b93efddb-638a-43fe-b414-9805826c83a0","fileName":"MAPNEUR.pdf","type":"dictionaries","description":[{"lang":"en","value":"Neuropsycholoogist's impression of change - Deciding on cognitive domain ratings by interpreting cognitive measures"}],"lang":"en","justUploaded":true},{"id":"f0e00ba5-766a-455b-8b6e-a1fc4e10acb9","fileName":"MAPDCF.pdf","type":"dictionaries","description":[{"lang":"en","value":"Diagnostic classification form - Filled out where diagnoses are rendered considering information collected during the visit"}],"lang":"en","justUploaded":true}]},{"id":"0f7e189a-5871-4a2a-ab7c-0a384b6ccef6","name":[{"lang":"en","value":"Baseline"}],"description":[{"lang":"en","value":"<p>Baseline data collection event contains cognitive measures, medical history questions, blood pressure, neuro exam, and a visit by the clinician. The Medical history questions bridge the period from prior to study enrollment to baseline visit. &nbsp;<\/p>\r\n"}],"startYear":1997,"startMonth":12,"endYear":2013,"endMonth":12,"dataSources":["questionnaires","physical_measures","biological_samples"],"bioSamples":["blood"],"attachments":[{"id":"07a0c192-8e55-42af-b30a-3889052f4442","fileName":"MAPCOG.pdf","type":"dictionaries","description":[{"lang":"en","value":"Cognitive exam - 17 cognitive tests are administered which includes a brief smell test"}],"lang":"en","justUploaded":true},{"id":"ad9eac64-4362-43fb-8be5-47a438194be7","fileName":"MAPINT.pdf","type":"dictionaries","description":[{"lang":"en","value":"Interview - Includes self report measures of health history and activity levels, blood pressure measurements, motor testing"}],"lang":"en","justUploaded":true},{"id":"a95a12b3-d511-48f1-a6f2-3bb39de5590b","fileName":"MAPCEV.pdf","type":"dictionaries","description":[{"lang":"en","value":"Clinical eval - Neuro exam, self report medical history on vascular issues, listing of medications"}],"lang":"en","justUploaded":true},{"id":"e2d3bc5b-2378-4766-b983-c277f558435e","fileName":"MAPNEUR.pdf","type":"dictionaries","description":[{"lang":"en","value":"Neuropsycholoogist's impression of change - Deciding on cognitive domain ratings by interpreting cognitive measures"}],"lang":"en","justUploaded":true},{"id":"40b3a9ae-3d47-4216-af7b-9725d506435e","fileName":"MAPDCF.pdf","type":"dictionaries","description":[{"lang":"en","value":"Diagnostic classification form - Filled out by clinician where diagnoses are rendered considering all the information collected"}],"lang":"en","justUploaded":true}]}]}]}