{"id":"5c67738b-0ca5-4d6b-bdf4-748310a282d6","name":[{"lang":"en","value":"Keys to Optimal Cognitive Aging (KOCOA)"}],"acronym":[{"lang":"en","value":"KOCOA"}],"investigators":[{"lastName":"Hiroko H. Dodge, Ph.D. (Oregon Health & Science University)","email":"dodgeh@ohsu.edu","phone":"503 494 6977","dataAccessCommitteeMember":false,"institution":{"name":[{"lang":"en","value":"Oregon Health & Science University"}],"address":[]}}],"contacts":[{"lastName":"Hiroko H. Dodge, Ph.D. (Oregon Health & Science University)","email":"dodgeh@ohsu.edu","phone":"503 494 6977","dataAccessCommitteeMember":false,"institution":{"name":[{"lang":"en","value":"Oregon Health & Science University"}],"address":[]}}],"objectives":[{"lang":"en","value":"<p>Okinawa, Japan is known for their high concentration of centenarians and healthy agers. This is a pilot study where we examine key factors that could explain their healthy cognitive aging and compare them among the elderly recruited in the same way in Oregon, USA. This is a collaborative study between the University of Ryukyus Graduate School of Medicine in Okinawa, Japan and Alzheimer\u2019s disease center at Oregon Health &amp; Science University in Portland, OR, USA<\/p>\r\n"}],"specificAuthorization":{"authorized":false,"date":"1969-12-31T19:00:00-05:00"},"maelstromAuthorization":{"authorized":true,"authorizer":"Dodge, Hiroko","date":"2014-04-13T00:00:00-04:00"},"methods":{"designs":["cohort_study"],"followUpInfo":[{"lang":"en","value":"<p><span>3 years of annual follow-up (2007-2010) with MRI assessments among a part of original cohort and newly recruited subjects during 2011 \u2013 2012<\/span><\/p>\r\n"}],"recruitments":["individuals"]},"numberOfParticipants":{"participant":{"noLimit":false,"number":197},"sample":{"noLimit":false,"number":196}},"startYear":2007,"endYear":2012,"access":["data","biosamples"],"markerPaper":"Dodge HH, Katsumata Y, Todoriki H, et al., Comparisons of plasma\/serum micronutrients between Okinawan and Oregonian elders: a pilot study. J Gerontol A Biol Sci Med Sci. 2010 Oct;65(10):1060-7. doi: 10.1093\/gerona\/glq124.","pubmedId":"20643702","attachments":[{"id":"0fab2c10-4fe5-4dde-949b-e9f1d75c88ee","fileName":"\u5831\u544a\u66f8.pdf","type":"document","description":[{"lang":"en","value":"Questionnaire, basic protocol and  results (in Japanese)"}],"lang":"en","justUploaded":true}],"info":[{"lang":"en","value":"<ul>\r\n\t<li>Katsumata Y, Todoriki H, Yasura S, Dodge HH. Timed up and go test predicts cognitive decline in healthy adults aged 80 and older in Okinawa: Keys to Optimal Cognitive Aging (KOCOA) Project. J Am Geriatr Soc. 2011 Nov;59(11):2188-9. doi: 10.1111\/j.1532-5415.2011.03645.x. PubMed PMID: 22098046; PubMed Central PMCID: PMC3291095.<\/li>\r\n<\/ul>\r\n\r\n<ul>\r\n\t<li>Katsumata Y, Todoriki H, Higashiuesato Y, Yasura S, Willcox DC, Ohya Y, Willcox BJ, Dodge HH. Metabolic syndrome and cognitive decline among the oldest old in Okinawa: in search of a mechanism. The KOCOA Project. J Gerontol A Biol Sci Med Sci. 2012 Feb;67(2):126-34. doi: 10.1093\/gerona\/glr189. Epub 2011 Oct 20. PubMed PMID: 22016359; PubMed Central PMCID: PMC3261441.<\/li>\r\n<\/ul>\r\n\r\n<ul>\r\n\t<li>Katsumata Y, Todoriki H, Higashiuesato Y, Yasura S, Ohya Y, Willcox DC, Dodge HH. Very old adults with better memory function have higher low-density lipoprotein cholesterol levels and lower triglyceride to high-density lipoprotein cholesterol ratios: KOCOA Project. J Alzheimers Dis. 2013 Jan 1;34(1):273-9. doi: 10.3233\/JAD-121138. PubMed PMID: 23207484; PubMed Central PMCID: PMC3586553.<\/li>\r\n<\/ul>\r\n"}],"populations":[{"id":"ba6ba52b-e1f7-4e1c-ae2e-983e455b0213","name":[{"lang":"en","value":"KOCOA population"}],"description":[{"lang":"en","value":"<p>Community-dwelling elderly aged 80 and older who were functionally independent, recruited from those who participated in local senior center activities at least once.<\/p>\r\n"}],"recruitment":{"dataSources":["general"],"generalPopulationSources":["volunteer"]},"selectionCriteria":{"ageMin":80,"ageMax":93,"countriesIso":["JPN"],"territory":[{"lang":"en","value":"<p>Ginowan City, Okinawa.<\/p>\r\n"}],"ethnicOrigin":[{"localizedStrings":[{"lang":"en","value":"Asian"}]}],"healthStatus":[{"localizedStrings":[{"lang":"en","value":"Good ( no or partial assistance required for any activities of daily living)"}]}],"otherCriteria":[{"lang":"en","value":"<p>Consented for blood draw.<\/p>\r\n"}]},"numberOfParticipants":{"participant":{"noLimit":false,"number":196},"sample":{"noLimit":false,"number":196}},"dataCollectionEvents":[{"id":"000199a3-86af-4e41-afa4-5d42a0629b74","name":[{"lang":"en","value":"KOCOA Baseline"}],"description":[{"lang":"en","value":"<p>Researchers visited 22 senior centers located in Ginowan City (Okinawa, Japan), explained the study protocol, and asked them to participate in the study. A request to join the study was made at the conclusion of each presentation.<\/p>\r\n"}],"startYear":2007,"startMonth":11,"endYear":2008,"endMonth":3,"dataSources":["questionnaires","physical_measures","biological_samples"],"bioSamples":["blood"]},{"id":"63f02352-2240-4082-b8d8-74a5a00fc014","name":[{"lang":"en","value":"KOCOA 1st follow-up"}],"description":[{"lang":"en","value":"<p>First follow-up of participants.<\/p>\r\n"}],"startYear":2008,"startMonth":11,"endYear":2009,"endMonth":11,"dataSources":["questionnaires","physical_measures"]},{"id":"4665fa07-bf59-4cef-a193-1e8fb151fd16","name":[{"lang":"en","value":"KOCOA 2nd follow-up"}],"description":[{"lang":"en","value":"<p>Second follow-up of participants.<\/p>\r\n"}],"startYear":2009,"startMonth":11,"endYear":2010,"endMonth":11,"dataSources":["questionnaires"]},{"id":"10f94084-09d2-4392-82d6-75c3643b0d2e","name":[{"lang":"en","value":"KOCOA 3rd follow-up"}],"description":[{"lang":"en","value":"<p>Trird follow-up of participants. Additional recruitment and MRI.<\/p>\r\n"}],"startYear":2010,"startMonth":11,"endYear":2012,"endMonth":12,"dataSources":["questionnaires","physical_measures","biological_samples"],"bioSamples":["blood"]}]}]}