{"id":"eb253947-f65c-4dd1-a2f2-9cbbd6b0ac3f","name":[{"lang":"en","value":"Determinants Of Oral corticosteroid Responsiveness in Wheezing Asthmatic Youth (DOORWAY)"}],"acronym":[{"lang":"en","value":"DOORWAY"}],"logo":{"id":"a380fcbe-5895-4f4a-995b-82c3b71d490b","fileName":"DOORWAY.png","type":"logo","description":[{"lang":"en"}],"lang":"en","justUploaded":true},"investigators":[{"lastName":"Dr. Francine Ducharme (Sainte-Justine University Health Centre)","email":"francine.m.ducharme@umontreal.ca","phone":"514-345-4931 ext 4398","dataAccessCommitteeMember":false,"institution":{"name":[{"lang":"en","value":"Sainte-Justine University Health Centre"}],"department":[{"lang":"en","value":"Dept. of Paediatrics, University of Montreal"}],"address":{"street":[{"lang":"en","value":"3175 Chemin de la C\u00f4te-Sainte-Catherine"}],"city":[{"lang":"en","value":"Montreal"}],"zip":"Quebec","state":"H3T 1C5","country":{"iso":"CA","name":[{"lang":"en","value":"Canada"}]}}}},{"lastName":"Roger (CHEO) Zemek (Children\u2019s Hospital of Eastern Ontario)","dataAccessCommitteeMember":false,"institution":{"name":[{"lang":"en","value":"Children\u2019s Hospital of Eastern Ontario"}],"address":[]}},{"lastName":"Jocelyn Gravel (Sainte-Justine University Hospital)","dataAccessCommitteeMember":false,"institution":{"name":[{"lang":"en","value":"Sainte-Justine University Hospital"}],"address":[]}},{"lastName":"Dominique Chalut (Montreal Children's Hospital)","dataAccessCommitteeMember":false,"institution":{"name":[{"lang":"en","value":"Montreal Children's Hospital"}],"address":[]}},{"lastName":"Naveen Poonai (London Health Sciences Centre)","dataAccessCommitteeMember":false,"institution":{"name":[{"lang":"en","value":"London Health Sciences Centre"}],"address":[]}},{"lastName":"Sophie Laberge (Sainte-Justine University Hospital)","dataAccessCommitteeMember":false,"institution":{"name":[{"lang":"en","value":"Sainte-Justine University Hospital"}],"address":[]}},{"lastName":"Caroline Quach (Montreal Children's Hospital)","dataAccessCommitteeMember":false,"institution":{"name":[{"lang":"en","value":"Montreal Children's Hospital"}],"address":[]}},{"lastName":"Maja Krajinovic (Sainte-Justine University Hospital)","dataAccessCommitteeMember":false,"institution":{"name":[{"lang":"en","value":"Sainte-Justine University Hospital"}],"address":[]}},{"lastName":"Chantal Guimont (Centre Hospitalier Universitaire Laval)","dataAccessCommitteeMember":false,"institution":{"name":[{"lang":"en","value":"Centre Hospitalier Universitaire Laval"}],"address":[]}},{"lastName":"Catherine Lemi\u00e8re (H\u00f4pital Sacr\u00e9-Coeur)","dataAccessCommitteeMember":false,"institution":{"name":[{"lang":"en","value":"H\u00f4pital Sacr\u00e9-Coeur"}],"address":[]}},{"lastName":"Marie-Claude Guertin (Montreal Health Innovations Coordination Centre)","dataAccessCommitteeMember":false,"institution":{"name":[{"lang":"en","value":"Montreal Health Innovations Coordination Centre"}],"address":[]}}],"contacts":[{"lastName":"Annie Th\u00e9or\u00eat (Sainte-Justine University Hospital Research Center)","email":"annie.theoret@recherche-ste-justine.qc.ca","phone":"514-345-4931 ext. 7171","dataAccessCommitteeMember":false,"institution":{"name":[{"lang":"en","value":"Sainte-Justine University Hospital Research Center"}],"department":[{"lang":"en","value":"Clinical research and knowledge transfer unit on childhood asthma (CRUCA)"}],"address":{"street":[{"lang":"en","value":"3175, Chemin de la C\u00f4te-Ste-Catherine"}],"city":[{"lang":"en","value":"Montreal"}],"zip":"H3T 1C5","state":"Quebec","country":{"iso":"CA","name":[{"lang":"en","value":"Canada"}]}}}}],"objectives":[{"lang":"en","value":"<p>The main objective is to identify and quantify clinically available factors (e.g., age, specific viral trigger, ETS) associated with hospital admission and other markers of clinical response to oral corticosteroids in preschool and school-aged children presenting to the ED with moderate or severe asthma.<\/p>\r\n"}],"website":"http:\/\/www.chu-sainte-justine.org\/recherche\/projetsRC.aspx?ID_ProjetRC=3162&id_menu=2321","specificAuthorization":{"authorized":true,"authorizer":"Dr. Francine Ducharme","date":"2014-07-29T00:00:00-04:00"},"maelstromAuthorization":{"authorized":true,"authorizer":"Dr. Francine Ducharme","date":"2014-07-29T00:00:00-04:00"},"methods":{"designs":["cohort_study"],"followUpInfo":[{"lang":"en","value":"<p>10&nbsp; days follow up to gather information on asthma control, quality of life and 10 day follow up for revisit of emergency department.<\/p>\r\n"}],"recruitments":["individuals"],"info":[{"lang":"en","value":"<p>Parents, legal guardians or care giver were allowed to respond several CRFs in the study.<\/p>\r\n"}]},"numberOfParticipants":{"participant":{"noLimit":false,"number":975},"sample":{"noLimit":false,"number":968},"info":[{"lang":"en","value":"<p>From 975&nbsp;enrolled patients:<\/p>\r\n\r\n<p>Patients provided DNA samples: 906&nbsp;samples<\/p>\r\n\r\n<p>Patients provided Cotinine samples: 930 samples<\/p>\r\n\r\n<p>Patients provided nasopharyngeal samples: 968 samples<\/p>\r\n\r\n<p>Patients provided sputum samples: 11 samples<\/p>\r\n"}]},"startYear":2011,"endYear":2013,"access":["data","biosamples","other"],"markerPaper":"Ducharme F, et al. Determinants Of Oral corticosteroid Responsiveness in Wheezing Asthmatic Youth (DOORWAY): protocol for a prospective multicentre cohort study of children with acute moderate-to-severe asthma exacerbations. BMJ Open 2014;4:e004699","pubmedId":"24710133","populations":[{"id":"7d95a950-15b2-4977-84e6-4f601520da03","name":[{"lang":"en","value":"Children with acute asthma"}],"description":[{"lang":"en","value":"<p>Children aged 1 to 17 years visiting one of five pediatric emergency departments namely CHU Ste-Justine, Montreal Children's Hospital, CHU de Laval, Children's Hospital of Eastern Ontario, Children\u2019s Hospital of London Health Sciences Centre with a moderate or severe asthma exacerbation (PRAM score \u22654).<\/p>\r\n"}],"recruitment":{"dataSources":["specific_population"],"specificPopulationSources":["other"],"otherSpecificPopulationSource":[{"lang":"en","value":"<p>Children visiting emergency department with an asthma exacerbation.<\/p>\r\n"}]},"selectionCriteria":{"ageMin":1,"ageMax":17,"countriesIso":["CAN"],"territory":[{"lang":"en","value":"<p>Montreal, Quebec, Ottawa and London<\/p>\r\n"}],"ethnicOrigin":[{"localizedStrings":[{"lang":"en","value":"Any ethnicity"}]}],"healthStatus":[{"localizedStrings":[{"lang":"en","value":"Moderate to severe asthma exacerbation"}]}],"otherCriteria":[{"lang":"en","value":"<p>Participants were eligible if they: (1) were aged 1\u201317 years; (2) had asthma, defined as: (i) prior diagnosis of asthma made by a physician; (ii) prior documented episode of acute cough, wheezing and\/or dyspnoea with significant response to inhaled \u03b22-agonists or to oral corticosteroids; (iii) in a child aged &lt;2 years, three or more episodes of cough, wheezing and\/or dyspnoea, including the index visit or (iv) previous lung function tests showing significant reversibility postbronchodilation (\u226512% FEV1 or \u226525% Rrs at 4\u20138 Hz) or a positive provocation test (PC20 \u22648 mg\/mL or provocation dose (to increase Rrs by 50% or more (PD50) \u22648 mg\/mL), in keeping with the American Thoracic Society and European Respiratory Society criteria; (3) presented with an acute episode of cough, wheezing and\/or dyspnoea; (4) had moderate-to-severe airway obstruction,&nbsp;defined as a PRAM score &gt;3 at baseline; (5) had a good understanding of English or French and (6) were accompanied&nbsp;by parents or legal guardians.<\/p>\r\n\r\n<p>&nbsp;<\/p>\r\n\r\n<p>Patients were excluded if they presented: (1) with another chronic respiratory condition (such as bronchopulmonary&nbsp;dysplasia or cystic fibrosis); (2) with a reasonable suspicion of bronchiolitis or foreign body aspiration; (3) a history of hypersensitivity to salbutamol, ipratropium bromide or oral prednisolone; (4) a relative or absolute contraindication to receiving oral corticosteroids such as recent exposure to varicella or live vaccine in a susceptible child or (5) with confirmed or suspected pregnancy status.<\/p>\r\n"}]},"numberOfParticipants":{"participant":{"noLimit":false,"number":975},"sample":{"noLimit":false,"number":968},"info":[{"lang":"en","value":"<p><span>From 975&nbsp;enrolled patients:<\/span><\/p>\r\n\r\n<p>Patients provided DNA samples: 906&nbsp;samples<\/p>\r\n\r\n<p>Patients provided Cotinine samples: 930 samples<\/p>\r\n\r\n<p>Patients provided nasopharyngeal samples: 968 samples<\/p>\r\n\r\n<p>Patients provided sputum samples: 11 samples<\/p>\r\n"}]},"info":[{"lang":"en","value":"<p>We may have information to validate perceived parental and physician asthma triggers in the 2 days prior to the index ED visit.<\/p>\r\n"}],"dataCollectionEvents":[{"id":"cad6b481-fcd2-4201-be06-637ad828dddb","name":[{"lang":"en","value":"10-day follow up period"}],"description":[{"lang":"en","value":"<p><strong>10-day follow up period:<\/strong> Patient functional status measured daily on the \u2018Asthma flare-up Diary for young children\u00a9\u2019, use of rescue and controller medications documented on a diary, parental functional status measured at the end of the exacerbation on the \u2018Effects of a child\u2019s asthma flare-up on the parents\u00a9\u2019 questionnaire, 10-day follow-up parental report summarizing \u00a0return visits to ED and hospital admissions, adverse events, serious adverse events, and review of ED log and phone follow up by the research assistant.<\/p>\n"}],"startYear":2011,"startMonth":2,"endYear":2014,"endMonth":1,"dataSources":["questionnaires","administratives_databases"],"administrativeDatabases":["health_databases","environmental_databases"],"attachments":[{"id":"bed67c5b-edf6-4d75-8f7d-b7d28cfbd37e","fileName":"Appendix 3 STUDY_MANUAL_DOORWAY_Version_19_2013-01-14.pdf","type":"sop","description":[{"lang":"en","value":""}],"lang":"en","justUploaded":true},{"id":"21b3d59b-0d16-4085-9247-750c302daa26","fileName":"Appendix 2 DOORWAY_Annotated_FINAL_CRFS_version_22-DEC-2010.pdf","type":"questionnaire","description":[{"lang":"en","value":""}],"lang":"en","justUploaded":true}]},{"id":"d2b72d2c-7d2a-4531-a4b1-272bba9e92c1","name":[{"lang":"en","value":"Index ED visit"}],"description":[{"lang":"en","value":"<p><strong>Index ED visit (Baseline):&nbsp;<\/strong>demographics, treatment given, lung function assessment, determinants of response, PRAM scores, medications (current asthma, non-asthma and prescribed medications at the time of disposition), family history and environment, child\u2019s asthma triggers, environmental exposures, disposition (admission\/discharge), collection of biological samples, evaluation of airway inflammation.<\/p>\r\n"}],"startYear":2011,"startMonth":2,"endYear":2013,"endMonth":12,"dataSources":["questionnaires","physical_measures","biological_samples","administratives_databases"],"administrativeDatabases":["health_databases","environmental_databases"],"bioSamples":["saliva","others"],"otherBioSamples":[{"lang":"en","value":"<p>Exhaled nitric oxide measurement; nasopharyngeal sample for virus; sputum sample for inflammatory cells.<\/p>\r\n"}],"attachments":[{"id":"06296403-e810-4343-b4ce-eb85e37312f5","fileName":"Appendix 3 STUDY_MANUAL_DOORWAY_Version_19_2013-01-14.pdf","type":"sop","description":[{"lang":"en","value":""}],"lang":"en","justUploaded":true},{"id":"b1e61bb0-0d9e-4ad8-a357-52e6fa86c585","fileName":"Appendix 2 DOORWAY_Annotated_FINAL_CRFS_version_22-DEC-2010.pdf","type":"questionnaire","description":[{"lang":"en","value":""}],"lang":"en","justUploaded":true}]}]}]}