{"id":"e4ad748b-09d0-4088-961a-059eedbfd3e0","name":[{"lang":"en","value":"Association between exposure to chlorination by-products and the fetal growth restriction"}],"investigators":[{"lastName":"Dr. Patrick Levallois (Institut national de sant\u00e9 publique du Qu\u00e9bec)","email":"Patrick.Levallois@msp.ulaval.ca","phone":"418-650-5115 poste 5216","dataAccessCommitteeMember":false,"institution":{"name":[{"lang":"en","value":"Institut national de sant\u00e9 publique du Qu\u00e9bec"}],"address":{"street":[{"lang":"en","value":"945, avenue Wolfe"}],"city":[{"lang":"en","value":"Qu\u00e9bec"}],"zip":"G1V 5B3","state":"Qu\u00e9bec"}}},{"lastName":"Dr. Manuel Rodriguez (Universit\u00e9 Laval)","email":"","dataAccessCommitteeMember":false,"institution":{"name":[{"lang":"en","value":"Universit\u00e9 Laval"}],"address":{"street":[{"lang":"en","value":"2325, rue des Biblioth\u00e8ques"}],"city":[{"lang":"en","value":"Qu\u00e9bec"}],"zip":"G1V 0A6","state":"Qu\u00e9bec"}}},{"lastName":"Dr. Sylvie Marcoux (Universit\u00e9 Laval)","email":"","dataAccessCommitteeMember":false,"institution":{"name":[{"lang":"en","value":"Universit\u00e9 Laval"}],"address":{"street":[{"lang":"en","value":"1050, avenue de la M\u00e9decine"}],"city":[{"lang":"en","value":"Qu\u00e9bec"}],"zip":"G1V 0A6","state":"Qu\u00e9bec"}}},{"lastName":"Dr. Robert Tardif (Universit\u00e9 de Montr\u00e9al)","email":"","dataAccessCommitteeMember":false,"institution":{"name":[{"lang":"en","value":"Universit\u00e9 de Montr\u00e9al"}],"address":{"street":[{"lang":"en","value":"C.P. 6128 Succ. Centre-Ville"}],"city":[{"lang":"en","value":"Montr\u00e9al"}],"zip":"H3C 3J7","state":"Qu\u00e9bec"}}},{"lastName":"Dr. Alexandre Bureau (Universit\u00e9 Laval)","email":"","dataAccessCommitteeMember":false,"institution":{"name":[{"lang":"en","value":"Universit\u00e9 Laval"}],"address":{"street":[{"lang":"en","value":"1050, avenue de la M\u00e9decine"}],"city":[{"lang":"en","value":"Qu\u00e9bec"}],"zip":"G1V 0A6","state":"Qu\u00e9bec"}}},{"lastName":"Dr. Yves Gigu\u00e8re (Centre hospitalier universitaire de Qu\u00e9bec)","email":"","dataAccessCommitteeMember":false,"institution":{"name":[{"lang":"en","value":"Centre hospitalier universitaire de Qu\u00e9bec"}],"address":{"street":[{"lang":"en","value":"10, rue de l'Espinay, local D0-711"}],"city":[{"lang":"en","value":"Qu\u00e9bec"}],"zip":"G1L 3L5","state":"Qu\u00e9bec"}}}],"contacts":[{"lastName":"Dr. Patrick Levallois (Institut national de sant\u00e9 publique du Qu\u00e9bec)","email":"Patrick.Levallois@msp.ulaval.ca","phone":"418-650-5115 poste 5216","dataAccessCommitteeMember":false,"institution":{"name":[{"lang":"en","value":"Institut national de sant\u00e9 publique du Qu\u00e9bec"}],"address":{"street":[{"lang":"en","value":"945, avenue Wolfe"}],"city":[{"lang":"en","value":"Qu\u00e9bec"}],"zip":"G1V 5B3","state":"Qu\u00e9bec"}}}],"objectives":[{"lang":"en","value":"<p><strong>PART 1<\/strong><br \/>\r\n<strong>Main objective:<\/strong> Evaluate the relation between maternal exposure to chlorination by-products (CBP) and the risk of delivering a small for-gestational-age neonate.<\/p>\r\n\r\n<p><strong>Secondary objectives:<\/strong><br \/>\r\n1. To estimate trihalomethanes&nbsp;and haloacetic acids concentrations in tap water of each participant's residence during each trimester of pregnancy;<br \/>\r\n2. To assess individual exposure to haloacetic acids from information reported by questionnaire among participants and exposure to trihalomethanes in the water source and consumed by other sources of exposure (dermal, inhalation or ingestion) to during each trimester of pregnancy;<br \/>\r\n3. To combine for trihalomethanes (chloroform and bromodichloromethane), three routes of exposure (ingestion, dermal, inhalation) into a single measure;<br \/>\r\n4. To estimate the relative risk of fetal growth restriction associate with&nbsp;the exposure to total&nbsp;trihalomethanes, brominated&nbsp;trihalomethane, and total haloacetic acid&nbsp;for each&nbsp;trimester of pregnancy;<br \/>\r\n5. To estimate the relative risk of fetal growth restriction associate with&nbsp;&nbsp;the exposure to some CBP specific to trihalomethanes&nbsp;(chloroform and bromodichloromethane)&nbsp; and haloacetic acids (dichloroacetic acids and trichloroacetic acids);<\/p>\r\n\r\n<p><strong>PART 2<\/strong><br \/>\r\n<strong>Main objective: <\/strong>To evaluate the in utero effects induces by CBP on the risk of fetal growth restriction, to consider the effects of new CBP and some genes and polymorphisms.<\/p>\r\n\r\n<p><strong>Secondary objectives:<\/strong><br \/>\r\n1. To evaluate the in utero exposure to new CBP, haloacetaldehydes and haloacetonitriles on the risk of fetal growth restriction;<br \/>\r\n2.To assess individual exposure to haloactic acids through ingestion and to trihalomethanes through inhalation, dermal exposure and ingestion.<\/p>\r\n"}],"specificAuthorization":{"authorized":false,"date":"1969-12-31T19:00:00-05:00"},"maelstromAuthorization":{"authorized":true,"authorizer":"Patrick Levallois","date":"2012-08-30T00:00:00-04:00"},"methods":{"designs":["case_control"],"recruitments":["families"],"info":[{"lang":"en","value":"<p>Population-based case-control study which the sample contains all singleton live births that occurred in the region of Capitale-Nationale and the territory of Centre de sant\u00e9 and the territory of Centre de sant\u00e9 et des services sociaux du Grand Littoral (City of L\u00e9vis) between August 2006 and April 2008 .<\/p>\r\n"}]},"numberOfParticipants":{"participant":{"noLimit":false,"number":2647},"sample":{"noLimit":false,"number":1719},"info":[{"lang":"en","value":"<p>Array A total of 1618 pairs of samples (sample from the mother and her child) 99 samples from the mother only 2 samples from the child only<\/p>\r\n"}]},"startYear":2006,"endYear":2014,"access":["data","other"],"otherAccess":[{"lang":"en","value":"<p>The concentrations of CBP may be available.<\/p>\r\n"}],"markerPaper":"Levallois P, Gingras S, Marcoux S, Legay C, Catto C, Rodriguez M, et al. Maternal exposure to drinking-water chlorination by-products and small-for-gestational-age neonates. Epidemiology. 2012;23(2):267-76. ","pubmedId":"22317810","info":[{"lang":"en","value":"<p>The data from the questionnaires could be available, but a request to the Ethics Committee will be required.<\/p>\r\n"}],"populations":[{"id":"b88234dc-0d82-4f7a-b4a6-a0c1eea53dff","name":[{"lang":"en","value":"Study population"}],"description":[{"lang":"en","value":"<p>The sample contains all singleton live births that occurred in the region of Capitale-Nationale and the territory of Centre de sant\u00e9 and the territory of Centre de sant\u00e9 et des services sociaux du Grand Littoral (City of L\u00e9vis) between August 2006 and April 2008. The selected sample represents approximately 30% of the live births during the study period. For each case of intrauterine growth retardation identified, three controls were matched. To be eligible, women must not have resided in more than 2 residences in the study area during their entire pregnancy and they must not have resided away from their residence for more than a month during their pregnancy.<\/p>\r\n"}],"recruitment":{"dataSources":["general"],"generalPopulationSources":["volunteer"],"info":[{"lang":"en","value":"<p>All single live births in the territory studied and the information on the address during pregnancy&nbsp;were identified from the form entitled Declaration of Birth.<\/p>\r\n"}]},"selectionCriteria":{"gender":1,"ageMin":16,"countriesIso":["CAN"],"territory":[{"lang":"en","value":"<p>Region of the Capitale-Nationale and territory of Centre de sant\u00e9 et de services sociaux du Grand Littoral (City of L\u00e9vis)<\/p>\r\n"}],"criteria":["gravidity","newborn"]},"numberOfParticipants":{"participant":{"noLimit":false,"number":2647},"sample":{"noLimit":false,"number":1719}},"dataCollectionEvents":[{"id":"4ec7ec0f-3fbc-4f91-926c-61f61da69bca","name":[{"lang":"en","value":"Baseline recruitment \/ initial data collection"}],"description":[{"lang":"en","value":"<p>Concentrations of&nbsp;trihalomethanes and haloacetic acids in the water-distribution systems of participants were monitored during the period of 2006 to 2008&nbsp;and a&nbsp;phone interview on maternal habits was completed within 3 months&nbsp;after childbirth.&nbsp;<\/p>\r\n\r\n<p>An interviewer contacted potential participants by telephone to verify their eligibility and seek their participation. A&nbsp;computer-assisted telephone interview of participants lasting&nbsp;approximately 30 minutes gathered detailed information on&nbsp;all independent variables (water-use behavior and risk factors&nbsp;for SGA), as well as information on the birth outcome (infant&nbsp;weight, duration of pregnancy).&nbsp;The information from the certificate of birth, from samples, and from water sample analysis were used to evaluate the concentration of chlorination by-products from the drinking water distribution system to the home of participants.<\/p>\r\n"}],"startYear":2006,"startMonth":4,"endYear":2008,"endMonth":4,"dataSources":["questionnaires","biological_samples"],"bioSamples":["blood","cord_blood","saliva"]},{"id":"f7cfec95-3267-4631-9571-0087177a433a","name":[{"lang":"en","value":"Follow-up of participants"}],"description":[{"lang":"en","value":"<p>Biological samples (saliva or blood) were collected or made available for 1717 women and 1620 children. DNA was genotyped for 1481 mother-child pairs.<\/p>\r\n"}],"startYear":2010,"startMonth":1,"endYear":2012,"endMonth":12,"dataSources":["biological_samples"],"bioSamples":["blood","saliva"]}]}]}