{"id":"49c20e0c-57be-44af-a53c-8719bbc61446","name":[{"lang":"en","value":"Microisolates in South Tyrol Study"}],"acronym":[{"lang":"en","value":"MICROS"}],"investigators":[{"lastName":"Prof. Peter P. Pramstaller (Center for Biomedicine)","email":"peter.pramstaller@eurac.edu","phone":"+39 0471 055 501","dataAccessCommitteeMember":false,"institution":{"name":[{"lang":"en","value":"Center for Biomedicine"}],"address":{"country":{"iso":"IT","name":[{"lang":"en","value":"Italy"}]}}}}],"contacts":[{"lastName":"Martin G\u00f6gele (EURAC research)","email":"Martin.Goegele@eurac.edu","phone":"+39 0471 055 523","dataAccessCommitteeMember":false,"institution":{"name":[{"lang":"en","value":"EURAC research"}],"address":{"street":[{"lang":"en","value":"Viale Druso 1"}],"city":[{"lang":"en","value":"Bolzano"}],"zip":"39100","state":"Italy"}}}],"objectives":[{"lang":"en","value":"The main objective of MICROS was to screen the population for the presence of several disease traits and possible genetic and environmental risk factors, by collecting questionnaire-based information, pedigree structure, clinical measurements and blood samples for analyses."}],"specificAuthorization":{"authorized":false,"date":"1969-12-31T19:00:00-05:00"},"maelstromAuthorization":{"authorized":true,"authorizer":"Peter Pramstaller","date":"2013-10-21T00:00:00-04:00"},"methods":{"designs":["cross_sectional"],"recruitments":["individuals"],"info":[{"lang":"en","value":"<p>The Micros study is based on individual participation; however, most of the inhabitants from the three villages were relative of each other; this generated a large pedigree-based study.<\/p>\r\n"}]},"numberOfParticipants":{"participant":{"noLimit":false,"number":1300},"sample":{"noLimit":false,"number":1300}},"startYear":2002,"endYear":2003,"access":["data","biosamples"],"markerPaper":"Pattaro C, Marroni F, Riegler A et al., The genetic study of three population microisolates in South Tyrol (MICROS): study design and epidemiological perspectives. BMC Med Genet. 2007 Jun 5;8:29.","pubmedId":"17550581","info":[{"lang":"en","value":"<p>The MICROS study has been financed by the Autonomous Province of Bolzano-South Tyrol.<\/p>\r\n"}],"populations":[{"id":"cd7c1b5e-6f31-4626-84bd-ab77f2a71b2c","name":[{"lang":"en","value":"Three villages in Vingshau"}],"description":[{"lang":"en","value":"<p>Three villages were characterized by old settlement, small number of founders, slow\/null population expansion and negligible immigration.<\/p>\r\n"}],"recruitment":{"dataSources":["general"],"generalPopulationSources":["volunteer"]},"selectionCriteria":{"ageMin":18,"countriesIso":["ITA"],"territory":[{"lang":"en","value":"<p>Three villages in Vingshau, South Tyol (Stelvio, Martell, and Vallelunga).<\/p>\r\n"}]},"numberOfParticipants":{"participant":{"noLimit":false,"number":1300},"sample":{"noLimit":false,"number":1300}},"dataCollectionEvents":[{"id":"80f4e04a-584b-4270-9807-f01a097ad749","name":[{"lang":"en","value":"Data collection"}],"description":[{"lang":"en","value":"<p>A standardized, interviewer-administered questionnaire was administered to the participants and clinical measurements, blood and urine samples were collected.<\/p>\r\n"}],"startYear":2002,"endYear":2003,"dataSources":["questionnaires","physical_measures","biological_samples","others"],"otherDataSources":[{"lang":"en","value":"Genealogical records"}],"bioSamples":["blood"]}]}]}