{"id":"ada1c733-268f-4147-9247-d5eedcc22aff","name":[{"lang":"en","value":"Swedish Adoption\/Twin Study of Aging (SATSA)"}],"acronym":[{"lang":"en","value":"SATSA"}],"investigators":[{"lastName":"Prof. Nancy Pedersen (Karolinska Institutet)","email":"Nancy.Pedersen@ki.se","phone":"08-524 874 18","dataAccessCommitteeMember":false,"institution":{"name":[{"lang":"en","value":"Karolinska Institutet"}],"department":[{"lang":"en","value":"Department of Medical Epidemiology and Biostatistics"}],"address":{"city":[{"lang":"en","value":"Stockholm"}],"country":{"iso":"SE","name":[{"lang":"en","value":"Sweden"}]}}}}],"contacts":[{"lastName":"Prof. Nancy Pedersen (Karolinska Institutet)","email":"Nancy.Pedersen@ki.se","phone":"08-524 874 18","dataAccessCommitteeMember":false,"institution":{"name":[{"lang":"en","value":"Karolinska Institutet"}],"department":[{"lang":"en","value":"Department of Medical Epidemiology and Biostatistics"}],"address":{"city":[{"lang":"en","value":"Stockholm"}],"country":{"iso":"SE","name":[{"lang":"en","value":"Sweden"}]}}}}],"objectives":[{"lang":"en","value":"<p>The Swedish Adoption\/Twin Study on Aging (SATSA) was designed to study the origins of individual differences in aging and the environmental and genetic factors that are involved.<\/p>\r\n"}],"website":"http:\/\/www.icpsr.umich.edu\/icpsrweb\/ICPSR\/studies\/3843","specificAuthorization":{"authorized":false,"date":"1969-12-31T19:00:00-05:00"},"maelstromAuthorization":{"authorized":true,"authorizer":"Chandra Reynolds","date":"2014-07-24T00:00:00-04:00"},"methods":{"designs":["cohort_study"],"followUpInfo":[{"lang":"en","value":"<p>SATSA was started with a survey in 1984, and five additional waves were conducted in 1987, 1990, 1993, 2003, and 2007. The questionnaire was initially sent to all twins from the Swedish Twin Registry who were separated at an early age and raised apart. There was also a control sample of twins who were raised together. Altogether, 2,019&nbsp;individuals responded to the first questionnaire. The response rate for the first questionnaire sent out in 1984 was 70.7% (2018 of 2854).<\/p>\r\n\r\n<p>There was also an in-person testing (IPT) component for pairs who were over 50 years of age and where both responded to the initial questionnaire. This subsample of 859 individuals participated in at least one of the seven waves of in-person testing between 1987 and 2007, which included a health examination, interviews, and tests on functional capacity, cognitive abilities, and memory.<\/p>\r\n"}],"recruitments":["families"]},"numberOfParticipants":{"participant":{"noLimit":false,"number":2019},"sample":{"noLimit":false,"number":859}},"startYear":1984,"access":["data"],"markerPaper":"Pedersen, N. L., McClearn, G. E., Plomin, R., Nesselroade, J. R., Berg, S., & DeFaire, U. (1991). The Swedish Adoption Twin Study of Aging: an update. Acta Genet Med Gemellol (Roma), 40(1), 7-20.","pubmedId":"1950353","attachments":[{"id":"a846031e-a816-4644-b30b-2d8e9f1d3170","fileName":"SCALES_archived_20140303.doc","type":"document","description":[{"lang":"en","value":""}],"lang":"en","justUploaded":true},{"id":"ce5cf535-e049-47a5-8a23-0724ac5aa1f1","fileName":"SATSA_flowchart.docx","type":"document","description":[{"lang":"en","value":""}],"lang":"en","justUploaded":true},{"id":"6e8c31e8-142a-420e-b99d-2197721d9acf","fileName":"Finkel.Pedersen.2004.pdf","type":"document","description":[{"lang":"en","value":""}],"lang":"en","justUploaded":true}],"info":[{"lang":"en","value":"<p>Also see (attached):<\/p>\r\n\r\n<p>Finkel, D., &amp; Pedersen, N. L. (2004). Processing Speed and Longitudinal Trajectories of Change for Cognitive Abilities: The Swedish Adoption\/Twin Study of Aging. <em>Aging, Neuropsychology, and Cognition, 11<\/em>(2-3), 325-345. doi: 10.1080\/13825580490511152<\/p>\r\n"}],"populations":[{"id":"a0ed7b05-a549-49e4-8361-de7aa9611ca5","name":[{"lang":"en","value":"SATSA population"}],"description":[{"lang":"en","value":"<p>The SATSA population consists of a base sample of a selected subset of twins reared apart (TRA) from the Swedish Twin Registry (STR), and a control sample of twins reared together (TRT) also from the STR matched on gender, age, and county of birth. Altogether, there are 2019 participants between 26 and 93 years of age at baseline in 1984.&nbsp;<\/p>\r\n"}],"recruitment":{"dataSources":["exist_studies"],"studies":[{"localizedStrings":[{"lang":"en","value":"Swedish Twin Registry (STR)"}]}]},"selectionCriteria":{"countriesIso":["SWE"],"criteria":["twin"],"ethnicOrigin":[{"localizedStrings":[{"lang":"en","value":"Swedish"}]}],"otherCriteria":[{"lang":"en","value":"<p>Twins reared apart, and a control sample of twins reared together matched on gender, age and county of birth.<\/p>\r\n"}],"info":[{"lang":"en","value":"<p>Born before 1959; there was no relevant selection criteria for minimum age. The minimum baseline age from the Satsa sample is 26 years<\/p>\r\n"}]},"numberOfParticipants":{"participant":{"noLimit":false,"number":2019},"sample":{"noLimit":false,"number":859},"info":[{"lang":"en","value":"<p>Q1 red: 2018&nbsp;participants<\/p>\r\n\r\n<p>Q1 blue: 1736 participants<\/p>\r\n\r\n<p>Q2: 1637 participants<\/p>\r\n\r\n<p>Q3: 1496 participants<\/p>\r\n\r\n<p>Q4: 1450 participants<\/p>\r\n\r\n<p>Q5: 794 participants<\/p>\r\n\r\n<p>Q6: 648 participants<\/p>\r\n\r\n<p>IPT1: 645 participants<\/p>\r\n\r\n<p>IPT2: 595 participants<\/p>\r\n\r\n<p>IPT3: 569 participants<\/p>\r\n\r\n<p>IPT4: 40 participants<\/p>\r\n\r\n<p>IPT5: 541 participants<\/p>\r\n\r\n<p>IPT6: 448 participants<\/p>\r\n\r\n<p>IPT7: 379 participants<\/p>\r\n\r\n<p>&nbsp;<\/p>\r\n"}]},"dataCollectionEvents":[{"id":"b3f8dccb-417a-4026-8e48-61e0998ced5e","name":[{"lang":"en","value":"IPT1"}],"description":[{"lang":"en","value":"<p>Twin pairs who were over 50 years of age and where both responded to the initial questionnaire participated in the in-person testing (IPT) component, which included a health examination, blood sampling, interviews, and tests on functional capacity, cognitive abilities, and memory.<\/p>\r\n"}],"startYear":1986,"startMonth":2,"endYear":1988,"endMonth":12,"dataSources":["physical_measures","biological_samples"],"bioSamples":["blood"]},{"id":"4fdcd3bd-fc77-4322-81dc-769c1f87e48b","name":[{"lang":"en","value":"IPT2"}],"description":[{"lang":"en","value":"<p>Twin pairs who were over 50 years of age and where both responded to the initial questionnaire participated in the IPT component, which included a health examination, blood sampling, interviews, and tests on functional capacity, cognitive abilities, and memory. Beginning at IPT2, a questionnaire was given to the participant during IPT in lieu of mailing the questionnaire. The questionnaire was the same as the postal questionnaire that included items concerning health status, how they were raised, work environment, alcohol consumption, and dietary and smoking habits, as well as questions about personality and attitudes.<\/p>\r\n"}],"startYear":1989,"startMonth":2,"endYear":1991,"endMonth":12,"dataSources":["questionnaires","physical_measures","biological_samples"],"bioSamples":["blood"]},{"id":"0fa02de5-fec7-4429-95e9-3d0b83ec893e","name":[{"lang":"en","value":"IPT3"}],"description":[{"lang":"en","value":"<p>Twin pairs who were over 50 years of age and where both responded to the initial questionnaire participated in the IPT component, which included a health examination, blood sampling, interviews, and tests on functional capacity, cognitive abilities, and memory. Additionally during IPT3, an assessment of risk related to occupation and leisure and a risk evaluation comparison within twin pairs were done. A questionnaire was given to the IPT participant in lieu of mailing the questionnaire. The questionnaire was the same as the postal questionnaire that included items concerning health status, how they were raised, work environment, alcohol consumption, and dietary and smoking habits, as well as questions about personality and attitudes.&nbsp;<\/p>\r\n"}],"startYear":1992,"startMonth":2,"endYear":1994,"endMonth":12,"dataSources":["questionnaires","physical_measures","biological_samples"],"bioSamples":["blood"]},{"id":"de64100e-3c08-4865-b59f-df09541ab757","name":[{"lang":"en","value":"IPT4"}],"description":[{"lang":"en","value":"<p>Twin pairs who were over 50 years of age and where both responded to the initial questionnaire participated in the IPT component, which included a health examination, blood sampling, interviews, and tests on functional capacity, cognitive abilities, and memory. A questionnaire was given to the IPT participant in lieu of mailing the questionnaire. The questionnaire was the same as the postal questionnaire that included items concerning health status, how they were raised, work environment, alcohol consumption, and dietary and smoking habits, as well as questions about personality and attitudes. Note that due to funding reasons, there were much fewer participants during the IPT4 wave (n=40).<\/p>\r\n"}],"startYear":1995,"startMonth":3,"endYear":1995,"endMonth":5,"dataSources":["questionnaires","physical_measures","biological_samples"],"bioSamples":["blood"]},{"id":"855993b7-07dc-4451-9aff-b7e0858a0d3a","name":[{"lang":"en","value":"IPT5"}],"description":[{"lang":"en","value":"<p>Twin pairs who were over 50 years of age and where both responded to the initial questionnaire participated in the IPT component, which included a health examination, blood sampling, interviews, and tests on functional capacity, cognitive abilities, and memory. Additionally during IPT5, the following was done: a risk evaluation comparison within twin pairs, assessment of risk related to occupation and leisure, assessment of the twin\u2019s family history, and relatives of the twin were asked to give an assessment of dementia. Twins who refused to participate in IPT5 were asked participate in a telephone interview using the TELE protocol. A questionnaire was given to the IPT participant in lieu of mailing the questionnaire. The questionnaire was the same as the postal questionnaire that included items concerning health status, how they were raised, work environment, alcohol consumption, and dietary and smoking habits, as well as questions about personality and attitudes.<\/p>\r\n"}],"startYear":1999,"startMonth":2,"endYear":2001,"endMonth":12,"dataSources":["questionnaires","physical_measures","biological_samples"],"bioSamples":["blood"]},{"id":"86045259-ff57-434d-a319-fdace980e714","name":[{"lang":"en","value":"IPT6"}],"description":[{"lang":"en","value":"<p>Twin pairs who were over 50 years of age and where both responded to the initial questionnaire participated in the IPT component, which included a health examination, blood sampling, interviews, and tests on functional capacity, cognitive abilities, and memory. Twins who refused to participate in IPT6 were asked participate in a telephone interview using the TELE protocol. A questionnaire was given to the IPT participant in lieu of mailing the questionnaire. The questionnaire was the same as the postal questionnaire that included items concerning health status, how they were raised, work environment, alcohol consumption, and dietary and smoking habits, as well as questions about personality and attitudes.&nbsp;<\/p>\r\n"}],"startYear":2002,"startMonth":2,"endYear":2004,"endMonth":12,"dataSources":["questionnaires","physical_measures","biological_samples"],"bioSamples":["blood"]},{"id":"0e1df1d9-fb2a-4469-8a2b-bfbca89dac26","name":[{"lang":"en","value":"IPT7"}],"description":[{"lang":"en","value":"<p>Twin pairs who were over 50 years of age and where both responded to the initial questionnaire participated in the IPT component, which included a health examination, blood sampling, interviews, and tests on functional capacity, cognitive abilities, and memory. Twins who refused to participate in IPT7&nbsp;were asked participate in a telephone interview using the TELE protocol. A questionnaire was given to the participant during IPT in lieu of mailing the questionnaire. The questionnaire was the same as the postal questionnaire that included items concerning health status, how they were raised, work environment, alcohol consumption, and dietary and smoking habits, as well as questions about personality and attitudes.&nbsp;<\/p>\r\n"}],"startYear":2005,"startMonth":2,"endYear":2007,"endMonth":12,"dataSources":["questionnaires","physical_measures","biological_samples"],"bioSamples":["blood"]},{"id":"6182ad29-e83c-4086-a97a-9e855cc00373","name":[{"lang":"en","value":"Q1 Red and Q1 Blue"}],"description":[{"lang":"en","value":"<p>Postal Questionnaire that included items concerning health status, how they were raised, work environment, alcohol consumption, and dietary and smoking habits, as well as questions about personality and attitudes.Q1 Red was sent out first, and Q1 Blue was sent out to all individuals who responded to Q1 Red after an interval of about one week. Q1 Red and Q1 Blue are considered one data collection event.<\/p>\r\n"}],"startYear":1984,"startMonth":11,"endYear":1985,"endMonth":2,"dataSources":["questionnaires"]},{"id":"abb9a952-d4cd-42e2-94db-e7e319d5a829","name":[{"lang":"en","value":"Q2"}],"description":[{"lang":"en","value":"<p>Postal Questionnaire that included items concerning health status, how they were raised, work environment, alcohol consumption, and dietary and smoking habits, as well as questions about personality and attitudes.<\/p>\r\n"}],"startYear":1987,"startMonth":11,"endYear":1988,"endMonth":2,"dataSources":["questionnaires"]},{"id":"de6ec4d2-6e3b-4007-a2a3-210f5b7ef611","name":[{"lang":"en","value":"Q3"}],"description":[{"lang":"en","value":"<p>Postal Questionnaire that included items concerning health status, how they were raised, work environment, alcohol consumption, and dietary and smoking habits, as well as questions about personality and attitudes.<\/p>\r\n"}],"startYear":1990,"startMonth":11,"endYear":1991,"endMonth":2,"dataSources":["questionnaires"]},{"id":"52866fa0-ede2-47a9-99ff-7ca27322bae4","name":[{"lang":"en","value":"Q4"}],"description":[{"lang":"en","value":"<p>Postal Questionnaire that included items concerning health status, how they were raised, work environment, alcohol consumption, and dietary and smoking habits, as well as questions about personality and attitudes.<\/p>\r\n"}],"startYear":1993,"startMonth":11,"endYear":1994,"endMonth":2,"dataSources":["questionnaires"]},{"id":"967692a5-9bee-4c35-a825-01128559f324","name":[{"lang":"en","value":"Q5"}],"description":[{"lang":"en","value":"<p>Postal Questionnaire that included items concerning health status, how they were raised, work environment, alcohol consumption, and dietary and smoking habits, as well as questions about personality and attitudes.<\/p>\r\n"}],"startYear":2004,"startMonth":5,"endYear":2005,"endMonth":2,"dataSources":["questionnaires"]},{"id":"c296471f-9c8b-40c5-8c10-5f124cc12667","name":[{"lang":"en","value":"Q6"}],"description":[{"lang":"en","value":"<p>Postal Questionnaire that included items concerning health status, how they were raised, work environment, alcohol consumption, and dietary and smoking habits, as well as questions about personality and attitudes.<\/p>\r\n"}],"startYear":2007,"startMonth":11,"endYear":2008,"endMonth":2,"dataSources":["questionnaires"]}]}]}