{"id":"a75556a9-834a-4cfa-884b-d2a85538e054","name":[{"lang":"en","value":"M2P2 variables"}],"description":[{"lang":"en","value":"<p>MIDUS 2 Project 2 (Daily Stress project) variables. The dataset contains 524 variables.<\/p>\r\n"}],"entityType":"Participant","published":false,"obiba.mica.StudyDatasetDto.type":{"studyTable":{"studyId":"4afc4912-67d9-4fbf-a64e-13e898b69cc1","populationId":"6a6a85f2-0715-4dd9-9edd-ba34c690436a","dataCollectionEventId":"9b3b63f8-8469-403c-9d76-87e73f1e47d3","project":"MIDUS","table":"M2P2 variables"}}}