{"id":"b0d49b39-d19d-4dbf-a1e8-486769f09826","name":[{"lang":"en","value":"M2P3 variables"}],"description":[{"lang":"en","value":"<p><span style=\"color: rgb(73, 89, 97); font-family: 'Helvetica Neue', Helvetica, Arial, sans-serif; line-height: 20px;\">MIDUS 2&nbsp;Project 3 (Cognitive project) variables. The dataset contains 161 variables.<\/span><\/p>\r\n"}],"entityType":"Participant","published":false,"obiba.mica.StudyDatasetDto.type":{"studyTable":{"studyId":"4afc4912-67d9-4fbf-a64e-13e898b69cc1","populationId":"6a6a85f2-0715-4dd9-9edd-ba34c690436a","dataCollectionEventId":"7e2d1b0c-092b-442b-a0a2-23afd546a440","project":"MIDUS","table":"M2P3 variables"}}}