{"id":"3cd1344e-fab4-4351-9047-8ba4f43feb9a","name":[{"lang":"en","value":"M1P2 variables"}],"description":[{"lang":"en","value":"<p>MIDUS 1 Project 2 (Daily Stress project) variables. The dataset contains 321 variables.<\/p>\r\n"}],"entityType":"Participant","published":false,"obiba.mica.StudyDatasetDto.type":{"studyTable":{"studyId":"4afc4912-67d9-4fbf-a64e-13e898b69cc1","populationId":"6a6a85f2-0715-4dd9-9edd-ba34c690436a","dataCollectionEventId":"3aa4e5e0-8d24-4f42-b14f-0c0537870722","project":"MIDUS","table":"M1P2_nsde"}}}