{"id":"d8f1bebf-d78d-4a4b-abaf-bbe8966de4dc","name":[{"lang":"en","value":"MIDJA variables"}],"description":[{"lang":"en","value":"<p><span>MIDJA survey variables. The dataset contains 597 variables.<\/span><\/p>\r\n"}],"entityType":"Participant","published":false,"obiba.mica.StudyDatasetDto.type":{"studyTable":{"studyId":"4afc4912-67d9-4fbf-a64e-13e898b69cc1","populationId":"45702af1-4f23-45d5-bd58-1038990d3507","dataCollectionEventId":"34ac30e3-2f9d-4cca-92a9-3be394be3bba","project":"MIDUS","table":"MIDJA variables"}}}