{"id":"4afc4912-67d9-4fbf-a64e-13e898b69cc1","name":[{"lang":"en","value":"Midlife in the U.S. (MIDUS)"}],"acronym":[{"lang":"en","value":"MIDUS"}],"investigators":[{"lastName":"Carol Ryff (University of Wisconsin-Madison)","dataAccessCommitteeMember":false,"institution":{"name":[{"lang":"en","value":"University of Wisconsin-Madison"}],"address":[]}},{"lastName":"Dr. David Almeida (The Pennsylvania State University)","email":"dalmeida@psu.edu","phone":"(814) 865-2656","dataAccessCommitteeMember":false,"institution":{"name":[{"lang":"en","value":"The Pennsylvania State University"}],"department":[{"lang":"en","value":"Human Development and Family Studies"}],"address":{"state":"Pennsylvania","country":{"iso":"US","name":[{"lang":"en","value":"United States"}]}}}},{"lastName":"Margie Lachman (Brandeis University)","dataAccessCommitteeMember":false,"institution":{"name":[{"lang":"en","value":"Brandeis University"}],"address":[]}},{"lastName":"Maxine Weinstein (Georgetown University)","dataAccessCommitteeMember":false,"institution":{"name":[{"lang":"en","value":"Georgetown University"}],"address":[]}},{"lastName":"Teresa Seeman (University of California Los Angeles)","dataAccessCommitteeMember":false,"institution":{"name":[{"lang":"en","value":"University of California Los Angeles"}],"address":[]}},{"lastName":"Richard Davidson (University of Wisconsin-Madison)","dataAccessCommitteeMember":false,"institution":{"name":[{"lang":"en","value":"University of Wisconsin-Madison"}],"address":[]}},{"lastName":"David Williams (Harvard University)","dataAccessCommitteeMember":false,"institution":{"name":[{"lang":"en","value":"Harvard University"}],"address":[]}},{"lastName":"Dr. Daniel Mroczek (Northwestern University)","email":"daniel.mroczek@northwestern.edu","phone":"(847) 491-5190","dataAccessCommitteeMember":false,"institution":{"name":[{"lang":"en","value":"Northwestern University"}],"department":[{"lang":"en","value":"Department of Psychology"}],"address":{"state":"Illinois","country":{"iso":"US","name":[{"lang":"en","value":"United States"}]}}}},{"lastName":"Deborah Carr (Rutgers University)","dataAccessCommitteeMember":false,"institution":{"name":[{"lang":"en","value":"Rutgers University"}],"address":[]}},{"lastName":"Marsha Mailick (University of Wisconsin-Madison)","dataAccessCommitteeMember":false,"institution":{"name":[{"lang":"en","value":"University of Wisconsin-Madison"}],"address":[]}},{"lastName":"Joseph Grzywacz (Oklahoma State University)","dataAccessCommitteeMember":false,"institution":{"name":[{"lang":"en","value":"Oklahoma State University"}],"address":[]}},{"lastName":"Arun Karlamangla (University of California Los Angeles)","dataAccessCommitteeMember":false,"institution":{"name":[{"lang":"en","value":"University of California Los Angeles"}],"address":[]}},{"lastName":"Christopher Coe (University of WIsconsin-Madison)","dataAccessCommitteeMember":false,"institution":{"name":[{"lang":"en","value":"University of WIsconsin-Madison"}],"address":[]}},{"lastName":"Robert Krueger (University of Minnesota)","dataAccessCommitteeMember":false,"institution":{"name":[{"lang":"en","value":"University of Minnesota"}],"address":[]}},{"lastName":"Richard Sloan (Columbia University)","dataAccessCommitteeMember":false,"institution":{"name":[{"lang":"en","value":"Columbia University"}],"address":[]}},{"lastName":"Shinobu Kitayama (University of Michigan)","dataAccessCommitteeMember":false,"institution":{"name":[{"lang":"en","value":"University of Michigan"}],"address":[]}},{"lastName":"Hazel Rose Markus (Stanford University)","dataAccessCommitteeMember":false,"institution":{"name":[{"lang":"en","value":"Stanford University"}],"address":[]}},{"lastName":"Norito Kawakami (University of Tokyo)","dataAccessCommitteeMember":false,"institution":{"name":[{"lang":"en","value":"University of Tokyo"}],"address":[]}},{"lastName":"Mayumi Karasawa (Tokyo Woman's Christian University)","dataAccessCommitteeMember":false,"institution":{"name":[{"lang":"en","value":"Tokyo Woman's Christian University"}],"address":[]}}],"contacts":[{"lastName":"Barry Radler (University of Wisconsin)","email":"bradler@wisc.edu","dataAccessCommitteeMember":false,"institution":{"name":[{"lang":"en","value":"University of Wisconsin"}],"address":[]}}],"objectives":[{"lang":"en","value":"<p><span>MIDUS is a national longitudinal study of how diverse factors interact to influence health and well-being as people age from early adulthood into midlife and old age. It was conceived by a multidisciplinary team of scholars interested in understanding aging as a bio-psycho-social integrative process.<\/span><\/p>\r\n"}],"website":"http:\/\/midus.wisc.edu\/","specificAuthorization":{"authorized":false,"date":"1969-12-31T19:00:00-05:00"},"maelstromAuthorization":{"authorized":true,"date":"1969-12-31T19:00:00-05:00"},"methods":{"designs":["cohort_study"],"recruitments":["individuals","families"]},"numberOfParticipants":{"participant":{"noLimit":false,"number":8727},"sample":{"noLimit":false,"number":1637}},"startYear":1995,"access":["data","biosamples"],"populations":[{"id":"6a6a85f2-0715-4dd9-9edd-ba34c690436a","name":[{"lang":"en","value":"MIDUS 1 Population"}],"description":[{"lang":"en","value":"<p>Respondents were drawn from a nationally representative random-digit-dial sample of non-institutionalized, English-speaking adults, aged 25-74, selected from working telephone banks in the coterminous United States. It is&nbsp;comprised of individuals from four subsamples: (1) a national RDD (random digit dialing) sample (n=3,487); (2) oversamples from five metropolitan areas in the U.S. (n=757); (3) siblings of individuals from the RDD sample(n=950); and (4) a national RDD sample of twin pairs (n=1,914).&nbsp;<\/p>\r\n"}],"recruitment":{"dataSources":["general","specific_population"],"generalPopulationSources":["random"]},"selectionCriteria":{"ageMin":25,"ageMax":74,"countriesIso":["USA"]},"numberOfParticipants":{"participant":{"noLimit":false,"number":7108},"sample":{"noLimit":false,"number":1054}},"dataCollectionEvents":[{"id":"54f615c4-a755-44be-a6f2-705128447c9d","name":[{"lang":"en","value":"M2 Biomarker Project"}],"description":[{"lang":"en","value":"<p><span>Biomarker data collection during a 2-day clinic visit.&nbsp;<\/span><span>The biomarkers reflect functioning of the hypothalamic-pituitary-adrenal axis, the autonomic nervous system, the immune system, cardiovascular system, musculoskeletal system, antioxidants, and metabolic processes.&nbsp;<\/span><span>The protocol also included assessments by clinicians or trained staff, including vital signs, morphology, functional capacities, bone densitometry, medication usage, and a physical exam. Project staff obtained indicators of heart-rate variability, beat to beat blood pressure, respiration, and salivary cortisol assessments during an experimental protocol that included both a cognitive and orthostatic challenge.<\/span><\/p>\r\n"}],"startYear":2004,"startMonth":7,"endYear":2009,"endMonth":5,"dataSources":["questionnaires","physical_measures","biological_samples"],"bioSamples":["saliva"]},{"id":"7e2d1b0c-092b-442b-a0a2-23afd546a440","name":[{"lang":"en","value":"M2 Cognitive project"}],"description":[{"lang":"en","value":"<p>Phone-Based Cognitive battery and a face to face assessment of cognitive capacities.<\/p>\r\n"}],"startYear":2004,"startMonth":2,"endYear":2006,"endMonth":3,"dataSources":["questionnaires","physical_measures"]},{"id":"9b3b63f8-8469-403c-9d76-87e73f1e47d3","name":[{"lang":"en","value":"M2 Daily Stress Project"}],"description":[{"lang":"en","value":"<p>8 days of daily experience obtained via phone interview and 4 days of salivary cortisol.<\/p>\r\n"}],"startYear":2004,"startMonth":4,"endYear":2009,"endMonth":4,"dataSources":["questionnaires","biological_samples"],"bioSamples":["saliva"]},{"id":"8210ee5c-f56a-4b49-a2cf-1084928fbdb5","name":[{"lang":"en","value":"MIDUS 1 Baseline survey"}],"description":[{"lang":"en","value":"<p>Computer-assisted telephone interview (CATI) and two&nbsp;self administered&nbsp;mail questionnaire. In addition, The twin subsample answered a&nbsp;short screening survey to assess zygosity and other twin-specific information.<\/p>\r\n"}],"startYear":1995,"startMonth":1,"endYear":1996,"endMonth":1,"dataSources":["questionnaires","physical_measures"]},{"id":"30677507-4d11-45ca-8d98-367a9a8c8bf8","name":[{"lang":"en","value":"MIDUS 2 survey"}],"description":[{"lang":"en","value":"<p>Computer-assisted telephone interview (CATI) and two self administered mail questionnaire.<\/p>\r\n"}],"startYear":2004,"startMonth":2,"endYear":2006,"endMonth":11,"dataSources":["questionnaires"]},{"id":"3aa4e5e0-8d24-4f42-b14f-0c0537870722","name":[{"lang":"en","value":"MIDUS 1 Daily Stress Project (NSDE)"}],"description":[{"lang":"en","value":"<p>National Study of Daily Experiences (NSDE) by computer-assisted telephone interview. The sample is comprised of 1,031 random-digit dialed (RDD) respondents and 452 twins. The twin subsample includes approximately 220 same sex twin pairs (105 MZ and 105 DZ).<\/p>\r\n"}],"startYear":1996,"startMonth":3,"endYear":1997,"endMonth":4,"dataSources":["questionnaires"]},{"id":"beb1568c-2d51-4c28-9117-bc80644f309b","name":[{"lang":"en","value":"M2 Neuroscience Project"}],"description":[{"lang":"en","value":"<p>Cognitive assessment test and self-enumerated questionnaire on affective reactivity and recovery.<\/p>\r\n\r\n<p>Presence of Common Scales: DPES- Dispositional Positive Emotion Scale; PANAS- Positive and Negative Affect Schedule; RASQ- Reactivity to Affective Stimuli Quesionnaire; STXS- Spielberger State-Trait Anxiety Inventory; ERQ- Emotional Regulation Questionnaire<\/p>\r\n"}],"startYear":2004,"startMonth":8,"endYear":2009,"endMonth":5,"dataSources":["questionnaires","physical_measures"]}]},{"id":"e1358975-c97c-44ce-802c-4af525ef3147","name":[{"lang":"en","value":"MIDUS Milwaukee African American"}],"description":[{"lang":"en","value":"<div class=\"field field-name-body field-type-text-with-summary field-label-hidden\">\r\n<div class=\"field-items\">\r\n<div class=\"field-item even\" property=\"encoded\">\r\n<p>As a refinement to MIDLIFE DEVELOPMENT IN THE UNITED STATES (MIDUS 2), 2004-2006, a sample of African Americans from Milwaukee was included to examine health issues in minority populations. Areas of the city of Milwaukee, Wisconsin, were stratified according to the proportion of the population that were African American. Those areas with high concentrations were sampled at higher rates than areas with lower concentrations. Area probability sampling methods were used along with population counts from the 2000 United States Census to identify potential respondents. Field interviewers screened households to determine if they contained any African American adults. There was additional screening to achieve an appropriate age\/gender distribution in a manner similar to what was done for the original MIDUS sample (NATIONAL SURVEY OF MIDLIFE DEVELOPMENT IN THE UNITED STATES (MIDUS), 1995-1996). Milwaukee respondents were interviewed in their homes using a Computer Assisted Personal Interview (CAPI) protocol and afterwards asked to complete a Self-Administered Questionnaire (SAQ). All measures paralleled those used in the larger MIDUS 1&nbsp;and 2&nbsp;samples. After successful completion of the Project 1 survey, some participants were eligible to participate in other MIDUS projects (2 through 5). Survey data was collected for 592 individuals.<\/p>\r\n<\/div>\r\n<\/div>\r\n<\/div>\r\n"}],"recruitment":{"dataSources":["general","specific_population"],"generalPopulationSources":["random"]},"selectionCriteria":{"ageMin":35,"ageMax":85,"countriesIso":["USA"],"territory":[{"lang":"en","value":"<p>Milwaukee, Wisconsin<\/p>\r\n"}],"ethnicOrigin":[{"localizedStrings":[{"lang":"en","value":"African American"}]}]},"numberOfParticipants":{"participant":{"noLimit":false,"number":592},"sample":{"noLimit":false,"number":201}},"dataCollectionEvents":[{"id":"54f615c4-a755-44be-a6f2-705128447c9d","name":[{"lang":"en","value":"M2 Biomarker Project"}],"description":[{"lang":"en","value":"<p><span>Biomarker data collection during a 2-day clinic visit.&nbsp;<\/span><span>The biomarkers reflect functioning of the hypothalamic-pituitary-adrenal axis, the autonomic nervous system, the immune system, cardiovascular system, musculoskeletal system, antioxidants, and metabolic processes.&nbsp;<\/span><span>The protocol also included assessments by clinicians or trained staff, including vital signs, morphology, functional capacities, bone densitometry, medication usage, and a physical exam. Project staff obtained indicators of heart-rate variability, beat to beat blood pressure, respiration, and salivary cortisol assessments during an experimental protocol that included both a cognitive and orthostatic challenge.<\/span><\/p>\r\n"}],"startYear":2004,"startMonth":7,"endYear":2009,"endMonth":5,"dataSources":["questionnaires","physical_measures","biological_samples"],"bioSamples":["saliva"]},{"id":"7e2d1b0c-092b-442b-a0a2-23afd546a440","name":[{"lang":"en","value":"M2 Cognitive project"}],"description":[{"lang":"en","value":"<p>Phone-Based Cognitive battery and a face to face assessment of cognitive capacities.<\/p>\r\n"}],"startYear":2004,"startMonth":2,"endYear":2006,"endMonth":3,"dataSources":["questionnaires","physical_measures"]},{"id":"9b3b63f8-8469-403c-9d76-87e73f1e47d3","name":[{"lang":"en","value":"M2 Daily Stress Project"}],"description":[{"lang":"en","value":"<p>8 days of daily experience obtained via phone interview and 4 days of salivary cortisol.<\/p>\r\n"}],"startYear":2004,"startMonth":4,"endYear":2009,"endMonth":4,"dataSources":["questionnaires","biological_samples"],"bioSamples":["saliva"]},{"id":"30677507-4d11-45ca-8d98-367a9a8c8bf8","name":[{"lang":"en","value":"MIDUS 2 survey"}],"description":[{"lang":"en","value":"<p>Computer-assisted telephone interview (CATI) and two self administered mail questionnaire.<\/p>\r\n"}],"startYear":2004,"startMonth":2,"endYear":2006,"endMonth":11,"dataSources":["questionnaires"]},{"id":"beb1568c-2d51-4c28-9117-bc80644f309b","name":[{"lang":"en","value":"M2 Neuroscience Project"}],"description":[{"lang":"en","value":"<p>Cognitive assessment test and self-enumerated questionnaire on affective reactivity and recovery.<\/p>\r\n\r\n<p>Presence of Common Scales: DPES- Dispositional Positive Emotion Scale; PANAS- Positive and Negative Affect Schedule; RASQ- Reactivity to Affective Stimuli Quesionnaire; STXS- Spielberger State-Trait Anxiety Inventory; ERQ- Emotional Regulation Questionnaire<\/p>\r\n"}],"startYear":2004,"startMonth":8,"endYear":2009,"endMonth":5,"dataSources":["questionnaires","physical_measures"]}]},{"id":"45702af1-4f23-45d5-bd58-1038990d3507","name":[{"lang":"en","value":"MIDUS Japan"}],"description":[{"lang":"en","value":"<p>MIDJA population consist of Noninstitutionalized Japanese-speaking adults living in one of the 23 wards of Tokyo from April 2008-September 2008.<\/p>\r\n\r\n<p>The sample was selected from the Basic Resident Register Book for the 23 wards in Tokyo, Japan, via two-stage stratified random sampling. Within each ward 5 groups were created based on age (30-39, 40-49, 50-59, 60-69, 70-79) and stratified by gender. Thus, ten strata, based on gender and age were created. For each strata a total of 100 samples are allotted and proportionally distributed among each ward based on the number of registered residents in the Basic Resident Register Book for Tokyo, as of March 31, 2007. Approximately ten samples were assigned per sampling spot. The primary sampling unit was based on the basic survey units fixed at the 2005 National Census. The sampling spots were sampled from a table of random numbers. Respondents for each sampling spot were selected from the Basic Resident Register Book using a systematic sampling method. Two reserve samples were allotted per respondent. If the primary selected respondent was ineligible, regardless of reason, the reserve samples were used. To ensure adequate sampling of men from the three youngest decades (30-39, 40-49, 50-59), three reserve samples were allotted per respondent. If sampling could not be conducted from the basic resident register book, samples were transferred to a different ward within the same area.<\/p>\r\n"}],"recruitment":{"dataSources":["general"],"generalPopulationSources":["selected_samples"]},"selectionCriteria":{"ageMin":30,"ageMax":79,"countriesIso":["JPN"],"territory":[{"lang":"en","value":"<p>Tokyo<\/p>\r\n"}],"ethnicOrigin":[{"localizedStrings":[{"lang":"en","value":"Japanese"}]}]},"numberOfParticipants":{"participant":{"noLimit":false,"number":1027},"sample":{"noLimit":false,"number":382}},"dataCollectionEvents":[{"id":"34ac30e3-2f9d-4cca-92a9-3be394be3bba","name":[{"lang":"en","value":"MIDJA"}],"description":[{"lang":"en","value":"<p>Survey of Midlife Development in Japan (MIDJA) survey using a mail and an self-enumerated questionnaire.<\/p>\r\n"}],"startYear":2008,"startMonth":4,"endYear":2008,"endMonth":9,"dataSources":["questionnaires"]}]}]}