{"id":"26f2d9e7-8505-465f-bbc1-57e333d5bcba","name":[{"lang":"en","value":"Prevention of REnal and Vascular ENd-stage Disease"}],"acronym":[{"lang":"en","value":"PREVEND"}],"logo":{"id":"f38da34c-b463-4bc0-8acb-c585e1a343fe","fileName":"prevend.gif","type":"logo","description":[{"lang":"en"}],"lang":"en","justUploaded":true},"investigators":[{"lastName":"Dr. Hans Hillege (University of Groningen)","email":"h.hillege@umcg.nl","dataAccessCommitteeMember":false,"institution":{"name":[{"lang":"en","value":"University of Groningen"}],"address":[]}}],"contacts":[{"lastName":"Dr. Hans Hillege (University of Groningen)","email":"h.hillege@umcg.nl","dataAccessCommitteeMember":false,"institution":{"name":[{"lang":"en","value":"University of Groningen"}],"address":[]}}],"objectives":[{"lang":"en","value":"The PREVEND Study is a prospective, observational cohort study, focussed to assess the\u00a0impact of elevated urinary albumin loss in non-diabetic subjects on future cardiovascular and renal disease. PREVEND\u00a0is an acronym for\u00a0Prevention of\u00a0REnal and\u00a0Vascular\u00a0ENd-stage Disease. This study started with a population survey on the prevalence of micro-albuminuria and generation of a study cohort of the general population. The goal is to monitor this cohort for the long-term development of cardiac-, renal- and peripheral vascular end-stage disease. For that purpose the participants receive\u00a0questionnaires on events and are seen every three\/four years for a survey on cardiac-, renal- and peripheral vascular morbidity."}],"website":"http:\/\/www.prevend.org","specificAuthorization":{"authorized":false,"date":"2012-10-22T00:00:00-04:00"},"maelstromAuthorization":{"authorized":true,"date":"2012-10-22T00:00:00-04:00"},"methods":{"designs":["cohort_study"],"recruitments":["individuals"],"info":[{"lang":"en","value":"Of the 85,421 subjects invited 40,856 responded (=48%) . We invited all consenting subjects with a morning urinary albumin concentration (UAC) of >10 mg\/L (n=7,768) and an a-select sample of those with an UAC <10 mg\/L (n=3,395) for further studies . Of these invitees 8,592 subjects completed the first screening, that was held in 1997\/1998"}]},"numberOfParticipants":{"participant":{"noLimit":false,"number":8592},"sample":{"noLimit":false,"number":8592},"info":[{"lang":"en","value":" "}]},"access":["data","biosamples"],"markerPaper":"Urinary albumin excretion is associated with renal functional abnormalities in a nondiabetic population. Pinto-Sietsma SJ, Janssen WM, Hillege HL, Navis G, De Zeeuw D, De Jong PE. J Am Soc Nephrol. 2000 Oct;11(10):1882-8","pubmedId":"11004219","populations":[{"id":"ca0efe54-f507-46e0-b268-f50188b3f5d5","name":[{"lang":"en","value":"PREVEND cohort"}],"description":[{"lang":"en","value":"The Prevend cohort is enriched for the presence of an elevated urinary albumin excretion (UAE). The population is formed of Groningen inhabitants aged 28 to 75 years, who agreed to give a morning urine and to answer a short questionnaire. Of the 85,421 subjects invited to participate, 40,856 responded. The final sample is constisted of 8,592 consenting subjects with a morning urinary albumin concentration (UAC) of >10 mg\/L and an a-select sample of those with an UAC <10 mg\/L who completed the first screening. Pregnant women and participants with diabetes mellitus were excluded."}],"recruitment":{"dataSources":["general"],"generalPopulationSources":["volunteer"]},"selectionCriteria":{"ageMin":18,"ageMax":75,"countriesIso":["NLD"],"ethnicOrigin":[{"localizedStrings":[{"lang":"en","value":"Caucasian"}]}]},"numberOfParticipants":{"participant":{"noLimit":false,"number":8592},"sample":{"noLimit":false,"number":8592}},"dataCollectionEvents":[{"id":"14d1c995-45b6-4ee6-b7c9-086dbf695b4f","name":[{"lang":"en","value":"NC1"}],"description":[{"lang":"en","value":"<p><span>The subjects were seen for two visits at the out-patient unit.&nbsp;They answered an extensive&nbsp;questionnaire, had anthropometric measurements being performed, blood pressure was&nbsp;measured twice for ten minutes in supine position by Dynamap, and ankle-brachial index&nbsp;was calculated. Fasting blood samples were drawn, 24-hour urine was collected for two&nbsp;consecutive days and an electrocardiogram was performed.<\/span><\/p>\r\n"}],"startYear":1997,"startMonth":1,"endYear":1998,"endMonth":12,"dataSources":["questionnaires","physical_measures","biological_samples"],"bioSamples":["blood","urine"]},{"id":"2dd48d9c-3e63-4b1a-a5b1-496a956c7eaf","name":[{"lang":"en","value":"Second screening"}],"description":[{"lang":"en","value":"<p><span style=\"color: rgb(73, 89, 97); font-family: 'Helvetica Neue', Helvetica, Arial, sans-serif; line-height: 16.25px;\">First follow-up of the participants. The same data are collected as in the baseline screening. In addition,&nbsp;a PortaPres measurement and a bodyimpedance-measurement have been performed, and subjects also answered a questionnaire&nbsp;on neuroticism (the Eysenck Personality Questionnaire Revised) and on somatic and&nbsp;psychiatric ill-health (the General Health Questionnaire).<\/span><\/p>\r\n"}],"startYear":2001,"startMonth":1,"endYear":2003,"endMonth":12,"dataSources":["questionnaires","physical_measures","biological_samples"],"bioSamples":["blood","urine"]},{"id":"581c0e60-5e63-4bd9-ab8e-54b33cc736c9","name":[{"lang":"en","value":"Third screening"}],"description":[{"lang":"en","value":"<p><span style=\"color: rgb(73, 89, 97); font-family: 'Helvetica Neue', Helvetica, Arial, sans-serif; line-height: 16.25px;\">Second follow-up of the participants. The same data are collected as in the second screening. In addition,&nbsp;cognitive functioning is being measured using the RFFT (Ruff Figural Fluency Test) (Berning&nbsp;et al, Assessment 1998;5:181-186, Ross et al, Arch Clin Neuropsychol 2003;18:879-891)&nbsp;and mild anterograde amnesia as early sign of developing dementia of the Alzheimer type using the VAT (Visual Association Test) (Lindeboom et al, J Neurol Neurosurg Psyciatr&nbsp;2002;73:126-133).<\/span><\/p>\r\n"}],"startYear":2003,"startMonth":1,"endYear":2006,"endMonth":12,"dataSources":["questionnaires","physical_measures","biological_samples"],"bioSamples":["blood","urine"]},{"id":"8c88f22c-0402-45fe-84a8-4a95cb5d2538","name":[{"lang":"en","value":"Fourth Screening"}],"description":[{"lang":"en","value":"<p>To be completed...<\/p>\r\n"}],"startYear":2009,"startMonth":1,"endMonth":12}]}]}