<variables>
  <variable name="AGE_RECRUITMENT_SR" valueType="integer" entityType="Participant" unit="" mimeType="" referencedEntityType="" index="0">
    <attributes>
      <attribute name="uuid" namespace="maelstrom" valueType="text">439b88a6-2d4b-4aeb-b565-e10e7ea69598</attribute>
      <attribute name="label" valueType="text" locale="en">Age</attribute>
      <attribute name="description" namespace="maelstrom" valueType="text" locale="en">Participant&apos;s age at recruitment self reported by the participant.
</attribute>
      <attribute name="sociodemographic_characteristics" namespace="maelstrom" valueType="text" locale="en">Age/Birth date</attribute>
    </attributes>
    <categories>
      <category name="999" missing="true">
        <attributes>
          <attribute name="label" valueType="text" locale="en">Missing</attribute>
        </attributes>
      </category>
    </categories>
  </variable>
  <variable name="GENDER" valueType="text" entityType="Participant" unit="" mimeType="" referencedEntityType="" index="0">
    <attributes>
      <attribute name="uuid" namespace="maelstrom" valueType="text">27cbe71a-de63-4aa5-9166-73650bb64b7e</attribute>
      <attribute name="label" valueType="text" locale="en">Sex</attribute>
      <attribute name="description" namespace="maelstrom" valueType="text" locale="en">Gender of the participant.
</attribute>
      <attribute name="sociodemographic_characteristics" namespace="maelstrom" valueType="text" locale="en">Gender</attribute>
    </attributes>
    <categories>
      <category name="0">
        <attributes>
          <attribute name="label" valueType="text" locale="en">Male</attribute>
        </attributes>
      </category>
      <category name="1">
        <attributes>
          <attribute name="label" valueType="text" locale="en">Female</attribute>
        </attributes>
      </category>
      <category name="9">
        <attributes>
          <attribute name="label" valueType="text" locale="en">Missing</attribute>
        </attributes>
      </category>
    </categories>
  </variable>
  <variable name="LOB" valueType="text" entityType="Participant" unit="" mimeType="" referencedEntityType="" index="0">
    <attributes>
      <attribute name="uuid" namespace="maelstrom" valueType="text">22cf4e92-b7a6-4695-82be-75d7a2aba82f</attribute>
      <attribute name="label" valueType="text" locale="en">Country of Birth</attribute>
      <attribute name="description" namespace="maelstrom" valueType="text" locale="en">Country where the participant was born.
</attribute>
      <attribute name="sociodemographic_characteristics" namespace="maelstrom" valueType="text" locale="en">Birth location</attribute>
    </attributes>
    <categories>
      <category name="9" missing="true">
        <attributes>
          <attribute name="label" valueType="text" locale="en">Missing</attribute>
        </attributes>
      </category>
    </categories>
  </variable>
  <variable name="EDU_HIGHEST_LEVEL" valueType="text" entityType="Participant" unit="" mimeType="" referencedEntityType="" index="0">
    <attributes>
      <attribute name="uuid" namespace="maelstrom" valueType="text">b255879a-78cb-44a0-90ee-32addff8f9ab</attribute>
      <attribute name="label" valueType="text" locale="en">Highest Level of Education</attribute>
      <attribute name="description" namespace="maelstrom" valueType="text" locale="en">Highest level of education completed by the participant.
</attribute>
      <attribute name="sociodemographic_characteristics" namespace="maelstrom" valueType="text" locale="en">Education level</attribute>
    </attributes>
    <categories>
      <category name="0">
        <attributes>
          <attribute name="label" valueType="text" locale="en">No education level</attribute>
        </attributes>
      </category>
      <category name="1">
        <attributes>
          <attribute name="label" valueType="text" locale="en">At least some primary education completed</attribute>
        </attributes>
      </category>
      <category name="2">
        <attributes>
          <attribute name="label" valueType="text" locale="en">At least some secondary education completed</attribute>
        </attributes>
      </category>
      <category name="3">
        <attributes>
          <attribute name="label" valueType="text" locale="en">At least some post-secondary non-tertiary completed</attribute>
        </attributes>
      </category>
      <category name="4">
        <attributes>
          <attribute name="label" valueType="text" locale="en">At least some tertiary education completed</attribute>
        </attributes>
      </category>
      <category name="9" missing="true">
        <attributes>
          <attribute name="label" valueType="text" locale="en">Missing</attribute>
        </attributes>
      </category>
    </categories>
  </variable>
  <variable name="EDU_YRS_NBR" valueType="integer" entityType="Participant" unit="" mimeType="" referencedEntityType="" index="0">
    <attributes>
      <attribute name="uuid" namespace="maelstrom" valueType="text">3ef2e743-633f-4e2d-a7c8-6172c4dc116e</attribute>
      <attribute name="label" valueType="text" locale="en">Number of Years Education</attribute>
      <attribute name="description" namespace="maelstrom" valueType="text" locale="en">Number of years of education
</attribute>
      <attribute name="sociodemographic_characteristics" namespace="maelstrom" valueType="text" locale="en">Education level</attribute>
    </attributes>
    <categories>
      <category name="99" missing="true">
        <attributes>
          <attribute name="label" valueType="text" locale="en">Missing</attribute>
        </attributes>
      </category>
    </categories>
  </variable>
  <variable name="INCOME_AVG" valueType="decimal" entityType="Participant" unit="" mimeType="" referencedEntityType="" index="0">
    <attributes>
      <attribute name="uuid" namespace="maelstrom" valueType="text">24eba46a-a3f2-4e59-91a1-cc9627997339</attribute>
      <attribute name="label" valueType="text" locale="en">Household Income</attribute>
      <attribute name="description" namespace="maelstrom" valueType="text" locale="en">Average current annual income, before taxes, of the participant&apos;s entire household.
</attribute>
      <attribute name="sociodemographic_characteristics" namespace="maelstrom" valueType="text" locale="en">Income</attribute>
    </attributes>
    <categories>
      <category name=""/>
    </categories>
  </variable>
  <variable name="INCOME_CAT" valueType="text" entityType="Participant" unit="" mimeType="" referencedEntityType="" index="0">
    <attributes>
      <attribute name="uuid" namespace="maelstrom" valueType="text">bc5ffc08-8c77-4f80-a44e-6515b41384f6</attribute>
      <attribute name="label" valueType="text" locale="en">Household Income Categorical</attribute>
      <attribute name="description" namespace="maelstrom" valueType="text" locale="en">Average current annual income, before taxes, of the participant&apos;s entire household based on CSHA categories. 
</attribute>
      <attribute name="sociodemographic_characteristics" namespace="maelstrom" valueType="text" locale="en">Income</attribute>
    </attributes>
    <categories>
      <category name="0">
        <attributes>
          <attribute name="label" valueType="text" locale="en">&gt;$10k</attribute>
        </attributes>
      </category>
      <category name="1">
        <attributes>
          <attribute name="label" valueType="text" locale="en">$10k to $14,999</attribute>
        </attributes>
      </category>
      <category name="2">
        <attributes>
          <attribute name="label" valueType="text" locale="en">$15k to $19,999</attribute>
        </attributes>
      </category>
      <category name="3">
        <attributes>
          <attribute name="label" valueType="text" locale="en">$20k to $24,999</attribute>
        </attributes>
      </category>
      <category name="4">
        <attributes>
          <attribute name="label" valueType="text" locale="en">$25k to $29,999</attribute>
        </attributes>
      </category>
      <category name="5">
        <attributes>
          <attribute name="label" valueType="text" locale="en">$30k to $34,999</attribute>
        </attributes>
      </category>
      <category name="6">
        <attributes>
          <attribute name="label" valueType="text" locale="en">$35k to $39,999</attribute>
        </attributes>
      </category>
      <category name="7">
        <attributes>
          <attribute name="label" valueType="text" locale="en">$40k to $44,999</attribute>
        </attributes>
      </category>
      <category name="8">
        <attributes>
          <attribute name="label" valueType="text" locale="en">$45k to $49,999</attribute>
        </attributes>
      </category>
      <category name="9">
        <attributes>
          <attribute name="label" valueType="text" locale="en">$50k to $59,999</attribute>
        </attributes>
      </category>
      <category name="10">
        <attributes>
          <attribute name="label" valueType="text" locale="en">$60k to $69,999</attribute>
        </attributes>
      </category>
      <category name="11">
        <attributes>
          <attribute name="label" valueType="text" locale="en">$70k and more</attribute>
        </attributes>
      </category>
      <category name="99" missing="true">
        <attributes>
          <attribute name="label" valueType="text" locale="en">Missing</attribute>
        </attributes>
      </category>
    </categories>
  </variable>
  <variable name="SMK_CIG_EVER" valueType="text" entityType="Participant" unit="" mimeType="" referencedEntityType="" index="0">
    <attributes>
      <attribute name="uuid" namespace="maelstrom" valueType="text">e33ea0c7-1c51-4740-8697-6a16cda6b80f</attribute>
      <attribute name="label" valueType="text" locale="en">Ever Smoked Cigarettes</attribute>
      <attribute name="description" namespace="maelstrom" valueType="text" locale="en">Indicator of whether the participant has ever smoked cigarettes.
</attribute>
      <attribute name="life_habits_behaviours" namespace="maelstrom" valueType="text" locale="en">Tobacco use</attribute>
    </attributes>
    <categories>
      <category name="0">
        <attributes>
          <attribute name="label" valueType="text" locale="en">Never smoked cigarettes</attribute>
        </attributes>
      </category>
      <category name="1">
        <attributes>
          <attribute name="label" valueType="text" locale="en">Has smoked cigarettes</attribute>
        </attributes>
      </category>
      <category name="9" missing="true">
        <attributes>
          <attribute name="label" valueType="text" locale="en">Missing</attribute>
        </attributes>
      </category>
    </categories>
  </variable>
  <variable name="SMK_CIG_CURRENT" valueType="text" entityType="Participant" unit="" mimeType="" referencedEntityType="" index="0">
    <attributes>
      <attribute name="uuid" namespace="maelstrom" valueType="text">59653ef9-eb9b-4778-bb08-ab50ba315e97</attribute>
      <attribute name="label" valueType="text" locale="en">Current Cigarettes Smoker</attribute>
      <attribute name="description" namespace="maelstrom" valueType="text" locale="en">Indicator of whether the participant currently smokes cigarettes.
</attribute>
      <attribute name="life_habits_behaviours" namespace="maelstrom" valueType="text" locale="en">Tobacco use</attribute>
    </attributes>
    <categories>
      <category name="0">
        <attributes>
          <attribute name="label" valueType="text" locale="en">Non-cigarettte smoker</attribute>
        </attributes>
      </category>
      <category name="1">
        <attributes>
          <attribute name="label" valueType="text" locale="en">Cigarette smoker</attribute>
        </attributes>
      </category>
      <category name="9" missing="true">
        <attributes>
          <attribute name="label" valueType="text" locale="en">Missing</attribute>
        </attributes>
      </category>
    </categories>
  </variable>
  <variable name="SMK_CIG_WK_QTY" valueType="integer" entityType="Participant" unit="" mimeType="" referencedEntityType="" index="0">
    <attributes>
      <attribute name="uuid" namespace="maelstrom" valueType="text">f94c1f3c-de1e-4cb4-aa97-56c28c32e43d</attribute>
      <attribute name="label" valueType="text" locale="en">Current Quantity of Cigarettes Smoked</attribute>
      <attribute name="description" namespace="maelstrom" valueType="text" locale="en">Current average number of cigarettes smoked per week.
</attribute>
      <attribute name="life_habits_behaviours" namespace="maelstrom" valueType="text" locale="en">Tobacco use</attribute>
    </attributes>
    <categories>
      <category name="999" missing="true">
        <attributes>
          <attribute name="label" valueType="text" locale="en">Missing</attribute>
        </attributes>
      </category>
    </categories>
  </variable>
  <variable name="ALC_EVER" valueType="text" entityType="Participant" unit="" mimeType="" referencedEntityType="" index="0">
    <attributes>
      <attribute name="uuid" namespace="maelstrom" valueType="text">a51eab49-297f-44ea-9210-f134bbaf2e01</attribute>
      <attribute name="label" valueType="text" locale="en">Ever Alcohol Consumption</attribute>
      <attribute name="description" namespace="maelstrom" valueType="text" locale="en">Indicator of whether the participant has ever consumed alcohol.
</attribute>
      <attribute name="life_habits_behaviours" namespace="maelstrom" valueType="text" locale="en">Alcohol use</attribute>
    </attributes>
    <categories>
      <category name="0">
        <attributes>
          <attribute name="label" valueType="text" locale="en">Never consumed alcohol</attribute>
        </attributes>
      </category>
      <category name="1">
        <attributes>
          <attribute name="label" valueType="text" locale="en">Has consumed alcohol</attribute>
        </attributes>
      </category>
      <category name="9" missing="true">
        <attributes>
          <attribute name="label" valueType="text" locale="en">Missing</attribute>
        </attributes>
      </category>
    </categories>
  </variable>
  <variable name="ALC_CURRENT" valueType="text" entityType="Participant" unit="" mimeType="" referencedEntityType="" index="0">
    <attributes>
      <attribute name="uuid" namespace="maelstrom" valueType="text">c8543798-12a5-4563-8c6a-64e36e441bba</attribute>
      <attribute name="label" valueType="text" locale="en">Current Use Alcohol</attribute>
      <attribute name="description" namespace="maelstrom" valueType="text" locale="en">Indicator of whether the participant currently consumes alcohol.
</attribute>
      <attribute name="life_habits_behaviours" namespace="maelstrom" valueType="text" locale="en">Alcohol use</attribute>
    </attributes>
    <categories>
      <category name="0">
        <attributes>
          <attribute name="label" valueType="text" locale="en">Does not consume alcohol</attribute>
        </attributes>
      </category>
      <category name="1">
        <attributes>
          <attribute name="label" valueType="text" locale="en">Consumes alcohol</attribute>
        </attributes>
      </category>
      <category name="9" missing="true">
        <attributes>
          <attribute name="label" valueType="text" locale="en">Missing</attribute>
        </attributes>
      </category>
    </categories>
  </variable>
  <variable name="PM_STANDING_HEIGHT" valueType="decimal" entityType="Participant" unit="" mimeType="" referencedEntityType="" index="0">
    <attributes>
      <attribute name="uuid" namespace="maelstrom" valueType="text">7f33a826-809f-49a7-9bfc-5e58c9ac24cb</attribute>
      <attribute name="label" valueType="text" locale="en">Standing Height</attribute>
      <attribute name="description" namespace="maelstrom" valueType="text" locale="en">The vertical measurement or distance from the foot to the head of the participant when he/she is standing.
</attribute>
      <attribute name="anthropometric_structures" namespace="maelstrom" valueType="text" locale="en">Standing height</attribute>
    </attributes>
    <categories>
      <category name="999" missing="true">
        <attributes>
          <attribute name="label" valueType="text" locale="en">Missing</attribute>
        </attributes>
      </category>
    </categories>
  </variable>
  <variable name="PM_WEIGHT" valueType="decimal" entityType="Participant" unit="" mimeType="" referencedEntityType="" index="0">
    <attributes>
      <attribute name="uuid" namespace="maelstrom" valueType="text">87309461-bf68-4af1-90de-5ebe2674f4a7</attribute>
      <attribute name="label" valueType="text" locale="en">Weight</attribute>
      <attribute name="description" namespace="maelstrom" valueType="text" locale="en">Weight of the participant.
</attribute>
      <attribute name="anthropometric_structures" namespace="maelstrom" valueType="text" locale="en">Weight</attribute>
    </attributes>
    <categories>
      <category name="999" missing="true">
        <attributes>
          <attribute name="label" valueType="text" locale="en">Missing</attribute>
        </attributes>
      </category>
    </categories>
  </variable>
  <variable name="PM_BMI" valueType="decimal" entityType="Participant" unit="" mimeType="" referencedEntityType="" index="0">
    <attributes>
      <attribute name="uuid" namespace="maelstrom" valueType="text">d55b8294-9393-4f5e-9e55-f5b54f21c384</attribute>
      <attribute name="label" valueType="text" locale="en">Body Mass Index</attribute>
      <attribute name="description" namespace="maelstrom" valueType="text" locale="en">Weight (in kg) divided by height (in m) squared.
Body mass index = (Weight) / (Standing height * 0.01)^2
</attribute>
      <attribute name="anthropometric_structures" namespace="maelstrom" valueType="text" locale="en">Height</attribute>
      <attribute name="anthropometric_structures" namespace="maelstrom" valueType="text" locale="en">Weight</attribute>
    </attributes>
    <categories>
      <category name="999" missing="true">
        <attributes>
          <attribute name="label" valueType="text" locale="en">Missing</attribute>
        </attributes>
      </category>
    </categories>
  </variable>
  <variable name="PM_HIP" valueType="decimal" entityType="Participant" unit="" mimeType="" referencedEntityType="" index="0">
    <attributes>
      <attribute name="uuid" namespace="maelstrom" valueType="text">b8c81faf-71c6-445b-98b6-5a3c81977b62</attribute>
      <attribute name="label" valueType="text" locale="en">Hip Circumference</attribute>
      <attribute name="description" namespace="maelstrom" valueType="text" locale="en">Measured distance around hips.
</attribute>
      <attribute name="anthropometric_structures" namespace="maelstrom" valueType="text" locale="en">Hip circumference</attribute>
    </attributes>
    <categories>
      <category name="999" missing="true">
        <attributes>
          <attribute name="label" valueType="text" locale="en">Missing</attribute>
        </attributes>
      </category>
    </categories>
  </variable>
  <variable name="PM_WAIST" valueType="decimal" entityType="Participant" unit="" mimeType="" referencedEntityType="" index="0">
    <attributes>
      <attribute name="uuid" namespace="maelstrom" valueType="text">c0d1f926-0a0f-4512-8586-b88933d967e0</attribute>
      <attribute name="label" valueType="text" locale="en">Waist Circumference</attribute>
      <attribute name="description" namespace="maelstrom" valueType="text" locale="en">Measured distance around waist.
</attribute>
      <attribute name="anthropometric_structures" namespace="maelstrom" valueType="text" locale="en">Waist circumference</attribute>
    </attributes>
    <categories>
      <category name="999" missing="true">
        <attributes>
          <attribute name="label" valueType="text" locale="en">Missing</attribute>
        </attributes>
      </category>
    </categories>
  </variable>
  <variable name="PM_HR_REST" valueType="integer" entityType="Participant" unit="" mimeType="" referencedEntityType="" index="0">
    <attributes>
      <attribute name="uuid" namespace="maelstrom" valueType="text">39543ed4-93e1-404c-8b7a-d4619c00ba41</attribute>
      <attribute name="label" valueType="text" locale="en">Heart Rate at Rest</attribute>
      <attribute name="description" namespace="maelstrom" valueType="text" locale="en">Number of heart beats per minute measured at rest.
</attribute>
      <attribute name="body_functions" namespace="maelstrom" valueType="text" locale="en">Heart rate at rest</attribute>
    </attributes>
    <categories>
      <category name="999" missing="true">
        <attributes>
          <attribute name="label" valueType="text" locale="en">Missing</attribute>
        </attributes>
      </category>
    </categories>
  </variable>
  <variable name="PM_DBP_REST" valueType="integer" entityType="Participant" unit="" mimeType="" referencedEntityType="" index="0">
    <attributes>
      <attribute name="uuid" namespace="maelstrom" valueType="text">016eaadc-8a88-492c-bef0-daf396c8dfa6</attribute>
      <attribute name="label" valueType="text" locale="en">Diastolic Blood Pressure at Rest</attribute>
      <attribute name="description" namespace="maelstrom" valueType="text" locale="en">Diastolic blood pressure measured at rest.
</attribute>
      <attribute name="body_functions" namespace="maelstrom" valueType="text" locale="en">Blood pressure functions</attribute>
    </attributes>
    <categories>
      <category name="999" missing="true">
        <attributes>
          <attribute name="label" valueType="text" locale="en">Missing</attribute>
        </attributes>
      </category>
    </categories>
  </variable>
  <variable name="PM_SBP_REST" valueType="integer" entityType="Participant" unit="" mimeType="" referencedEntityType="" index="0">
    <attributes>
      <attribute name="uuid" namespace="maelstrom" valueType="text">34337371-601f-4288-905c-4705ba87688f</attribute>
      <attribute name="label" valueType="text" locale="en">Systolic Blood Pressure at Rest</attribute>
      <attribute name="description" namespace="maelstrom" valueType="text" locale="en">Systolic blood pressure measured at rest.
</attribute>
      <attribute name="body_functions" namespace="maelstrom" valueType="text" locale="en">Blood pressure functions</attribute>
    </attributes>
    <categories>
      <category name="999" missing="true">
        <attributes>
          <attribute name="label" valueType="text" locale="en">Missing</attribute>
        </attributes>
      </category>
    </categories>
  </variable>
  <variable name="DIS_HBP_EVER" valueType="text" entityType="Participant" unit="" mimeType="" referencedEntityType="" index="0">
    <attributes>
      <attribute name="uuid" namespace="maelstrom" valueType="text">d422f127-cc61-4e3c-93fb-9acea4d7d0a1</attribute>
      <attribute name="label" valueType="text" locale="en">Occurrence of High Blood Pressure</attribute>
      <attribute name="description" namespace="maelstrom" valueType="text" locale="en">Occurrence of high blood pressure at any point during the life of the participant.
</attribute>
      <attribute name="disease_history" namespace="maelstrom" valueType="text" locale="en">Diseases of the circulatory system</attribute>
    </attributes>
    <categories>
      <category name="0">
        <attributes>
          <attribute name="label" valueType="text" locale="en">Never had high blood pressure</attribute>
        </attributes>
      </category>
      <category name="1">
        <attributes>
          <attribute name="label" valueType="text" locale="en">Has had high blood pressure</attribute>
        </attributes>
      </category>
      <category name="9" missing="true">
        <attributes>
          <attribute name="label" valueType="text" locale="en">Missing</attribute>
        </attributes>
      </category>
    </categories>
  </variable>
  <variable name="MEDI_HBP_CURRENT" valueType="text" entityType="Participant" unit="" mimeType="" referencedEntityType="" index="0">
    <attributes>
      <attribute name="uuid" namespace="maelstrom" valueType="text">f6182f76-7247-4c64-991f-d974b774b139</attribute>
      <attribute name="label" valueType="text" locale="en">Current Treatment for High Blood Pressure</attribute>
      <attribute name="description" namespace="maelstrom" valueType="text" locale="en">Indicator of whether the participant is currently treated for high blood pressure.
</attribute>
      <attribute name="disease_history" namespace="maelstrom" valueType="text" locale="en">Diseases of the circulatory system</attribute>
      <attribute name="medication" namespace="maelstrom" valueType="text" locale="en">Cardiovascular system</attribute>
    </attributes>
    <categories>
      <category name="0">
        <attributes>
          <attribute name="label" valueType="text" locale="en">Not currently under treatment for high blood pressure</attribute>
        </attributes>
      </category>
      <category name="1">
        <attributes>
          <attribute name="label" valueType="text" locale="en">Currently under treatment for high blood pressure</attribute>
        </attributes>
      </category>
      <category name="9" missing="true">
        <attributes>
          <attribute name="label" valueType="text" locale="en">Missing</attribute>
        </attributes>
      </category>
    </categories>
  </variable>
  <variable name="DIS_CVA_EVER" valueType="text" entityType="Participant" unit="" mimeType="" referencedEntityType="" index="0">
    <attributes>
      <attribute name="uuid" namespace="maelstrom" valueType="text">0f96033b-cef9-4d3a-90db-37a1fc0e6722</attribute>
      <attribute name="label" valueType="text" locale="en">Occurrence of Stroke</attribute>
      <attribute name="description" namespace="maelstrom" valueType="text" locale="en">Occurrence of stroke at any point during the life of the participant.
</attribute>
      <attribute name="disease_history" namespace="maelstrom" valueType="text" locale="en">Diseases of the circulatory system</attribute>
    </attributes>
    <categories>
      <category name="0">
        <attributes>
          <attribute name="label" valueType="text" locale="en">Never had stroke</attribute>
        </attributes>
      </category>
      <category name="1">
        <attributes>
          <attribute name="label" valueType="text" locale="en">Has had stroke</attribute>
        </attributes>
      </category>
      <category name="9" missing="true">
        <attributes>
          <attribute name="label" valueType="text" locale="en">Missing</attribute>
        </attributes>
      </category>
    </categories>
  </variable>
  <variable name="DIS_DIAB_EVER" valueType="text" entityType="Participant" unit="" mimeType="" referencedEntityType="" index="0">
    <attributes>
      <attribute name="uuid" namespace="maelstrom" valueType="text">96cfabe8-6745-4998-b55d-94aa008190c3</attribute>
      <attribute name="label" valueType="text" locale="en">Occurrence of Diabetes</attribute>
      <attribute name="description" namespace="maelstrom" valueType="text" locale="en">Occurrence of diabetes at any point during the life of the participant.
</attribute>
      <attribute name="disease_history" namespace="maelstrom" valueType="text" locale="en">Endocrine, nutritional and metabolic diseases</attribute>
    </attributes>
    <categories>
      <category name="0">
        <attributes>
          <attribute name="label" valueType="text" locale="en">Never had diabetes</attribute>
        </attributes>
      </category>
      <category name="1">
        <attributes>
          <attribute name="label" valueType="text" locale="en">Has had diabetes</attribute>
        </attributes>
      </category>
      <category name="9" missing="true">
        <attributes>
          <attribute name="label" valueType="text" locale="en">Missing</attribute>
        </attributes>
      </category>
    </categories>
  </variable>
  <variable name="DIS_MI_EVER" valueType="text" entityType="Participant" unit="" mimeType="" referencedEntityType="" index="0">
    <attributes>
      <attribute name="uuid" namespace="maelstrom" valueType="text">d56a2c5b-e900-4f0f-9db5-fbdb1878fb69</attribute>
      <attribute name="label" valueType="text" locale="en">Occurrence of Myocardial Infarction</attribute>
      <attribute name="description" namespace="maelstrom" valueType="text" locale="en">Occurence of myocardial infarction at any point during the life of the participant
</attribute>
      <attribute name="disease_history" namespace="maelstrom" valueType="text" locale="en">Diseases of the circulatory system</attribute>
    </attributes>
    <categories>
      <category name="0">
        <attributes>
          <attribute name="label" valueType="text" locale="en">Never had myocardial infarction</attribute>
        </attributes>
      </category>
      <category name="1">
        <attributes>
          <attribute name="label" valueType="text" locale="en">Has had myocardial infarction</attribute>
        </attributes>
      </category>
      <category name="9" missing="true">
        <attributes>
          <attribute name="label" valueType="text" locale="en">Missing</attribute>
        </attributes>
      </category>
    </categories>
  </variable>
  <variable name="DIS_FAMILY_HBP_EVER" valueType="text" entityType="Participant" unit="" mimeType="" referencedEntityType="" index="0">
    <attributes>
      <attribute name="uuid" namespace="maelstrom" valueType="text">e7153426-a492-44ac-8117-664c2f3a4c90</attribute>
      <attribute name="label" valueType="text" locale="en">Family History of High Blood Pressure</attribute>
      <attribute name="description" namespace="maelstrom" valueType="text" locale="en">Occurrence of high blood pressure amongst members of the biological family of the participant (mother, father, siblings and children).
</attribute>
      <attribute name="disease_history" namespace="maelstrom" valueType="text" locale="en">Diseases of the circulatory system</attribute>
      <attribute name="target" namespace="maelstrom" valueType="text" locale="en">Participant&apos;s relative(s)</attribute>
    </attributes>
    <categories>
      <category name="0">
        <attributes>
          <attribute name="label" valueType="text" locale="en">No family history of high blood pressure</attribute>
        </attributes>
      </category>
      <category name="1">
        <attributes>
          <attribute name="label" valueType="text" locale="en">Family history of high blood pressure</attribute>
        </attributes>
      </category>
      <category name="9" missing="true">
        <attributes>
          <attribute name="label" valueType="text" locale="en">Missing</attribute>
        </attributes>
      </category>
    </categories>
  </variable>
  <variable name="DIS_FAMILY_CVA_EVER" valueType="text" entityType="Participant" unit="" mimeType="" referencedEntityType="" index="0">
    <attributes>
      <attribute name="uuid" namespace="maelstrom" valueType="text">d125cd85-a09b-49fd-b8d5-9086ee64cea4</attribute>
      <attribute name="label" valueType="text" locale="en">Family History of Stroke</attribute>
      <attribute name="description" namespace="maelstrom" valueType="text" locale="en">Occurrence of stroke amongst members of the biological family of the participant (mother, father, siblings and children).
</attribute>
      <attribute name="disease_history" namespace="maelstrom" valueType="text" locale="en">Diseases of the circulatory system</attribute>
      <attribute name="target" namespace="maelstrom" valueType="text" locale="en">Participant&apos;s relative(s)</attribute>
    </attributes>
    <categories>
      <category name="0">
        <attributes>
          <attribute name="label" valueType="text" locale="en">No family history of stroke</attribute>
        </attributes>
      </category>
      <category name="1">
        <attributes>
          <attribute name="label" valueType="text" locale="en">Family history of stroke</attribute>
        </attributes>
      </category>
      <category name="9" missing="true">
        <attributes>
          <attribute name="label" valueType="text" locale="en">Missing</attribute>
        </attributes>
      </category>
    </categories>
  </variable>
  <variable name="DIS_FAMILY_DIAB_EVER" valueType="text" entityType="Participant" unit="" mimeType="" referencedEntityType="" index="0">
    <attributes>
      <attribute name="uuid" namespace="maelstrom" valueType="text">a43b3e54-2c9a-44c5-ad39-ba35c0937e75</attribute>
      <attribute name="label" valueType="text" locale="en">Family History of Diabetes</attribute>
      <attribute name="description" namespace="maelstrom" valueType="text" locale="en">Occurrence of diabetes amongst members of the biological family of the participant (mother, father, siblings and children).
</attribute>
      <attribute name="disease_history" namespace="maelstrom" valueType="text" locale="en">Endocrine, nutritional and metabolic diseases</attribute>
      <attribute name="target" namespace="maelstrom" valueType="text" locale="en">Participant&apos;s relative(s)</attribute>
    </attributes>
    <categories>
      <category name="0">
        <attributes>
          <attribute name="label" valueType="text" locale="en">No family history of diabetes</attribute>
        </attributes>
      </category>
      <category name="1">
        <attributes>
          <attribute name="label" valueType="text" locale="en">Family history of diabetes</attribute>
        </attributes>
      </category>
      <category name="9" missing="true">
        <attributes>
          <attribute name="label" valueType="text" locale="en">Missing</attribute>
        </attributes>
      </category>
    </categories>
  </variable>
  <variable name="DIS_FAMILY_MI_EVER" valueType="text" entityType="Participant" unit="" mimeType="" referencedEntityType="" index="0">
    <attributes>
      <attribute name="uuid" namespace="maelstrom" valueType="text">b5b66939-ee7b-481d-89df-bd00bd814ab3</attribute>
      <attribute name="label" valueType="text" locale="en">Family History of Myocardial Infarction</attribute>
      <attribute name="description" namespace="maelstrom" valueType="text" locale="en">Occurrence of myocardial infarction amongst members of the biological family of the participant (mother, father, siblings and children).
</attribute>
      <attribute name="disease_history" namespace="maelstrom" valueType="text" locale="en">Diseases of the circulatory system</attribute>
      <attribute name="target" namespace="maelstrom" valueType="text" locale="en">Participant&apos;s relative(s)</attribute>
    </attributes>
    <categories>
      <category name="0">
        <attributes>
          <attribute name="label" valueType="text" locale="en">No family history of myocardial infaction</attribute>
        </attributes>
      </category>
      <category name="1">
        <attributes>
          <attribute name="label" valueType="text" locale="en">Family history of myocardial infarction</attribute>
        </attributes>
      </category>
      <category name="9" missing="true">
        <attributes>
          <attribute name="label" valueType="text" locale="en">Missing</attribute>
        </attributes>
      </category>
    </categories>
  </variable>
  <variable name="PA_LEVEL" valueType="text" entityType="Participant" unit="" mimeType="" referencedEntityType="" index="0">
    <attributes>
      <attribute name="uuid" namespace="maelstrom" valueType="text">d33756db-34cf-4e54-ad40-b8d879aa6d5c</attribute>
      <attribute name="label" valueType="text" locale="en">Level of Physical Activity</attribute>
      <attribute name="description" namespace="maelstrom" valueType="text" locale="en">Categorical indicator of the participant&apos;s level of physical activity.  Based on IPAQ scoring protocol (https://sites.google.com/site/theipaq/scoring-protocol).
</attribute>
      <attribute name="life_habits_behaviours" namespace="maelstrom" valueType="text" locale="en">Physical activity</attribute>
    </attributes>
    <categories>
      <category name="1">
        <attributes>
          <attribute name="label" valueType="text" locale="en">Low level of physical activity</attribute>
        </attributes>
      </category>
      <category name="2">
        <attributes>
          <attribute name="label" valueType="text" locale="en">Moderate level of physical activity</attribute>
        </attributes>
      </category>
      <category name="3">
        <attributes>
          <attribute name="label" valueType="text" locale="en">High level of physical activity</attribute>
        </attributes>
      </category>
      <category name="9" missing="true">
        <attributes>
          <attribute name="label" valueType="text" locale="en">Missing</attribute>
        </attributes>
      </category>
    </categories>
  </variable>
  <variable name="PA_TOTAL" valueType="decimal" entityType="Participant" unit="" mimeType="" referencedEntityType="" index="0">
    <attributes>
      <attribute name="uuid" namespace="maelstrom" valueType="text">ab14c72d-fbc9-4e68-9d5b-ae7c54fe61c9</attribute>
      <attribute name="label" valueType="text" locale="en">Total Physical Activity</attribute>
      <attribute name="description" namespace="maelstrom" valueType="text" locale="en">Quantitative indicator of global physical activity in metabolic equivalent (MET)-minutes per week. Based on IPAQ scoring protocol (https://sites.google.com/site/theipaq/scoring-protocol).
</attribute>
      <attribute name="life_habits_behaviours" namespace="maelstrom" valueType="text" locale="en">Physical activity</attribute>
    </attributes>
    <categories>
      <category name="9999" missing="true">
        <attributes>
          <attribute name="label" valueType="text" locale="en">Missing</attribute>
        </attributes>
      </category>
    </categories>
  </variable>
  <variable name="PA_LEVEL_3CAT" valueType="text" entityType="Participant" unit="" mimeType="" referencedEntityType="" index="0">
    <attributes>
      <attribute name="uuid" namespace="maelstrom" valueType="text">9a278cdb-ced5-444a-84e5-e435641fddd6</attribute>
      <attribute name="label" valueType="text" locale="en">Level of Physical Activity in 3 Categories (using CSHA)</attribute>
      <attribute name="description" namespace="maelstrom" valueType="text" locale="en">Categorical indicator of the participant&apos;s level of physical activity using CSHA categories (ordinal; 3 categories).
</attribute>
      <attribute name="life_habits_behaviours" namespace="maelstrom" valueType="text" locale="en">Physical activity</attribute>
    </attributes>
    <categories>
      <category name="0">
        <attributes>
          <attribute name="label" valueType="text" locale="en">Never</attribute>
        </attributes>
      </category>
      <category name="1">
        <attributes>
          <attribute name="label" valueType="text" locale="en">Low level of physical activity</attribute>
        </attributes>
      </category>
      <category name="2">
        <attributes>
          <attribute name="label" valueType="text" locale="en">Moderate level of physical activity</attribute>
        </attributes>
      </category>
      <category name="3">
        <attributes>
          <attribute name="label" valueType="text" locale="en">High level of physical activity</attribute>
        </attributes>
      </category>
      <category name="9" missing="true">
        <attributes>
          <attribute name="label" valueType="text" locale="en">Missing</attribute>
        </attributes>
      </category>
    </categories>
  </variable>
  <variable name="PA_LEVEL_2CAT" valueType="text" entityType="Participant" unit="" mimeType="" referencedEntityType="" index="0">
    <attributes>
      <attribute name="uuid" namespace="maelstrom" valueType="text">d4c9da02-5d0e-469d-ab4c-1bd4aed0670b</attribute>
      <attribute name="label" valueType="text" locale="en">Level of Physical Activity in 2 categories (using CSHA)</attribute>
      <attribute name="description" namespace="maelstrom" valueType="text" locale="en">Categorical indicator of the participant&apos;s level of physical activity using CSHA categories (binary).
</attribute>
      <attribute name="life_habits_behaviours" namespace="maelstrom" valueType="text" locale="en">Physical activity</attribute>
    </attributes>
    <categories>
      <category name="0">
        <attributes>
          <attribute name="label" valueType="text" locale="en">Never</attribute>
        </attributes>
      </category>
      <category name="1">
        <attributes>
          <attribute name="label" valueType="text" locale="en">Low level of physical activity</attribute>
        </attributes>
      </category>
      <category name="2">
        <attributes>
          <attribute name="label" valueType="text" locale="en">Moderate or High level of physical activity</attribute>
        </attributes>
      </category>
      <category name="9" missing="true">
        <attributes>
          <attribute name="label" valueType="text" locale="en">Missing</attribute>
        </attributes>
      </category>
    </categories>
  </variable>
</variables>