{"id":"4f96ac20-9e9a-4b0f-9f92-cc40408e9ed5","name":[{"lang":"en","value":"Cork and Kerry Diabetes and Heart Disease Study Phase II (Mitchelstown cohort)"}],"investigators":[{"lastName":"Prof. Ivan Perry (University College Cork)","email":"ei.ccu@yrrep.i","phone":"+353 21 4205506","dataAccessCommitteeMember":false,"institution":{"name":[{"lang":"en","value":"University College Cork"}],"address":{"street":[{"lang":"en","value":"Epidemiology & Public Health Room 4.18 Western Gateway Building Western Road"}],"country":{"iso":"IE","name":[{"lang":"en","value":"Ireland"}]}}}}],"contacts":[{"lastName":"Prof. Catherine Phillips (University College Cork)","email":"ei.ccu@spillihp.c","phone":"+353 (0) 21 420 5538","dataAccessCommitteeMember":false,"institution":{"name":[{"lang":"en","value":"University College Cork"}],"address":{"street":[{"lang":"en","value":"Epidemiology & Public Health Room 4.033 Hrb Centre For Diet and Health Research Western Gateway Building"}]}}}],"objectives":[{"lang":"en","value":"<p>A cross-sectional sample of 2,047 middle-aged Irish men and women (Mitchelstown cohort) from patients attending a large&nbsp;<span>primary care centre (LivingHealth Clinic) in Co. Cork, Ireland. This study, which forms part of the Irish Health Research&nbsp;Board (HRB) funded Centre for Health and Diet Research (<\/span><a href=\"http:\/\/www.ucc.ie\/en\/hrbc\/projects\/cluster3\/\" target=\"_blank\">www.ucc.ie\/en\/hrbc\/projects\/cluster3\/<\/a><span>) was designed&nbsp;to examine associations between dietary and lifestyle factors on diabetes and cardiovascular disease risk.&nbsp;<\/span><\/p>\r\n\r\n<p><span>The use of self-administered questionnaires checked by field survey staff for completeness on site, provides data on lifestyle&nbsp;<\/span><span>related behaviour, diet (EPIC study FFQ, adapted for use in the Irish population), socioeconomic status and physical&nbsp;<\/span><span>activity. The physical examination included measurements of height, weight, waist and hip circumference, pelvic width,&nbsp;<\/span><span>blood pressure and a fasting blood sample for measurement of lipid, lipoprotein and inflammatory profiles, glucose and&nbsp;<\/span><span>glycosylated haemoglobin. Data on accelerometry and ambulatory blood pressure on a subsample have been collected.<\/span><\/p>\r\n"}],"website":"http:\/\/www.ucc.ie\/en\/hrbc\/projects\/cluster3\/","specificAuthorization":{"authorized":false,"date":"1969-12-31T19:00:00-05:00"},"maelstromAuthorization":{"authorized":true,"authorizer":"Dr Catherine Phillips","date":"2013-09-13T00:00:00-04:00"},"methods":{"designs":["cohort_study","cross_sectional"],"followUpInfo":[{"lang":"en","value":"<p>Follow-up of the Mitchelstown cohort is planned to commence in 2014\/2015<\/p>\r\n"}],"recruitments":["individuals"]},"numberOfParticipants":{"participant":{"noLimit":false,"number":2047},"sample":{"noLimit":false,"number":2047},"info":[{"lang":"en","value":"<p>In 2011, recruitment was completed on a cohort of 2047 men and women aged 50\u201369 years from patients attending a single large primary care centre, the Living Health Clinic in Mitchelstown, a town with a population of &gt;3000 in county Cork. The Living Health clinic includes eight GPs, and the practice serves a catchment area of 20 000, with a mix of urban and rural residents. Participants were randomly selected from all registered attending patients in the 50\u201369-year age group. In total, 3807 potential participants were selected from the practice list, and after exclusion of duplicates, deaths and ineligibles, 3043 were invited to participate in the study. Of the 3051 individuals invited to participate, 2047 completed the questionnaire and physical examination components of the baseline assessment (response rate: 67%).<\/p>\r\n"}]},"startYear":2010,"access":["data","biosamples"],"markerPaper":"Kearney PM, Harrington JM, Mc Carthy VJ, Fitzgerald AP, Perry IJ. Cohort Profile: The Cork and Kerry Diabetes and Heart Disease Study. Int J Epidemiol. 2012 Sep 14.","pubmedId":"22984148","info":[{"lang":"en","value":"<p>All collected source data are maintained and stored at the study research office, in the Department of Epidemiology and Public&nbsp; Health, University College Cork, Ireland. Specific proposals for future collaboration would be welcomed. Further information&nbsp; can be found on the Centre for Diet and Health Research website, http:\/\/www.ucc.ie\/en\/hrbc\/projects\/cluster3 or by contacting c.phillips@ucc.ie<\/p>\r\n"}],"populations":[{"id":"11cfc235-d63f-42ed-b461-1fdad403ee6f","name":[{"lang":"en","value":"Mitchelstown Study Population"}],"description":[{"lang":"en","value":"<p>Baseline recruitment was completed on a cohort of 2047 men and women aged 50\u201369 years from patients attending a single large primary care centre, the Living Health Clinic in Mitchelstown, a town with a population of &gt;3000 in county Cork. The Living Health clinic includes eight GPs, and the practice serves a catchment area of 20 000, with a mix of urban and rural residents. Participants were randomly selected from all registered attending patients in the 50\u201369-year age group. In total, 3807 potential participants were selected from the practice list, and after exclusion of duplicates, deaths and ineligibles, 3043 were invited to participate in the study. Of the 3051 individuals invited to participate, 2047 completed the questionnaire and physical examination components of the baseline assessment (response rate: 67%).<\/p>\r\n"}],"recruitment":{"dataSources":["specific_population"],"specificPopulationSources":["clinic_patients"]},"selectionCriteria":{"ageMin":50,"ageMax":69,"countriesIso":["IRL"],"territory":[{"lang":"en","value":"<p>Counties Cork and Kerry<\/p>\r\n"}]},"numberOfParticipants":{"participant":{"noLimit":false,"number":2047},"sample":{"noLimit":false,"number":2047}},"dataCollectionEvents":[{"id":"77956fb7-06ba-4078-b3b3-681c42a6f028","name":[{"lang":"en","value":"Baseline"}],"description":[{"lang":"en","value":"<p>Baseline recruitment of the Mitchelstown cohort including questionnaire, physical and clinical measurements and blood sample collection.<\/p>\r\n\r\n<div>The questionnaire component of the study included a General Health Questionnaire (GHQ), the International Physical Activity Questionnaire, a Food Frequency Questionnaire, based on EPIC validated for use in an Irish population, the Adverse Childhood Experience (ACE), Centre for Epidemiologic Studies Depression Scale (CESD), and WHO Well Being Index and Hospital Anxiety and Depression Scale (HADS) which was completed by all participants. Ambulatory blood pressure (BP) monitoring was offered to all 2047 participants, and it was completed by 1189 (response rate: 58%). The physical examination included a range of anthropometric measurements, pulse and blood pressure. Ambulatory blood pressure monitoring was offered to all 2047 participants, and it was completed by 1189 (response rate: 58%). Objective measurement of physical activity with the GeneActiv accelerometer was introduced in the later stages of the first wave of the study. Of the 765 participants who were asked to wear an accelerometer, 464 agreed (response rate: 61%), most of whom wore the accelerometer for the full 7 days.<\/div>\r\n"}],"startYear":2010,"startMonth":3,"endYear":2011,"endMonth":4,"dataSources":["questionnaires","physical_measures","biological_samples"],"bioSamples":["blood"]}]}]}