{"id":"a67f4900-c8b0-4dfc-a7b0-39d1e6ec485e","name":[{"lang":"en","value":"International Mobility In Aging Study"}],"acronym":[{"lang":"en","value":"IMIAS"}],"logo":{"id":"96e3a193-10f6-4260-ab17-298dd7d95be1","fileName":"IMIAS.png","type":"logo","description":[{"lang":"en"}],"lang":"en","justUploaded":true},"investigators":[{"lastName":"Dr. Maria-Victoria Zunzunegui (Universit\u00e9 de Montr\u00e9al Public Health Research Institute (IRSPUM))","email":"maria.victoria.zunzunegui@umontreal.ca","phone":"(514) 343-6086","dataAccessCommitteeMember":false,"institution":{"name":[{"lang":"en","value":"Universit\u00e9 de Montr\u00e9al Public Health Research Institute (IRSPUM)"}],"address":{"street":[{"lang":"en","value":"7101 Parc Ave."}],"city":[{"lang":"en","value":"Montreal"}],"zip":"H3N 1X7","state":"Quebec","country":{"iso":"CA","name":[{"lang":"en","value":"Canada"}]}}}},{"lastName":"Dr. Beatriz Alvarado (Queen's University)","dataAccessCommitteeMember":false,"institution":{"name":[{"lang":"en","value":"Queen's University"}],"department":[{"lang":"en","value":"Department of Epidemiology and Community Health"}],"address":{"city":[{"lang":"en","value":"Kingston"}],"state":"Ontario","country":{"iso":"CA","name":[{"lang":"en","value":"Canada"}]}}}},{"lastName":"Dr. Susan Phillips (Queen\u2019s University)","dataAccessCommitteeMember":false,"institution":{"name":[{"lang":"en","value":"Queen\u2019s University"}],"department":[{"lang":"en","value":"Department of Family Medicine"}],"address":{"city":[{"lang":"en","value":"Kingston"}],"state":"Ontario","country":{"iso":"CA","name":[{"lang":"en","value":"Canada"}]}}}},{"lastName":"Dr. Angela Garcia (Queen\u2019s University)","dataAccessCommitteeMember":false,"institution":{"name":[{"lang":"en","value":"Queen\u2019s University"}],"department":[{"lang":"en","value":"Department of Geriatric Medicine and Neuroscience"}],"address":{"city":[{"lang":"en","value":"Kingston"}],"state":"Ontario","country":{"iso":"CA","name":[{"lang":"en","value":"Canada"}]}}}},{"lastName":"Dr. Nandini Deshpande (Queen\u2019s University)","dataAccessCommitteeMember":false,"institution":{"name":[{"lang":"en","value":"Queen\u2019s University"}],"department":[{"lang":"en","value":"Faculty of Health Sciences"}],"address":{"city":[{"lang":"en","value":"Kingston"}],"state":"Ontario","country":{"iso":"CA","name":[{"lang":"en","value":"Canada"}]}}}},{"lastName":"Dr. Ricardo Oliveira Guerra (Universidade Federal do Rio Grande do Norte)","dataAccessCommitteeMember":false,"institution":{"name":[{"lang":"en","value":"Universidade Federal do Rio Grande do Norte"}],"address":{"country":{"iso":"BR","name":[{"lang":"en","value":"Brazil"}]}}}},{"lastName":"Dr. Carmen Lucia Curco (University of Caldas)","dataAccessCommitteeMember":false,"institution":{"name":[{"lang":"en","value":"University of Caldas"}],"address":{"country":{"iso":"CO","name":[{"lang":"en","value":"Colombia"}]}}}},{"lastName":"Dr. Jose Fernando Gomez (University of Caldas)","dataAccessCommitteeMember":false,"institution":{"name":[{"lang":"en","value":"University of Caldas"}],"department":[{"lang":"en","value":"Research Group on Gerontology and Geriatrics"}],"address":{"country":{"iso":"CO","name":[{"lang":"en","value":"Colombia"}]}}}},{"lastName":"Dr. Jack Guralnik (University of Maryland)","dataAccessCommitteeMember":false,"institution":{"name":[{"lang":"en","value":"University of Maryland"}],"department":[{"lang":"en","value":"School of Medicine"}],"address":{"city":[{"lang":"en","value":"Baltimore"}],"state":"Maryland","country":{"iso":"US","name":[{"lang":"en","value":"United States"}]}}}},{"lastName":"Dr. Alban Ylli (Institute National de Sant\u00e9 Publique)","email":"albanylli@yahoo.co.uk","dataAccessCommitteeMember":false,"institution":{"name":[{"lang":"en","value":"Institute National de Sant\u00e9 Publique"}],"address":{"country":{"iso":"AL","name":[{"lang":"en","value":"Albania"}]}}}}],"contacts":[{"lastName":"Dr. Maria-Victoria Zunzunegui (Universit\u00e9 de Montr\u00e9al Public Health Research Institute (IRSPUM))","email":"maria.victoria.zunzunegui@umontreal.ca","phone":"(514) 343-6086","dataAccessCommitteeMember":false,"institution":{"name":[{"lang":"en","value":"Universit\u00e9 de Montr\u00e9al Public Health Research Institute (IRSPUM)"}],"address":{"street":[{"lang":"en","value":"7101 Parc Ave."}],"city":[{"lang":"en","value":"Montreal"}],"zip":"H3N 1X7","state":"Quebec","country":{"iso":"CA","name":[{"lang":"en","value":"Canada"}]}}}}],"objectives":[{"lang":"en","value":"<p>&nbsp;<\/p>\r\n\r\n<p>&nbsp;<\/p>\r\n\r\n<p>&nbsp;<\/p>\r\n\r\n<p><strong>Objectives:<\/strong><\/p>\r\n\r\n<div>\r\n<ol>\r\n\t<li style=\"margin: 0px; padding: 0px; background-color: transparent; border: 0px; vertical-align: baseline;\">To measure the magnitude of the sex\/gender gap in mobility and to increase understanding of sex\/gender differences in life-course exposures related to mobility.<\/li>\r\n\t<li style=\"margin: 0px; padding: 0px; background-color: transparent; border: 0px; vertical-align: baseline;\">To assess the mediating roles of chronic conditions and age-related stress and inflammatory responses between lifecourse exposures and mobility disability, considering sex\/gender specificities.<\/li>\r\n\t<li style=\"margin: 0px; padding: 0px; background-color: transparent; border: 0px; vertical-align: baseline;\">To assess the impact of potentially modifiable factors related to the social and economic environment (ie, family, neighbourhood, country) and including those with possible gender specific effects, on maintaining and restoring mobility in old age.<\/li>\r\n<\/ol>\r\n<\/div>\r\n\r\n<p>&nbsp;<\/p>\r\n"}],"website":"imias.umontreal.ca","specificAuthorization":{"authorized":false,"date":"1969-12-31T19:00:00-05:00"},"maelstromAuthorization":{"authorized":true,"authorizer":"Maria-Victoria Zunzunegui","date":"2012-11-16T00:00:00-05:00"},"methods":{"designs":["cohort_study"],"recruitments":["individuals"]},"numberOfParticipants":{"participant":{"noLimit":false,"number":2000},"sample":{"noLimit":false},"info":[{"lang":"en","value":"<p>400 participants targeted per site (5 sites) for a total of 2000 participants.&nbsp;<span style=\"line-height: 1.6em;\">Current number of participants recruited: 1820 (on November, 2012).<\/span><\/p>\r\n"}]},"startYear":2010,"endYear":2016,"access":["data","biosamples"],"markerPaper":"Gomez F, Zunzunegui M, Lord C, Alvarado B, Garcia A, Applicability of the MoCA-S test in populations with little education in Colombia. Int J Geriatr Psychiatry, 2012.","pubmedId":" 22996789","info":[{"lang":"en","value":"<p><strong>Other publications:<\/strong><\/p>\r\n\r\n<p>Mechakra-Tahiri SD, Freeman EE, Haddad S, Samson E, Zunzunegui MV, The gender gap in mobility: A global cross-sectional study. BMC Public Health, 2012. 12(1): p. 598. PMID: 22856611<\/p>\r\n\r\n<p>Freire AN, Guerra RO, Alvarado B, Guralnik JM, Zunzunegui MV, Validity and reliability of the short physical performance battery in two diverse older adult populations in Quebec and Brazil. J Aging Health, 2012. 24(5): p. 863-78. PMID: 22422762<\/p>\r\n"}],"populations":[{"id":"3df86818-409e-45cc-8968-d6167b929fb0","name":[{"lang":"en","value":"IMIAS Population"}],"description":[{"lang":"en","value":"<p>The IMIAS cohort consists of men and women between 65 and 74 years of age residing in four countries (Albania, Brazil, Canada, Columbia).<\/p>\r\n"}],"recruitment":{"dataSources":["general"]},"selectionCriteria":{"ageMin":65,"ageMax":74,"countriesIso":["ALB","BRA","CAN","COL"],"territory":[{"lang":"en","value":"<p>St-Hyacinthe,Quebec; Kingston, Ontario; Tirana, Albania; Natal, Brazil et Manizales, Colombia<\/p>\r\n"}]},"numberOfParticipants":{"participant":{"noLimit":false},"sample":{"noLimit":false}},"dataCollectionEvents":[{"id":"e238249c-3d11-4ad4-b90b-0f14a99e8e9d","name":[{"lang":"en","value":"Baseline Recruitment"}],"description":[{"lang":"en","value":""}],"startYear":2011,"endYear":2011,"dataSources":["questionnaires","physical_measures","biological_samples"],"bioSamples":["blood","saliva"]},{"id":"dcd3e5da-0e82-411d-9f09-80d70dbb5e68","name":[{"lang":"en","value":"Follow-up"}],"description":[{"lang":"en","value":""}],"startYear":2014,"endYear":2015,"dataSources":["questionnaires","physical_measures","biological_samples"],"bioSamples":["blood","saliva"]},{"id":"24b6bf68-a5c0-4488-a82b-2cce08819a50","name":[{"lang":"en","value":"Pilot"}],"description":[{"lang":"en","value":"<p>Pilot phase<\/p>\r\n"}],"startYear":2010,"endYear":2010,"dataSources":["questionnaires","physical_measures","biological_samples"],"bioSamples":["blood","saliva"]}]}]}