{"id":"441cdd2b-c395-48f1-9679-8cf2d6779639","name":[{"lang":"en","value":"Australian Longitudinal Study of Ageing (ALSA)"}],"acronym":[{"lang":"en","value":"ALSA"}],"investigators":[{"lastName":"Prof. Mary Luszcz (Flinders University)","email":"mary.luszcz@flinders.edu.au","phone":"+61 8 82012481","dataAccessCommitteeMember":false,"institution":{"name":[{"lang":"en","value":"Flinders University"}],"address":{"country":{"iso":"AU","name":[{"lang":"en","value":"Australia"}]}}}},{"lastName":"Dr. Lynne Giles (University of Adelaide)","email":"lynne.giles@adelaide.edu.au","phone":"+61 8 8313 0234","dataAccessCommitteeMember":false,"institution":{"name":[{"lang":"en","value":"University of Adelaide"}],"address":{"country":{"iso":"AU","name":[{"lang":"en","value":"Australia"}]}}}},{"lastName":"Dr. Tim Windsor (Flinders University)","email":"tim.windsor@flinders.edu.au","phone":"+61 8 82017588","dataAccessCommitteeMember":false,"institution":{"name":[{"lang":"en","value":"Flinders University"}],"address":{"country":{"iso":"AU","name":[{"lang":"en","value":"Australia"}]}}}},{"lastName":"Dr. Ruth Walker (Flinders University)","email":"ruth.walker@flinders.edu.au","phone":"+61 8 82017936","dataAccessCommitteeMember":false,"institution":{"name":[{"lang":"en","value":"Flinders University"}],"address":{"country":{"iso":"AU","name":[{"lang":"en","value":"Australia"}]}}}},{"lastName":"Dr. Michelle Miller (Flinders University)","email":"michelle.miller@flinders.edu.au","dataAccessCommitteeMember":false,"institution":{"name":[{"lang":"en","value":"Flinders University"}],"address":{"country":{"iso":"AU","name":[{"lang":"en","value":"Australia"}]}}}},{"lastName":"Prof. Denis Gerstorf (Humboldt-Universit\u00e4t zu Berlin)","email":"denis.gerstorf@hu-berlin.de","phone":"(030) 2093-9422","dataAccessCommitteeMember":false,"institution":{"name":[{"lang":"en","value":"Humboldt-Universit\u00e4t zu Berlin"}],"address":{"country":{"iso":"DE","name":[{"lang":"en","value":"Germany"}]}}}},{"lastName":"Prof. Christiane Hoppmann (University of British Columbia)","email":"choppmann@psych.ubc.ca","phone":"(604) 822-8428","dataAccessCommitteeMember":false,"institution":{"name":[{"lang":"en","value":"University of British Columbia"}],"address":{"country":{"iso":"CA","name":[{"lang":"en","value":"Canada"}]}}}},{"lastName":"Dr. Helena Chui (University of Bradford)","email":"h.chui@bradford.ac.uk","phone":"+44 (0)1274 23 3522","dataAccessCommitteeMember":false,"institution":{"name":[{"lang":"en","value":"University of Bradford"}],"department":[{"lang":"en","value":"Psychology"}],"address":{"country":{"iso":"GB","name":[{"lang":"en","value":"United Kingdom"}]}}}}],"contacts":[{"lastName":"Penny Edwards (Flinders University)","email":"penny.edwards@flinders.edu.u","phone":"+61 8 82017567","dataAccessCommitteeMember":false,"institution":{"name":[{"lang":"en","value":"Flinders University"}],"address":{"country":{"iso":"AU","name":[{"lang":"en","value":"Australia"}]}}}}],"objectives":[{"lang":"en","value":"<p>The general purpose of the ALSA study is to gain further understanding of how social, biomedical and environmental factors are associated with age related changes in health and well-being of persons aged 70 years and over. Emphasis is given in the overall study to defining and exploring the concept of healthy, active ageing, particularly in a South Australian context. The research has a number of specific objectives. These include:<\/p>\r\n\r\n<ul>\r\n\t<li>determination of levels of health and functional status of an older population and to track the changes in these characteristics over time<\/li>\r\n\t<li>identification of factors which promote and maintain health and well-being in an ageing population<\/li>\r\n\t<li>identification of risk factors for major morbid conditions and social, behavioural and other problems among an ageing population<\/li>\r\n\t<li>analysis of the effects on transitions in health and functional status of age, gender, different patterns of co-morbidity, availability and nature of informal and formal support arrangements, social and economic circumstances, health care provision and utilisation and other variables of interest<\/li>\r\n\t<li>assessment of the effects of disease processes on functional status and the demand for health care services and both informal and formal long term care<\/li>\r\n\t<li>examination of the patterns of, the need for, and the utilisation of informal and formal sources of long-term care as they relate to social support networks, economic and housing conditions, care giving arrangements and the availability of appropriate services and<\/li>\r\n\t<li>examination of mortality outcomes in the light of changes in health and functional status, medical interventions, self-assessed health, social networks, and individual psychological characteristics<\/li>\r\n<\/ul>\r\n"}],"website":"http:\/\/www.flinders.edu.au\/sabs\/fcas\/alsa\/","specificAuthorization":{"authorized":true,"date":"2014-04-15T00:00:00-04:00"},"maelstromAuthorization":{"authorized":false,"date":"1969-12-31T19:00:00-05:00"},"methods":{"designs":["cohort_study"],"recruitments":["individuals"],"info":[{"lang":"en","value":"<p>ALSA also&nbsp;include spouses of married couples.<\/p>\r\n"}]},"numberOfParticipants":{"participant":{"noLimit":false,"number":2087},"sample":{"noLimit":false}},"startYear":1992,"access":["data","biosamples"],"markerPaper":"Andrews, G., Cheok, F., & Carr, S. (1989). The Australian Longitudinal Study of Ageing. Australian Journal on Ageing, 8, 31-35.","populations":[{"id":"887b7fe9-b144-442e-8ccd-eb7c65360079","name":[{"lang":"en","value":"ALSA population"}],"description":[{"lang":"en","value":"<p>The primary sample of the older old adults (70 and older) was randomly drawn from the database of the South Australian Electoral Roll. Persons in the older age groups as well as males were deliberately over sampled to compensate for the higher mortality that could be expected over the study period. study period. In addition, spouses of primary respondents (aged 65 and over) and other household members aged 70 and over were asked to participate.<\/p>\r\n"}],"recruitment":{"dataSources":["general"],"generalPopulationSources":["selected_samples"],"info":[{"lang":"en","value":"<div>Participants were drawn from the database of the South Australian Electoral Roll.<\/div>\r\n"}]},"selectionCriteria":{"ageMin":65,"countriesIso":["AUS"]},"numberOfParticipants":{"participant":{"noLimit":false,"number":2087},"sample":{"noLimit":false}},"dataCollectionEvents":[{"id":"6d5905c7-fac7-4dce-a1bd-c64f463da793","name":[{"lang":"en","value":"ALSA Pilot study"}],"description":[{"lang":"en","value":"<p>A comprehensive questionnaire, Dietary Instrument, Psychological Inventories, Clinical Assessment Battery and Laboratory studies.<\/p>\r\n"}],"startYear":1988,"startMonth":2,"endYear":1988,"endMonth":6,"dataSources":["questionnaires","physical_measures"]},{"id":"2679b2a7-bcbc-4ce5-96f4-50de0d227b77","name":[{"lang":"en","value":"ALSA Wave 1"}],"description":[{"lang":"en","value":"<p>A comprehensive personal interview and assessment of neuropsychological and physiological functions was undertaken at each person's home, supplemented by self-completed questionnaires, biochemistry, and additional clinical studies of physical function.<\/p>\r\n"}],"startYear":1992,"startMonth":9,"endYear":1993,"endMonth":3,"dataSources":["questionnaires","physical_measures"],"attachments":[{"id":"1af5fad1-de1f-4076-8676-2dfb89a01b73","fileName":"Wave 1.pdf","type":"questionnaire","description":[{"lang":"en","value":""}],"lang":"en","justUploaded":true}]},{"id":"7283a41a-361f-4c3b-98bf-2eb3fd6f8850","name":[{"lang":"en","value":"ALSA Wave 10"}],"description":[{"lang":"en","value":"<p>Follow-up of participants. Short face to face interviews of about 20-30 minutes duration focussed on major intervening life events and changes in marital status, accommodation, health, and activities of daily living.<\/p>\r\n"}],"startYear":2008,"startMonth":11,"endYear":2009,"endMonth":5,"dataSources":["questionnaires"],"attachments":[{"id":"f51e1a94-4b10-479e-bca3-2294bb4f06dc","fileName":"Wave 10.pdf","type":"questionnaire","description":[{"lang":"en","value":""}],"lang":"en","justUploaded":true}]},{"id":"447a8f9b-735c-4b4c-bf76-a32e319e21f3","name":[{"lang":"en","value":"ALSA Wave 11"}],"description":[{"lang":"en","value":"<p>Follow-up of participants. Full face to face interviews and clinical assessments conducted in the participant\u2019s place of residence.<\/p>\r\n"}],"startYear":2010,"startMonth":5,"endYear":2010,"endMonth":11,"dataSources":["questionnaires","physical_measures"],"attachments":[{"id":"8e944144-0729-4772-83a3-d9ada548b74c","fileName":"Wave 11.pdf","type":"questionnaire","description":[{"lang":"en","value":""}],"lang":"en","justUploaded":true}]},{"id":"d4fbf2c5-1807-4b81-abd5-d44c896070c8","name":[{"lang":"en","value":"ALSA Wave 2"}],"description":[{"lang":"en","value":"<p>Follow-up of participants. Short telephone interviews of about 20-30 minutes duration&nbsp;focussed on major intervening life events and changes in marital status, accommodation, health, and activities of daily living.<\/p>\r\n"}],"startYear":1993,"startMonth":9,"endYear":1994,"endMonth":4,"dataSources":["questionnaires"],"attachments":[{"id":"e9731ffc-d84b-48ef-bd73-9c9fa10142db","fileName":"Wave 2.pdf","type":"questionnaire","description":[{"lang":"en","value":""}],"lang":"en","justUploaded":true}]},{"id":"f5a5b924-8251-485d-961f-e963d508eb30","name":[{"lang":"en","value":"ALSA Wave 3"}],"description":[{"lang":"en","value":"<p>Follow-up of participants. Full face to face interviews and clinical assessments conducted in the participant\u2019s place of residence.<\/p>\r\n"}],"startYear":1994,"startMonth":9,"endYear":1995,"endMonth":2,"dataSources":["questionnaires","physical_measures"],"attachments":[{"id":"b3613888-028d-4b2a-afeb-d13144ae7610","fileName":"Wave 3.pdf","type":"questionnaire","description":[{"lang":"en","value":""}],"lang":"en","justUploaded":true}]},{"id":"5a3b30c6-dd9b-45a4-bade-eb3db8469552","name":[{"lang":"en","value":"ALSA Wave 4"}],"description":[{"lang":"en","value":"<p>Follow-up of participants. Short telephone interviews of about 20-30 minutes duration&nbsp;focussed on major intervening life events and changes in marital status, accommodation, health, and activities of daily living.<\/p>\r\n"}],"startYear":1995,"startMonth":9,"endYear":1996,"endMonth":12,"dataSources":["questionnaires"],"attachments":[{"id":"061b04b2-4e12-4a21-aa87-10f8fe430763","fileName":"Wave 4.pdf","type":"questionnaire","description":[{"lang":"en","value":""}],"lang":"en","justUploaded":true}]},{"id":"c224a7aa-f016-4f27-8802-364f5205d207","name":[{"lang":"en","value":"ALSA Wave 5"}],"description":[{"lang":"en","value":"<p>Follow-up of participants. Short telephone interviews of about 20-30 minutes duration focussed on major intervening life events and changes in marital status, accommodation, health, and activities of daily living.<\/p>\r\n"}],"startYear":1998,"startMonth":2,"endYear":1998,"endMonth":4,"dataSources":["questionnaires"],"attachments":[{"id":"c7d25821-691a-4706-b5fc-4d988187d39a","fileName":"Wave 5.pdf","type":"questionnaire","description":[{"lang":"en","value":""}],"lang":"en","justUploaded":true}]},{"id":"074b5e67-2d2e-4e17-84d5-a5f3d2538135","name":[{"lang":"en","value":"ALSA Wave 8"}],"description":[{"lang":"en","value":"<p>Follow-up of participants. Short telephone interviews of about 20-30 minutes duration&nbsp;focussed on major intervening life events and changes in marital status, accommodation, health, and activities of daily living.<\/p>\r\n"}],"startYear":2005,"startMonth":11,"endYear":2006,"endMonth":3,"dataSources":["questionnaires"],"attachments":[{"id":"2a47228e-c1ba-4b04-a2b5-bf9704329698","fileName":"Wave 8.pdf","type":"questionnaire","description":[{"lang":"en","value":""}],"lang":"en","justUploaded":true}]},{"id":"444ae7c8-4d85-47ca-a52f-dfcbe560bed9","name":[{"lang":"en","value":"ALSA wave 6"}],"description":[{"lang":"en","value":"<p>Follow-up of participants. Full face to face interviews and clinical assessments conducted in the participant\u2019s place of residence.<\/p>\r\n"}],"startYear":2000,"startMonth":9,"endYear":2001,"endMonth":2,"dataSources":["questionnaires","physical_measures"],"attachments":[{"id":"1adfe5d8-e1ef-4a68-851c-f02b0407d696","fileName":"Wave 6.pdf","type":"questionnaire","description":[{"lang":"en","value":""}],"lang":"en","justUploaded":true}]},{"id":"df7c6bd2-6f0d-4121-918c-42eca23b7e78","name":[{"lang":"en","value":"ALSA wave 7"}],"description":[{"lang":"en","value":"<p>Follow-up of participants. Full face to face interviews and clinical assessments conducted in the participant\u2019s place of residence.<\/p>\r\n"}],"startYear":2003,"startMonth":9,"endYear":2004,"endMonth":4,"dataSources":["questionnaires","physical_measures"],"attachments":[{"id":"a6a3879c-6be5-4626-9986-a6f21f56d43c","fileName":"Wave 7.pdf","type":"questionnaire","description":[{"lang":"en","value":""}],"lang":"en","justUploaded":true}]},{"id":"5e91c63c-1645-4ad1-b83d-52d4fae2311c","name":[{"lang":"en","value":"ALSA wave 9"}],"description":[{"lang":"en","value":"<p>Follow-up of participants. Full face to face interviews and clinical assessments conducted in the participant\u2019s place of residence.<\/p>\r\n"}],"startYear":2007,"startMonth":5,"endYear":2008,"endMonth":7,"dataSources":["questionnaires","physical_measures"],"attachments":[{"id":"851b41d7-51dd-4d81-a81e-88857aecf173","fileName":"Wave 9.pdf","type":"questionnaire","description":[{"lang":"en","value":""}],"lang":"en","justUploaded":true}]},{"id":"3350f7dc-1161-4306-aa50-99939003aabe","name":[{"lang":"en","value":"ALSA Wave 12"}],"description":[{"lang":"en","value":"<p>Follow-up of participants. Full face to face interviews and clinical assessments conducted in the participant\u2019s place of residence.<\/p>\r\n"}],"startYear":2013,"startMonth":3,"endYear":2013,"endMonth":9,"dataSources":["questionnaires","physical_measures"],"attachments":[{"id":"c3cb7484-ab78-4662-99e9-140b1afea31f","fileName":"Wave 12.pdf","type":"questionnaire","description":[{"lang":"en","value":""}],"lang":"en","justUploaded":true}]},{"id":"206af9e3-11af-4c11-b016-912a42546685","name":[{"lang":"en","value":"ALSA Wave 13"}],"description":[{"lang":"en","value":"<p>Follow-up of participants. Short face to face interviews of about 20-30 minutes duration focussed on major intervening life events and changes in marital status, accommodation, health, and activities of daily living.<\/p>\r\n"}],"startYear":2014,"startMonth":3,"endYear":2014,"endMonth":5,"dataSources":["questionnaires"],"attachments":[{"id":"4b432889-119f-451c-91a0-a8e143a157d4","fileName":"Wave 13.pdf","type":"questionnaire","description":[{"lang":"en","value":""}],"lang":"en","justUploaded":true}]}]}]}