{"id":"55e211ca-7663-46c6-9936-9f10cfcfeed2","name":[{"lang":"en","value":"Longitudinal Aging Study Amsterdam (LASA)"}],"acronym":[{"lang":"en","value":"LASA"}],"logo":{"id":"6f69158f-8fe2-4561-9458-cfc004be017a","fileName":"lasa_logo.jpg","type":"logo","description":[{"lang":"en"}],"lang":"en","justUploaded":true},"investigators":[{"lastName":"Dr. Marja Aartsen (VU University Amsterdam)","email":"m.j.aartsen@vu.nl","phone":"+31 20 59 86784","dataAccessCommitteeMember":false,"institution":{"name":[{"lang":"en","value":"VU University Amsterdam"}],"address":[]}},{"lastName":"Dr. Marjolein Broese van Groenou (VU University Amsterdam)","email":"m.i.broesevangroenou@vu.nl","phone":"+31 20 59 86898","dataAccessCommitteeMember":false,"institution":{"name":[{"lang":"en","value":"VU University Amsterdam"}],"address":[]}},{"lastName":"Dr. Hannie Comijs (VU University medical centre Amsterdam)","dataAccessCommitteeMember":false,"institution":{"name":[{"lang":"en","value":"VU University medical centre Amsterdam"}],"address":[]}},{"lastName":"Dr. Natasja van Schoor (VU University medical centre Amsterdam)","dataAccessCommitteeMember":false,"institution":{"name":[{"lang":"en","value":"VU University medical centre Amsterdam"}],"address":[]}}],"contacts":[{"lastName":"Dr. Dorly Deeg (VU University medical centre Amsterdam)","email":"djh.deeg@vumc.nl","dataAccessCommitteeMember":false,"institution":{"name":[{"lang":"en","value":"VU University medical centre Amsterdam"}],"address":[]}}],"objectives":[{"lang":"en","value":"<p>LASA is designed to be an interdisciplinary, longitudinal study. Although basically scientific in nature, the study should provide a basis for developing and evaluating (central and local government) policy in the field of aging. The global objective of current policy in the field of aging can be formulated as enhancing the autonomy and quality of life of older persons. It is expected that by using longitudinal data, policy relevant aspects of aging can be identified and new policy aims can be developed. Moreover, assumptions from which policy measures are developed can be tested, and effects of policy changes can be assessed prospectively. LASA is primarily an observational study; the database will allow testing of various specific hypotheses. Full intervention studies will not be included in LASA.<\/p>\r\n"}],"website":"http:\/\/www.lasa-vu.nl\/","specificAuthorization":{"authorized":true,"authorizer":"Dorly Deeg","date":"2014-08-13T00:00:00-04:00"},"maelstromAuthorization":{"authorized":true,"authorizer":"Dorly Deeg","date":"2014-08-13T00:00:00-04:00"},"methods":{"designs":["cohort_study"],"followUpInfo":[{"lang":"en","value":"<p>Every three years, the participants are re-examined.<\/p>\r\n"}],"recruitments":["individuals"]},"numberOfParticipants":{"participant":{"noLimit":false,"number":5132},"sample":{"noLimit":false,"number":4188}},"startYear":1992,"access":["data","biosamples"],"markerPaper":"Huisman M, Poppelaars J, van der Horst M, Beekman AT, Brug J, van Tilburg TG,  Deeg DJ. Cohort profile: the Longitudinal Aging Study Amsterdam. Int J Epidemiol. 2011 Aug;40(4):868-76.","pubmedId":"21216744","info":[{"lang":"en","value":"<p>See&nbsp;http:\/\/www.lasa-vu.nl\/community\/staff\/LASAstaff.html for a complete list of LASA staff.<\/p>\r\n\r\n<p>Function of investigators:<\/p>\r\n\r\n<ul>\r\n\t<li>Dr Dorly Deeg&nbsp;(principal investigator)<\/li>\r\n\t<li>Dr Marja Aartsen (head of group on social functioning)<\/li>\r\n\t<li>Dr Marjolein Broese van Groenou ( head of group use of care)<\/li>\r\n\t<li>Dr Hannie Comijs (head of group on emotional and cognitive functioning)<\/li>\r\n\t<li>Dr Natasja van Schoor (co-head of group on physical functioning)<\/li>\r\n<\/ul>\r\n"}],"populations":[{"id":"2896a5e0-6ea6-41fb-b74e-8377bb367475","name":[{"lang":"en","value":"LASA first Cohort"}],"description":[{"lang":"en","value":"<p>The LASA cohort is based on a nationally representative sample of older adults aged 55\u201385 years (years of birth 1908\u201337), based in three geographic regions in The Netherlands. These three regions were selected so that an optimal representation of the older Dutch population would be achieved, with respondents from the protestant north-east, the catholic south and secular parts of The Netherlands and from both urbanized and rural areas within each of these regions. The sample was recruited from municipal registries in 1992, with an oversampling of older people and older men in particular.<\/p>\r\n"}],"recruitment":{"dataSources":["exist_studies"],"studies":[{"localizedStrings":[{"lang":"en","value":"NESTOR study on Living Arrangements and Social Networks (LSN)"}]}]},"selectionCriteria":{"ageMin":55,"ageMax":85,"countriesIso":["NLD"],"territory":[{"lang":"en","value":"<p>Amsterdam, Wormerland, Waterland (three municipalities in the West), Zwolle, Ommen, Genemuiden, Zwartsluis, Hasselt (North-East), and Oss, Uden, Boekel (South)<\/p>\r\n"}]},"numberOfParticipants":{"participant":{"noLimit":false,"number":3107},"sample":{"noLimit":false,"number":2840}},"dataCollectionEvents":[{"id":"4ccc8327-65e0-4268-b807-393af31a8f23","name":[{"lang":"en","value":"LASA Wave B"}],"description":[{"lang":"en","value":"<p>Face-to-face interview.<\/p>\r\n"}],"startYear":1992,"startMonth":9,"endYear":1993,"endMonth":9,"dataSources":["questionnaires","physical_measures","biological_samples"],"bioSamples":["blood"]},{"id":"ff9f8706-e816-45e9-9fc8-3303373f1b6d","name":[{"lang":"en","value":"LASA Wave C"}],"description":[{"lang":"en","value":"<p>Main face-to-face&nbsp;interview, medical in-home interview and a telephone interview with a respondend or a proxy.<\/p>\r\n"}],"startYear":1995,"startMonth":9,"endYear":1996,"endMonth":10,"dataSources":["questionnaires","physical_measures","biological_samples"],"bioSamples":["blood"]},{"id":"ea8364cc-fabd-44f8-9adf-9933dd255203","name":[{"lang":"en","value":"LASA Wave D"}],"description":[{"lang":"en","value":"<p>Main face-to-face&nbsp;interview, medical in-home interview and a telephone interview with a respondend or a proxy.<\/p>\r\n"}],"startYear":1998,"startMonth":9,"endYear":1999,"endMonth":10,"dataSources":["questionnaires","physical_measures"]},{"id":"11b78e6c-1423-4539-8862-4f32208c05e4","name":[{"lang":"en","value":"LASA Wave E"}],"description":[{"lang":"en","value":"<p>Main face-to-face&nbsp;interview, medical in-home interview and a telephone interview with a respondend or a proxy.<\/p>\r\n"}],"startYear":2001,"startMonth":9,"endYear":2002,"endMonth":10,"dataSources":["questionnaires","physical_measures"]},{"id":"07ec90a7-aacc-42da-9b03-6c823fdb8031","name":[{"lang":"en","value":"LASA Wave F"}],"description":[{"lang":"en","value":"<p>Main face-to-face&nbsp;interview, medical in-home interview and a telephone interview with a respondend or a proxy.<\/p>\r\n"}],"startYear":2005,"startMonth":9,"endYear":2006,"endMonth":10,"dataSources":["questionnaires","physical_measures"]},{"id":"0a8547f1-ebf5-4c6c-b8dd-58a99e2854f2","name":[{"lang":"en","value":"LASA Wave G"}],"description":[{"lang":"en","value":"<p>Main face-to-face&nbsp;interview, medical in-home interview and a telephone interview with a respondend or a proxy.<\/p>\r\n"}],"startYear":2008,"startMonth":9,"endYear":2009,"endMonth":10,"dataSources":["questionnaires","physical_measures"]},{"id":"5ca1efc3-53a7-451a-8065-ddcfc0c93241","name":[{"lang":"en","value":"LASA wave H"}],"description":[{"lang":"en","value":"<p>Main face-to-face interview, medical in-home interview and a telephone interview with the respondent or a proxy.<\/p>\r\n\r\n<p>Total response for this wave = 1522 (First and second cohort)<\/p>\r\n"}],"startYear":2011,"startMonth":9,"endYear":2012,"endMonth":10,"dataSources":["questionnaires","physical_measures"]}]},{"id":"576dc605-1bc2-49de-b4b7-f5e88f9dd602","name":[{"lang":"en","value":"LASA second Cohort"}],"description":[{"lang":"en","value":"<p>Nationally representative sample of older adults aged 55-65&nbsp;years (Years of birth 1938-1947). Same sampling frame as the first cohort.&nbsp;<\/p>\r\n"}],"recruitment":{"dataSources":["general"],"generalPopulationSources":["volunteer"]},"selectionCriteria":{"ageMin":55,"ageMax":65,"countriesIso":["NLD"],"territory":[{"lang":"en","value":"<p>Amsterdam, Wormerland, Waterland (three municipalities in the West), Zwolle, Ommen, Genemuiden, Zwartsluis, Hasselt (North-East), and Oss, Uden, Boekel (South)<\/p>\r\n"}]},"numberOfParticipants":{"participant":{"noLimit":false,"number":1002},"sample":{"noLimit":false,"number":748}},"dataCollectionEvents":[{"id":"07ec90a7-aacc-42da-9b03-6c823fdb8031","name":[{"lang":"en","value":"LASA Wave F"}],"description":[{"lang":"en","value":"<p>Main face-to-face&nbsp;interview, medical in-home interview and a telephone interview with a respondend or a proxy.<\/p>\r\n"}],"startYear":2005,"startMonth":9,"endYear":2006,"endMonth":10,"dataSources":["questionnaires","physical_measures"]},{"id":"0a8547f1-ebf5-4c6c-b8dd-58a99e2854f2","name":[{"lang":"en","value":"LASA Wave G"}],"description":[{"lang":"en","value":"<p>Main face-to-face&nbsp;interview, medical in-home interview and a telephone interview with a respondend or a proxy.<\/p>\r\n"}],"startYear":2008,"startMonth":9,"endYear":2009,"endMonth":10,"dataSources":["questionnaires","physical_measures"]},{"id":"5ca1efc3-53a7-451a-8065-ddcfc0c93241","name":[{"lang":"en","value":"LASA wave H"}],"description":[{"lang":"en","value":"<p>Main face-to-face interview, medical in-home interview and a telephone interview with the respondent or a proxy.<\/p>\r\n\r\n<p>Total response for this wave = 1522 (First and second cohort)<\/p>\r\n"}],"startYear":2011,"startMonth":9,"endYear":2012,"endMonth":10,"dataSources":["questionnaires","physical_measures"]},{"id":"fa71d1bd-7db4-4aad-af09-c1b37b5696dc","name":[{"lang":"en","value":"LASA2 Wave A\/B"}],"description":[{"lang":"en","value":"<p>Main face-to-face interview and medical in-home interview.<\/p>\r\n"}],"startYear":2002,"startMonth":9,"endYear":2003,"endMonth":9,"dataSources":["questionnaires","physical_measures","biological_samples"],"bioSamples":["blood"]}]},{"id":"f2af51c0-b1c0-4220-a57c-e5f419458f37","name":[{"lang":"en","value":"LASA third cohort"}],"description":[{"lang":"en","value":"<p><span>Nationally representative sample of older adults aged 55-65&nbsp;years.<\/span><span>&nbsp;Same sampling frame as the first cohort.&nbsp;<\/span><\/p>\r\n"}],"recruitment":{"dataSources":["general"],"generalPopulationSources":["volunteer"]},"selectionCriteria":{"ageMin":55,"ageMax":65,"countriesIso":["NLD"],"territory":[{"lang":"en","value":"<p>Amsterdam, Wormerland, Waterland (three municipalities in the West), Zwolle, Ommen, Genemuiden, Zwartsluis, Hasselt (North-East), and Oss, Uden, Boekel (South)<\/p>\r\n"}]},"numberOfParticipants":{"participant":{"noLimit":false,"number":1023},"sample":{"noLimit":false,"number":600}},"dataCollectionEvents":[{"id":"7389a79d-2a24-4740-a394-3f818193a402","name":[{"lang":"en","value":"LASA3 wave A\/B"}],"description":[{"lang":"en","value":"<p>Main face-to-face interview, medical in-home interview<\/p>\r\n"}],"startYear":2012,"startMonth":10,"endYear":2014,"endMonth":6,"dataSources":["questionnaires","physical_measures","biological_samples"],"bioSamples":["blood"]}]}]}